# RadCal SD array, extracted from FDS Source/rcal.f90.
# source: https://raw.githubusercontent.com/firemodels/fds/61bd9cc6317ea4f47f46de3d52268e858f0ca8b0/Source/rcal.f90
# retrieved: 2026-09-22
# reference: W. L. Grosshandler (1993), 'RadCal: A Narrow-Band Model for Radiation Calculations in a Combustion Environment', NIST Technical Note 1402; as implemented in FDS Source/rcal.f90
# licence: public domain (a work of the US federal government).
# STATUS: REFERENCE DATA -- transcribed, not modelled and not measured here.
# note: H2O narrow-band mean absorption coefficient. RadCal's H2O routine is a bilinear interpolation in this table over (temperature, wavenumber) and nothing else.
# units: cm-1 per atm of partial pressure, referred to STP density (NASA SP-3080).
wavenumber_cm-1,k_300K,k_600K,k_1000K,k_1500K,k_2000K,k_2500K
50,0.95,0.103,0.042,0.0114,0.0045,0.003
75,2.08,0.365,0.113,0.0375,0.0195,0.0134
100,3.68,0.99,0.3,0.104,0.0577,0.0365
125,6.5,2.01,0.65,0.214,0.128,0.0845
150,8.25,3.25,1.21,0.415,0.26,0.168
175,8.7,4.52,1.89,0.765,0.45,0.289
200,8.1,5.4,2.61,1.26,0.695,0.46
225,6.82,6,3.37,1.79,1.01,0.679
250,4.93,6.22,4.07,2.3,1.35,0.935
275,3.16,5.92,4.56,2.81,1.72,1.22
300,1.99,5.28,4.79,3.28,2.13,1.49
325,1.13,4.5,4.84,3.61,2.49,1.79
350,0.585,3.7,4.71,3.83,2.84,2.08
375,0.293,2.89,4.43,3.94,3.12,2.37
400,0.138,2.05,4,3.96,3.3,2.6
425,0.062,1.43,3.47,3.88,3.41,2.8
450,0.0255,0.95,2.92,3.7,3.45,2.95
475,0.0094,0.61,2.36,3.43,3.42,3.04
500,0.0034,0.386,1.88,3.1,3.34,3.09
525,0.00105,0.236,1.45,2.74,3.19,3.07
550,0.00035,0.144,1.1,2.38,3,3.01
575,0.000126,0.082,0.818,2.04,2.76,2.89
600,4.3e-05,0.0445,0.598,1.74,2.48,2.75
625,1.5e-05,0.0242,0.427,1.45,2.22,2.6
650,5.1e-06,0.0127,0.294,1.18,1.95,2.41
675,1.7e-06,0.0063,0.2,0.95,1.69,2.21
700,5.7e-07,0.003,0.134,0.748,1.46,2
725,1.95e-07,0.0014,0.0902,0.58,1.24,1.78
750,6.8e-08,0.00062,0.059,0.443,1.03,1.56
775,3.85e-08,0.000275,0.045,0.33,0.845,1.36
800,6.7e-08,0.000113,0.0355,0.242,0.695,1.17
825,1.13e-07,5e-05,0.0289,0.174,0.56,1
850,1.95e-07,2.3e-05,0.0245,0.123,0.45,0.855
875,3.28e-07,1.03e-05,0.0214,0.1,0.357,0.718
900,5.6e-07,4.6e-06,0.0189,0.083,0.278,0.595
925,9.5e-07,2.05e-06,0.0174,0.073,0.239,0.492
950,1.6e-06,1.4e-06,0.0166,0.0665,0.211,0.405
975,2.75e-06,3.5e-06,0.0165,0.063,0.195,0.352
1000,4.7e-06,8.5e-06,0.0167,0.062,0.19,0.312
1025,8.1e-06,2.15e-05,0.0175,0.063,0.191,0.289
1050,1.36e-05,5.7e-05,0.0188,0.0675,0.194,0.281
1075,2.35e-05,0.00015,0.0208,0.0745,0.202,0.283
1100,4e-05,0.00038,0.0233,0.0865,0.223,0.314
1125,6.8e-05,0.00095,0.0268,0.122,0.26,0.38
1150,0.00012,0.00245,0.0343,0.176,0.328,0.461
1175,0.0002,0.0062,0.0638,0.251,0.411,0.511
1200,0.000365,0.014,0.107,0.33,0.458,0.542
1225,0.00068,0.033,0.166,0.405,0.487,0.571
1250,0.0013,0.0635,0.244,0.459,0.535,0.557
1275,0.0025,0.123,0.341,0.477,0.502,0.562
1300,0.005,0.212,0.407,0.547,0.531,0.514
1325,0.0103,0.285,0.489,0.592,0.497,0.486
1350,0.0219,0.328,0.491,0.558,0.489,0.485
1375,0.0485,0.345,0.505,0.521,0.477,0.484
1400,0.114,0.361,0.538,0.563,0.503,0.502
1425,0.249,0.46,0.621,0.624,0.538,0.538
1450,0.397,0.569,0.749,0.768,0.581,0.565
1475,0.418,0.627,0.824,0.849,0.64,0.594
1500,1.08,1.25,1.13,0.94,0.807,0.663
1525,1.65,1.55,1.18,0.67,0.562,0.483
1550,1.42,0.675,0.557,0.349,0.276,0.263
1575,0.451,0.202,0.132,0.118,0.134,0.156
1600,0.0603,0.0538,0.0863,0.112,0.12,0.125
1625,0.501,0.252,0.118,0.112,0.131,0.14
1650,0.73,0.43,0.237,0.191,0.171,0.17
1675,1.49,0.506,0.294,0.238,0.21,0.201
1700,1,0.553,0.434,0.34,0.26,0.22
1725,0.802,0.658,0.528,0.411,0.3,0.24
1750,0.58,0.527,0.46,0.378,0.322,0.283
1775,0.33,0.403,0.43,0.356,0.318,0.27
1800,0.25,0.393,0.405,0.342,0.301,0.275
1825,0.147,0.249,0.313,0.318,0.291,0.268
1850,0.091,0.252,0.298,0.295,0.269,0.253
1875,0.058,0.158,0.214,0.244,0.244,0.245
1900,0.037,0.113,0.184,0.218,0.214,0.218
1925,0.0244,0.118,0.156,0.188,0.195,0.2
1950,0.0162,0.0606,0.0976,0.141,0.166,0.179
1975,0.0112,0.0425,0.0903,0.133,0.148,0.156
2000,0.0078,0.04,0.0765,0.112,0.129,0.137
2025,0.0054,0.0352,0.0647,0.0876,0.11,0.118
2050,0.0038,0.0252,0.0507,0.0705,0.0888,0.1
2075,0.0026,0.0179,0.0377,0.0546,0.0724,0.0828
2100,0.0018,0.0123,0.0294,0.0443,0.0608,0.0686
2125,0.00127,0.0085,0.0212,0.0378,0.0579,0.064
2150,0.00088,0.0068,0.0152,0.0275,0.0449,0.0521
2175,0.0062,0.004,0.0107,0.0214,0.0374,0.0453
2200,0.00048,0.00298,0.00931,0.0189,0.0329,0.0403
2225,0.000405,0.00175,0.00696,0.0152,0.0295,0.0365
2250,0.000321,0.0012,0.00452,0.0101,0.0252,0.0331
2275,0.000229,0.000721,0.00364,0.0093,0.0225,0.0305
2300,0.000195,0.000544,0.00318,0.0075,0.0202,0.0284
2325,0.000154,0.000375,0.00185,0.00603,0.0175,0.0269
2350,0.000101,0.000263,0.00119,0.0048,0.0156,0.0253
2375,8.52e-05,0.000185,0.000909,0.0036,0.0133,0.0241
2400,7.63e-05,0.000137,0.000711,0.00316,0.0122,0.0237
2425,6.15e-05,0.000126,0.00061,0.00257,0.0101,0.0218
2450,4.8e-05,0.000113,0.000518,0.00201,0.0092,0.02
2475,3.72e-05,0.000106,0.000435,0.00168,0.00785,0.0183
2500,3.55e-05,0.000101,0.000376,0.00168,0.00669,0.0166
2525,3.58e-05,9.9e-05,0.000366,0.00167,0.00651,0.0156
2550,3.89e-05,0.000102,0.000376,0.00167,0.00641,0.0152
2575,4.22e-05,0.000106,0.000373,0.00168,0.00656,0.015
2600,5.21e-05,0.000111,0.000371,0.0017,0.00673,0.0152
2625,6.46e-05,0.000121,0.000384,0.00179,0.00798,0.0179
2650,7.42e-05,0.000129,0.000479,0.00201,0.00788,0.0175
2675,9.53e-05,0.000165,0.000544,0.00249,0.00945,0.0204
2700,0.000101,0.00019,0.000761,0.00324,0.0106,0.0231
2725,0.000147,0.000272,0.000892,0.00441,0.0125,0.0257
2750,0.000195,0.000326,0.001,0.00499,0.0147,0.0295
2775,0.000261,0.000421,0.00145,0.00568,0.0161,0.0306
2800,0.000305,0.000515,0.00195,0.00754,0.0185,0.0363
2825,0.000362,0.000645,0.00237,0.0083,0.0205,0.0373
2850,0.000507,0.00085,0.00274,0.00888,0.0234,0.0431
2875,0.000799,0.00118,0.00322,0.011,0.0262,0.0451
2900,0.000935,0.0016,0.00386,0.0126,0.0292,0.053
2925,0.00108,0.00231,0.00451,0.014,0.0306,0.0536
2950,0.00192,0.00271,0.00563,0.0159,0.0357,0.0629
2975,0.00263,0.003,0.00625,0.0179,0.0385,0.0666
3000,0.00295,0.0033,0.00701,0.0203,0.046,0.0782
3025,0.0031,0.0037,0.00846,0.022,0.0519,0.0889
3050,0.0034,0.004,0.00969,0.0279,0.0662,0.109
3075,0.0073,0.0045,0.0111,0.0272,0.0676,0.109
3100,0.009,0.0048,0.0137,0.0372,0.0864,0.133
3125,0.001,0.0051,0.0162,0.0471,0.1,0.142
3150,0.00064,0.0055,0.0205,0.053,0.122,0.168
3175,0.0016,0.006,0.0247,0.0633,0.135,0.177
3200,0.0033,0.007,0.0283,0.077,0.153,0.185
3225,0.0041,0.0086,0.0376,0.0914,0.166,0.206
3250,0.0041,0.0103,0.0514,0.117,0.194,0.228
3275,0.0029,0.0129,0.0664,0.147,0.22,0.254
3300,0.0022,0.0161,0.0834,0.171,0.237,0.263
3325,0.0022,0.0212,0.103,0.201,0.268,0.283
3350,0.0025,0.0285,0.135,0.24,0.295,0.295
3375,0.0031,0.0385,0.169,0.272,0.312,0.301
3400,0.0042,0.054,0.214,0.309,0.329,0.307
3425,0.006,0.077,0.267,0.343,0.332,0.314
3450,0.0094,0.117,0.333,0.372,0.344,0.303
3475,0.0165,0.173,0.365,0.385,0.353,0.3
3500,0.036,0.258,0.438,0.393,0.315,0.288
3525,0.072,0.375,0.51,0.409,0.294,0.271
3550,0.133,0.401,0.499,0.39,0.281,0.257
3575,0.215,0.5,0.443,0.341,0.254,0.23
3600,0.318,0.45,0.346,0.286,0.245,0.219
3625,0.442,0.4,0.354,0.279,0.233,0.216
3650,0.473,0.405,0.347,0.281,0.238,0.219
3675,0.568,0.501,0.423,0.315,0.243,0.218
3700,0.69,0.708,0.673,0.432,0.268,0.189
3725,0.617,0.831,0.566,0.32,0.194,0.123
3750,1.81,0.52,0.2,0.131,0.124,0.107
3775,0.136,0.124,0.12,0.119,0.115,0.115
3800,0.455,0.298,0.167,0.129,0.123,0.112
3825,0.76,0.503,0.242,0.154,0.129,0.127
3850,0.836,0.584,0.277,0.184,0.161,0.145
3875,0.84,0.728,0.422,0.236,0.197,0.167
3900,0.505,0.5,0.379,0.276,0.227,0.192
3925,0.117,0.4,0.423,0.315,0.243,0.202
3950,0.046,0.3,0.358,0.29,0.23,0.202
3975,0.0183,0.205,0.269,0.235,0.195,0.192
4000,0.0073,0.135,0.186,0.179,0.159,0.168
4025,0.00557,0.079,0.113,0.124,0.124,0.134
4050,0.00283,0.0415,0.0662,0.0886,0.103,0.106
4075,0.00226,0.0197,0.0367,0.0594,0.0801,0.0879
4100,0.00155,0.0086,0.0211,0.0395,0.0503,0.061
4125,0.00103,0.00521,0.0119,0.0246,0.0354,0.048
4150,0.000821,0.00365,0.00759,0.0166,0.0258,0.037
4175,0.000752,0.00183,0.00445,0.01,0.0179,0.0268
4200,0.000429,0.00141,0.00354,0.00821,0.0142,0.0212
4225,0.000327,0.000902,0.00209,0.00588,0.0112,0.0172
4250,0.000225,0.000685,0.00189,0.00512,0.0101,0.0164
4275,0.000186,0.000551,0.00156,0.00366,0.00812,0.0136
4300,0.000173,0.000472,0.00139,0.00306,0.00661,0.0115
4325,0.000138,0.000395,0.0011,0.00272,0.00587,0.0104
4350,9e-05,0.00027,0.000968,0.00222,0.00497,0.00921
4375,7.52e-05,0.000233,0.000744,0.00208,0.00466,0.00876
4400,6.18e-05,0.000175,0.000638,0.00185,0.00465,0.00914
4425,5.04e-05,0.000134,0.000499,0.00174,0.00455,0.00935
4450,3.75e-05,0.000123,0.000485,0.00182,0.00456,0.00971
4475,3.05e-05,8.92e-05,0.000338,0.00134,0.0046,0.0104
4500,2.57e-05,7.9e-05,0.000329,0.00154,0.00477,0.0112
4525,2.42e-05,7.4e-05,0.000308,0.00135,0.00497,0.0122
4550,2.15e-05,6.53e-05,0.000282,0.00131,0.00521,0.0133
4575,2.18e-05,6.6e-05,0.000272,0.00152,0.00573,0.0148
4600,2.15e-05,6.71e-05,0.000268,0.00134,0.00607,0.0159
4625,2.17e-05,6.95e-05,0.000285,0.00161,0.00677,0.0173
4650,2.19e-05,7.22e-05,0.000297,0.00169,0.00783,0.0197
4675,2.26e-05,7.71e-05,0.000341,0.00236,0.00925,0.0226
4700,2.5e-05,8.15e-05,0.000387,0.00286,0.0106,0.025
4725,2.8e-05,8.45e-05,0.00042,0.00357,0.0124,0.0276
4750,3.51e-05,0.000192,0.00047,0.00467,0.0166,0.0313
4775,4.35e-05,0.0002,0.00105,0.00566,0.0185,0.0341
4800,5.22e-05,0.000233,0.00129,0.00736,0.0229,0.0378
4825,6.73e-05,0.000306,0.00183,0.00982,0.0258,0.0404
4850,8.86e-05,0.000399,0.00246,0.0128,0.0302,0.043
4875,0.000113,0.000618,0.00346,0.0161,0.0358,0.0459
4900,0.000174,0.000825,0.00441,0.02,0.0417,0.0493
4925,0.000265,0.00163,0.00777,0.0245,0.045,0.0507
4950,0.000355,0.002,0.00978,0.0317,0.0492,0.0527
4975,0.000538,0.00271,0.0167,0.0401,0.0503,0.0523
5000,0.000651,0.00301,0.0264,0.0467,0.052,0.0526
5025,0.000987,0.0053,0.0321,0.0499,0.0523,0.051
5050,0.00135,0.0086,0.0389,0.0528,0.0513,0.0492
5075,0.00226,0.013,0.0472,0.0559,0.05,0.0469
5100,0.00431,0.0198,0.0526,0.0557,0.048,0.0452
5125,0.00628,0.0282,0.0488,0.0495,0.0451,0.043
5150,0.009,0.039,0.0471,0.0449,0.043,0.0423
5175,0.018,0.0462,0.0412,0.0391,0.0403,0.0415
5200,0.0348,0.071,0.0402,0.036,0.0384,0.0414
5225,0.0718,0.059,0.0399,0.036,0.0376,0.042
5250,0.111,0.0368,0.034,0.0369,0.0409,0.0454
5275,0.0329,0.0285,0.0365,0.0423,0.0461,0.0482
5300,0.0281,0.027,0.0432,0.0505,0.0529,0.0511
5325,0.121,0.0422,0.0589,0.0598,0.0572,0.0544
5350,0.139,0.105,0.0844,0.0687,0.0593,0.056
5375,0.0774,0.071,0.0683,0.0618,0.0556,0.0534
5400,0.0858,0.0483,0.0579,0.0547,0.0503,0.0495
5425,0.0985,0.0575,0.0589,0.051,0.0451,0.0449
5450,0.0996,0.0682,0.0539,0.0489,0.0454,0.0446
5475,0.068,0.068,0.0548,0.0495,0.046,0.0458
5500,0.0325,0.052,0.0515,0.0483,0.0449,0.0454
5525,0.015,0.035,0.0451,0.0464,0.0452,0.0449
5550,0.0062,0.0238,0.0369,0.0408,0.0414,0.0417
5575,0.0027,0.0158,0.0282,0.0339,0.0366,0.0384
5600,0.00113,0.0101,0.0203,0.0263,0.0303,0.0333
5625,0.000829,0.0059,0.0148,0.0206,0.0247,0.0295
5650,0.000365,0.0031,0.00969,0.0154,0.0203,0.0258
5675,0.00024,0.0013,0.00589,0.0112,0.0164,0.0222
5700,0.000158,0.0004,0.00417,0.0085,0.0134,0.019
5725,0.000103,0.000262,0.00208,0.00594,0.0109,0.0162
5750,7.41e-05,0.000181,0.00142,0.00455,0.00907,0.0141
5775,6.25e-05,0.000135,0.000816,0.00316,0.00698,0.0121
5800,4.99e-05,0.000111,0.000624,0.0023,0.00551,0.0102
5825,3.25e-05,6.77e-05,0.000425,0.00124,0.00385,0.00818
5850,2.31e-05,5.63e-05,0.000278,0.000986,0.0029,0.00672
5875,1.65e-05,4.81e-05,0.000247,0.000944,0.00253,0.00612
5900,1.26e-05,4.32e-05,0.000241,0.000886,0.0022,0.00582
5925,1.18e-05,4.2e-05,0.000235,0.000847,0.00209,0.00571
5950,1.1e-05,4.08e-05,0.000226,0.000812,0.00221,0.00604
5975,1.01e-05,4e-05,0.000213,0.000805,0.00239,0.00641
6000,9.83e-06,3.95e-05,0.000186,0.000801,0.00247,0.00691
6025,9.79e-06,4.01e-05,0.000193,0.000805,0.0026,0.00732
6050,9.76e-06,4.1e-05,0.000201,0.000814,0.00285,0.00776
6075,9.88e-06,4.2e-05,0.00021,0.000832,0.00317,0.00842
6100,9.91e-06,4.25e-05,0.000219,0.000877,0.0034,0.00888
6125,1.02e-05,4.35e-05,0.000231,0.000937,0.00361,0.00929
6150,1.1e-05,4.86e-05,0.000244,0.000971,0.00402,0.00994
6175,1.27e-05,5.79e-05,0.000257,0.00111,0.00437,0.0104
6200,1.31e-05,6.12e-05,0.000277,0.00113,0.00465,0.011
6225,1.5e-05,7.83e-05,0.000353,0.00116,0.0051,0.0116
6250,1.78e-05,9.22e-05,0.000394,0.00157,0.00555,0.0123
6275,2.03e-05,0.000115,0.000481,0.00188,0.00601,0.0131
6300,2.3e-05,0.000145,0.000617,0.00183,0.00644,0.0139
6325,2.8e-05,0.000187,0.000723,0.00202,0.00686,0.0146
6350,3.05e-05,0.000209,0.000811,0.00243,0.00779,0.0157
6375,4.55e-05,0.000244,0.000935,0.00243,0.00844,0.0166
6400,6.61e-05,0.00032,0.000989,0.00288,0.00902,0.0173
6425,7.23e-05,0.000397,0.00122,0.00359,0.01,0.0184
6450,8.47e-05,0.000481,0.00143,0.00429,0.0108,0.0192
6475,0.000103,0.000591,0.00174,0.00488,0.0116,0.02
6500,0.000131,0.000703,0.00247,0.00549,0.0124,0.0205
6525,0.000165,0.000872,0.00265,0.00641,0.0131,0.0211
6550,0.000205,0.0011,0.00298,0.00749,0.014,0.0218
6575,0.000253,0.0013,0.00346,0.00811,0.015,0.023
6600,0.000338,0.0015,0.00445,0.0089,0.0159,0.0237
6625,0.000437,0.0017,0.00491,0.0107,0.017,0.0245
6650,0.000581,0.0019,0.00537,0.0116,0.0179,0.0254
6675,0.000685,0.0022,0.00578,0.0128,0.0189,0.0263
6700,0.0009,0.0025,0.00649,0.0134,0.0195,0.0275
6725,0.00121,0.0028,0.00722,0.0142,0.0202,0.0281
6750,0.00152,0.0033,0.00813,0.0161,0.0212,0.0288
6775,0.00185,0.0037,0.00907,0.0168,0.0222,0.0292
6800,0.0022,0.0043,0.00929,0.0183,0.0233,0.0294
6825,0.00255,0.005,0.0114,0.0195,0.0245,0.0289
6850,0.0029,0.0058,0.0167,0.0215,0.026,0.0291
6875,0.0032,0.0067,0.0208,0.0237,0.0274,0.0293
6900,0.0036,0.0088,0.022,0.0253,0.0282,0.03
6925,0.004,0.0092,0.0238,0.0273,0.029,0.0304
6950,0.0046,0.0108,0.0272,0.0279,0.0298,0.031
6975,0.0053,0.0128,0.0304,0.0292,0.0297,0.0312
7000,0.0062,0.0152,0.0344,0.0303,0.0293,0.031
7025,0.0076,0.0182,0.0341,0.0297,0.029,0.03
7050,0.0098,0.0222,0.0398,0.0318,0.0291,0.0294
7075,0.0132,0.0271,0.0402,0.0294,0.0274,0.0282
7100,0.019,0.0335,0.0421,0.0286,0.0262,0.0269
7125,0.024,0.0432,0.0431,0.0276,0.0245,0.0257
7150,0.0288,0.057,0.0458,0.027,0.0228,0.0243
7175,0.0323,0.074,0.0449,0.0261,0.0214,0.0221
7200,0.057,0.089,0.0435,0.0225,0.0199,0.0196
7225,0.0216,0.068,0.0378,0.0239,0.0195,0.0192
7250,0.0126,0.0475,0.0364,0.0238,0.0197,0.0192
7275,0.0117,0.0369,0.0385,0.0249,0.0212,0.0204
7300,0.014,0.037,0.0419,0.0272,0.0228,0.0213
7325,0.0425,0.0418,0.044,0.028,0.0248,0.0229
7350,0.064,0.046,0.0427,0.029,0.0263,0.0238
7375,0.0385,0.0385,0.0374,0.0259,0.0235,0.0224
7400,0.0182,0.0179,0.0282,0.0231,0.0211,0.0214
7425,0.017,0.0081,0.0191,0.0175,0.0181,0.0194
7450,0.0161,0.0037,0.0105,0.0127,0.0152,0.0171
7475,0.0145,0.0017,0.00554,0.00855,0.0113,0.0131
7500,0.00175,0.0014,0.00385,0.00595,0.00803,0.00945
7525,0.000772,0.000751,0.00384,0.00575,0.00537,0.00594
7550,0.000491,0.0006,0.00301,0.00453,0.0038,0.00434
7575,0.000275,0.00041,0.00193,0.00366,0.00319,0.00332
7600,0.0185,0.00028,0.00131,0.00232,0.00247,0.00256
7625,0.000101,0.00016,0.000915,0.0015,0.00186,0.00197
7650,6.91e-05,0.00011,0.000565,0.00114,0.00205,0.00192
7675,4.76e-05,7.5e-05,0.00114,0.00124,0.00175,0.00187
7700,3.05e-05,5.9e-05,0.000529,0.00114,0.0016,0.00185
7725,2.4e-05,4.8e-05,0.000293,0.000842,0.00141,0.00184
7750,1.7e-05,3.6e-05,0.000122,0.000435,0.00124,0.00182
7775,1.2e-05,2.4e-05,0.000121,0.000435,0.00118,0.00187
7800,8.1e-06,1.7e-05,0.000103,0.000439,0.00126,0.00192
7825,5.5e-06,1.2e-05,8.66e-05,0.000367,0.00119,0.00193
7850,3.9e-06,9e-06,7.16e-05,0.000351,0.00116,0.00194
7875,2.95e-06,8.3e-06,3.73e-05,0.000254,0.00114,0.00196
7900,2.3e-06,8e-06,4.65e-05,0.000298,0.00117,0.00201
7925,2.25e-06,8.2e-06,3.67e-05,0.000252,0.00116,0.00205
7950,2.2e-06,8.4e-06,3.71e-05,0.000268,0.00127,0.00211
7975,2.23e-06,9.2e-06,3.96e-05,0.000273,0.00128,0.00216
8000,2.35e-06,1.03e-05,4.15e-05,0.000263,0.00121,0.00221
8025,2.8e-06,1.25e-05,6.33e-05,0.000363,0.00136,0.00231
8050,3.1e-06,1.5e-05,9.79e-05,0.000492,0.0015,0.00241
8075,3.7e-06,1.8e-05,0.00012,0.00058,0.00167,0.00251
8100,4.2e-06,2e-05,9.87e-05,0.000509,0.00171,0.00257
8125,5.1e-06,2.4e-05,0.000134,0.000547,0.00173,0.00267
8150,6e-06,2.7e-05,0.000121,0.000534,0.00172,0.00274
8175,7.2e-06,3e-05,0.000204,0.000684,0.00184,0.00285
8200,8.2e-06,3.3e-05,0.000276,0.000819,0.00199,0.00297
8225,1e-05,3.8e-05,0.000317,0.000859,0.00214,0.00308
8250,1.25e-05,4.2e-05,0.00024,0.000818,0.0022,0.00317
8275,1.45e-05,5e-05,0.000452,0.00109,0.00238,0.00293
8300,1.75e-05,5.6e-05,0.000301,0.000941,0.00243,0.00342
8325,1.98e-05,6.3e-05,0.00028,0.00107,0.0026,0.00353
8350,2.3e-05,7.1e-05,0.000276,0.00109,0.00272,0.00365
8375,2.8e-05,8.3e-05,0.000369,0.00127,0.00295,0.00377
8400,3.3e-05,8.9e-05,0.00043,0.00139,0.00306,0.00385
8425,3.6e-05,9.5e-05,0.000371,0.00135,0.00306,0.00384
8450,3.9e-05,9.8e-05,0.000434,0.00147,0.00316,0.00385
8475,4e-05,9.9e-05,0.000397,0.00143,0.00318,0.00384
8500,4e-05,9.8e-05,0.000364,0.00141,0.00317,0.00381
8525,3.9e-05,9.4e-05,0.00039,0.00142,0.00314,0.00376
8550,3.8e-05,9e-05,0.00038,0.00145,0.00318,0.00375
8575,3.8e-05,9e-05,0.00038,0.00145,0.00318,0.00375
8600,3.3e-05,7.5e-05,0.000358,0.00138,0.0031,0.00372
8625,2.7e-05,5.8e-05,0.000382,0.00143,0.00315,0.00369
8650,2.4e-05,5e-05,0.000343,0.00136,0.00306,0.00363
8675,2e-05,4.5e-05,0.000309,0.00134,0.00306,0.00359
8700,1.8e-05,4e-05,0.000281,0.00127,0.00294,0.00341
8725,1.7e-05,3.6e-05,0.000276,0.00124,0.0029,0.00336
8750,1.6e-05,3.1e-05,0.000272,0.00122,0.00283,0.00323
8775,1.4e-05,2.8e-05,0.000241,0.00117,0.00273,0.00309
8800,1.2e-05,2.5e-05,0.000237,0.00115,0.00269,0.00297
8825,1e-05,2.2e-05,0.000218,0.00111,0.00259,0.00284
8850,9.2e-06,1.98e-05,0.000206,0.00105,0.00246,0.00269
8875,8.1e-06,1.7e-05,0.000205,0.001,0.00235,0.00257
8900,7.2e-06,1.6e-05,0.000177,0.000921,0.0022,0.00245
8925,6.5e-06,1.5e-05,0.000172,0.000834,0.00205,0.00232
8950,5.9e-06,1.3e-05,0.000147,0.000735,0.00194,0.00218
8975,5.1e-06,1.1e-05,0.00012,0.000629,0.00177,0.00203
9000,4.6e-06,9.5e-06,9.6e-05,0.000513,0.00154,0.0018
9025,4.2e-06,8e-06,5.78e-05,0.000314,0.00123,0.00154
9050,3.8e-06,7.2e-06,5.29e-05,0.000292,0.00114,0.00137
9075,3.3e-06,6.6e-06,4.85e-05,0.000269,0.00102,0.00122
9100,2.9e-06,5.8e-06,4.3e-05,0.000239,0.000896,0.00107
9125,2.7e-06,5.2e-06,2.59e-05,0.000193,0.000748,0.000944
9150,2.4e-06,4.5e-06,3.16e-05,0.000207,0.00671,0.000848
9175,2.2e-06,4e-06,4.44e-06,6.02e-05,0.000516,0.00075
9200,1.9e-06,3.6e-06,3.24e-06,4.6e-05,0.000439,0.000688
9225,1.7e-06,3.2e-06,1.8e-06,3.21e-05,0.000384,0.000653
9250,1.4e-06,2.8e-06,1.71e-06,3.44e-05,0.00034,0.000616
9275,1.3e-06,2.5e-06,2.99e-06,6e-05,0.000343,0.000619
9300,1.2e-06,2.2e-06,2.99e-06,6e-05,0.000343,0.000619
9325,1,1,1,1,1,1
9350,1,1,1,1,1,1
9375,1,1,1,1,1,1
9400,1,1,1,1,1,1
9425,1,1,1,1,1,1
