# Long-wave emissivity of asphalt road stone, 8.002-14 um.
#
# source: MEASURED. SLUM, the Spectral Library of impervious Urban Materials: S. Kotthaus, T. E. L. Smith, M. J. Wooster, C. S. B. Grimmond (2014), Derivation of an urban materials spectral library through emittance and reflectance spectroscopy, ISPRS J. Photogramm. Remote Sens. 94, 194-212, doi:10.1016/j.isprsjprs.2014.05.005; data doi:10.5281/zenodo.4263842 (MPL-2.0). Sample A001.
#   Copied by scripts/import_slum.py; wavelengths converted to micrometres and reflectance from percent to a fraction, otherwise unmodified.
#   Licence: Mozilla Public License 2.0, as SLUM is released; this file is a subset of it and stays under MPL-2.0 (https://mozilla.org/MPL/2.0/).
# Columns: wavelength in MICROMETRES, value.
8.00224,0.944294
8.00842,0.94491
8.01461,0.944847
8.02081,0.944518
8.02702,0.944554
8.03324,0.944684
8.03946,0.944764
8.0457,0.94464
8.05195,0.94446
8.0582,0.944408
8.06447,0.944766
8.07075,0.945107
8.07703,0.945005
8.08333,0.944974
8.08963,0.944843
8.09595,0.944321
8.10227,0.943681
8.10861,0.942609
8.11495,0.941276
8.12131,0.940286
8.12767,0.939408
8.13405,0.938226
8.14043,0.937254
8.14682,0.936924
8.15323,0.936526
8.15964,0.936086
8.16607,0.935956
8.1725,0.935851
8.17895,0.935749
8.18541,0.93566
8.19187,0.935372
8.19835,0.934931
8.20483,0.935011
8.21133,0.935498
8.21784,0.93577
8.22435,0.936135
8.23088,0.936622
8.23742,0.937161
8.24397,0.93787
8.25052,0.938546
8.25709,0.938948
8.26367,0.939047
8.27026,0.939193
8.27686,0.939406
8.28347,0.939513
8.29009,0.93974
8.29673,0.94037
8.30337,0.941152
8.31002,0.941583
8.31669,0.941684
8.32336,0.941735
8.33005,0.941893
8.33674,0.942243
8.34345,0.942727
8.35017,0.943311
8.3569,0.944179
8.36364,0.945294
8.37039,0.946326
8.37715,0.947199
8.38392,0.947948
8.3907,0.948701
8.3975,0.94932
8.4043,0.949507
8.41112,0.949536
8.41794,0.949554
8.42478,0.949377
8.43163,0.949081
8.43849,0.949016
8.44536,0.949224
8.45225,0.949498
8.45914,0.949906
8.46605,0.950579
8.47296,0.951302
8.47989,0.95175
8.48683,0.952094
8.49378,0.952459
8.50074,0.952632
8.50772,0.952511
8.5147,0.952228
8.5217,0.952261
8.52871,0.952462
8.53573,0.952592
8.54276,0.952812
8.5498,0.952868
8.55685,0.953107
8.56392,0.953916
8.571,0.954859
8.57809,0.955891
8.58519,0.957089
8.5923,0.958601
8.59943,0.960187
8.60656,0.960904
8.61371,0.961408
8.62087,0.96228
8.62804,0.962648
8.63523,0.962423
8.64242,0.961767
8.64963,0.960939
8.65685,0.96012
8.66408,0.95922
8.67133,0.95838
8.67858,0.956925
8.68585,0.95565
8.69313,0.955279
8.70043,0.954878
8.70773,0.954631
8.71505,0.954425
8.72238,0.954323
8.72972,0.954333
8.73708,0.954146
8.74444,0.953829
8.75182,0.953431
8.75921,0.952836
8.76662,0.951729
8.77403,0.950925
8.78146,0.950281
8.78891,0.949174
8.79636,0.948508
8.80383,0.948617
8.81131,0.949337
8.8188,0.950353
8.8263,0.951557
8.83382,0.95214
8.84135,0.952068
8.8489,0.952703
8.85645,0.953532
8.86402,0.953948
8.87161,0.953931
8.8792,0.953144
8.88681,0.95157
8.89443,0.949876
8.90207,0.948553
8.90971,0.947593
8.91738,0.94754
8.92505,0.948811
8.93274,0.951056
8.94044,0.953262
8.94815,0.954656
8.95588,0.955369
8.96362,0.955692
8.97137,0.956008
8.97914,0.956297
8.98692,0.955974
8.99472,0.955048
9.00252,0.953895
9.01035,0.952676
9.01818,0.951509
9.02603,0.950796
9.03389,0.951012
9.04177,0.951531
9.04966,0.951773
9.05756,0.952086
9.06548,0.952251
9.07341,0.952015
9.08136,0.951582
9.08932,0.951067
9.09729,0.950527
9.10527,0.950284
9.11328,0.950508
9.12129,0.950455
9.12932,0.949977
9.13736,0.949881
9.14542,0.950133
9.15349,0.950466
9.16158,0.950888
9.16968,0.951126
9.17779,0.95111
9.18592,0.951168
9.19407,0.951101
9.20223,0.950529
9.2104,0.949964
9.21858,0.949641
9.22679,0.949601
9.235,0.949855
9.24323,0.949887
9.25148,0.949568
9.25974,0.949375
9.26801,0.949625
9.2763,0.949559
9.28461,0.949195
9.29293,0.949457
9.30126,0.950238
9.30961,0.951433
9.31798,0.952692
9.32636,0.953517
9.33475,0.954299
9.34316,0.955506
9.35159,0.956738
9.36003,0.957334
9.36848,0.957825
9.37695,0.958713
9.38544,0.959382
9.39394,0.95964
9.40246,0.960101
9.41099,0.960795
9.41954,0.961967
9.4281,0.963708
9.43668,0.965142
9.44527,0.966578
9.45388,0.968223
9.46251,0.969351
9.47115,0.969701
9.47981,0.969839
9.48848,0.970327
9.49717,0.970788
9.50587,0.971342
9.51459,0.97184
9.52333,0.971795
9.53208,0.971836
9.54085,0.972151
9.54964,0.972114
9.55844,0.971753
9.56726,0.971539
9.57609,0.971318
9.58494,0.970783
9.59381,0.970087
9.60269,0.969494
9.61159,0.969193
9.62051,0.969432
9.62944,0.970003
9.63839,0.970148
9.64736,0.970157
9.65634,0.970272
9.66534,0.969823
9.67435,0.968843
9.68339,0.967922
9.69244,0.967762
9.7015,0.968328
9.71059,0.969084
9.71969,0.969738
9.72881,0.970155
9.73794,0.970694
9.74709,0.970941
9.75626,0.9707
9.76545,0.970555
9.77465,0.970414
9.78388,0.970509
9.79311,0.970685
9.80237,0.970621
9.81164,0.970656
9.82094,0.970756
9.83024,0.970903
9.83957,0.970998
9.84892,0.971182
9.85828,0.971503
9.86766,0.971578
9.87706,0.971529
9.88647,0.971305
9.8959,0.97089
9.90536,0.970624
9.91483,0.970362
9.92431,0.96994
9.93382,0.969878
9.94334,0.97027
9.95289,0.970859
9.96245,0.971501
9.97203,0.971761
9.98162,0.971646
9.99124,0.971448
10.0009,0.97129
10.0105,0.971032
10.0202,0.970696
10.0299,0.970788
10.0396,0.971206
10.0493,0.971666
10.0591,0.972274
10.0688,0.972721
10.0786,0.972985
10.0884,0.973223
10.0983,0.973208
10.1081,0.972958
10.118,0.972564
10.1278,0.972218
10.1377,0.971992
10.1477,0.971692
10.1576,0.971412
10.1676,0.971054
10.1775,0.970565
10.1875,0.969969
10.1975,0.969246
10.2076,0.968724
10.2176,0.968409
10.2277,0.968314
10.2378,0.968365
10.2479,0.968299
10.2581,0.968216
10.2682,0.968147
10.2784,0.96807
10.2886,0.968027
10.2988,0.968214
10.3091,0.968653
10.3193,0.969232
10.3296,0.969911
10.3399,0.970204
10.3502,0.970146
10.3605,0.969956
10.3709,0.969501
10.3813,0.968757
10.3917,0.967782
10.4021,0.967149
10.4126,0.966931
10.423,0.966734
10.4335,0.966738
10.444,0.966826
10.4545,0.966829
10.4651,0.96664
10.4757,0.966157
10.4863,0.965734
10.4969,0.965358
10.5075,0.965191
10.5182,0.965442
10.5288,0.965751
10.5395,0.965828
10.5503,0.965655
10.561,0.965177
10.5718,0.964454
10.5826,0.963751
10.5934,0.963184
10.6042,0.962919
10.6151,0.963056
10.6259,0.963799
10.6368,0.964633
10.6477,0.964628
10.6587,0.964718
10.6697,0.965279
10.6806,0.965406
10.6917,0.965023
10.7027,0.964615
10.7137,0.964727
10.7248,0.96469
10.7359,0.964325
10.7471,0.963924
10.7582,0.963431
10.7694,0.963528
10.7806,0.963586
10.7918,0.962939
10.803,0.962574
10.8143,0.962938
10.8256,0.963471
10.8369,0.963442
10.8482,0.963364
10.8596,0.963803
10.871,0.964431
10.8824,0.964939
10.8938,0.964683
10.9053,0.964307
10.9167,0.964346
10.9282,0.96394
10.9398,0.962783
10.9513,0.961352
10.9629,0.960581
10.9745,0.96064
10.9861,0.960967
10.9978,0.961361
11.0095,0.961805
11.0212,0.962219
11.0329,0.962244
11.0446,0.961711
11.0564,0.960874
11.0682,0.960288
11.08,0.960182
11.0919,0.960293
11.1038,0.960442
11.1157,0.960295
11.1276,0.959715
11.1395,0.958628
11.1515,0.957557
11.1635,0.957013
11.1755,0.956753
11.1876,0.957062
11.1997,0.957681
11.2118,0.958053
11.2239,0.958131
11.2361,0.957625
11.2483,0.956887
11.2605,0.956351
11.2727,0.956224
11.285,0.956806
11.2973,0.957838
11.3096,0.959251
11.322,0.96082
11.3343,0.962022
11.3467,0.962881
11.3592,0.96365
11.3716,0.964051
11.3841,0.964319
11.3966,0.964932
11.4091,0.965976
11.4217,0.967177
11.4343,0.967809
11.4469,0.967497
11.4596,0.965661
11.4722,0.9629
11.4849,0.960159
11.4977,0.957128
11.5104,0.954119
11.5232,0.951886
11.536,0.950793
11.5489,0.950452
11.5618,0.949896
11.5747,0.949008
11.5876,0.947682
11.6006,0.946698
11.6136,0.946705
11.6266,0.946356
11.6396,0.946415
11.6527,0.947941
11.6658,0.949964
11.679,0.951314
11.6921,0.952244
11.7053,0.953428
11.7185,0.953551
11.7318,0.953297
11.7451,0.952949
11.7584,0.951747
11.7717,0.951897
11.7851,0.952906
11.7985,0.953466
11.812,0.953583
11.8254,0.953387
11.8389,0.95348
11.8525,0.953675
11.866,0.953402
11.8796,0.951873
11.8932,0.950808
11.9069,0.951075
11.9206,0.951822
11.9343,0.953538
11.9481,0.955451
11.9618,0.956616
11.9756,0.957775
11.9895,0.958844
12.0034,0.958283
12.0173,0.956531
12.0312,0.955659
12.0452,0.955955
12.0592,0.957125
12.0732,0.958926
12.0873,0.960598
12.1014,0.96185
12.1155,0.962631
12.1297,0.962855
12.1439,0.96297
12.1582,0.962838
12.1724,0.963357
12.1867,0.965459
12.2011,0.967475
12.2154,0.969716
12.2298,0.971189
12.2443,0.971088
12.2588,0.970861
12.2733,0.969802
12.2878,0.968416
12.3024,0.967111
12.317,0.96675
12.3316,0.967707
12.3463,0.969352
12.361,0.972136
12.3758,0.973877
12.3906,0.974545
12.4054,0.974336
12.4202,0.972336
12.4351,0.970455
12.4501,0.968205
12.465,0.96526
12.48,0.963205
12.4951,0.962627
12.5101,0.96249
12.5253,0.962653
12.5404,0.963765
12.5556,0.964613
12.5708,0.965741
12.5861,0.96716
12.6013,0.967029
12.6167,0.965595
12.632,0.964609
12.6474,0.964162
12.6629,0.963536
12.6784,0.963446
12.6939,0.963663
12.7094,0.964181
12.725,0.964905
12.7407,0.964592
12.7563,0.963912
12.7721,0.963199
12.7878,0.962144
12.8036,0.960967
12.8194,0.960336
12.8353,0.96048
12.8512,0.959878
12.8671,0.958918
12.8831,0.958559
12.8991,0.958833
12.9152,0.959542
12.9313,0.959748
12.9475,0.959557
12.9636,0.959145
12.9799,0.959164
12.9961,0.959793
13.0124,0.959805
13.0288,0.959325
13.0452,0.95931
13.0616,0.96011
13.0781,0.960346
13.0946,0.959813
13.1111,0.960118
13.1277,0.960214
13.1444,0.959387
13.1611,0.958636
13.1778,0.958038
13.1945,0.95729
13.2113,0.956715
13.2282,0.956893
13.2451,0.957021
13.262,0.95707
13.279,0.957879
13.296,0.958565
13.3131,0.958979
13.3302,0.959411
13.3474,0.959391
13.3646,0.959394
13.3818,0.95941
13.3991,0.958403
13.4164,0.95646
13.4338,0.955011
13.4512,0.954469
13.4687,0.954445
13.4862,0.955269
13.5038,0.956249
13.5214,0.957448
13.539,0.95926
13.5567,0.960247
13.5745,0.959637
13.5923,0.957984
13.6101,0.956715
13.628,0.956082
13.6459,0.955714
13.6639,0.955828
13.6819,0.95588
13.7,0.956623
13.7181,0.95848
13.7363,0.960384
13.7545,0.96177
13.7728,0.962409
13.7911,0.963164
13.8095,0.963621
13.8279,0.963114
13.8463,0.962512
13.8649,0.961471
13.8834,0.960852
13.902,0.961929
13.9207,0.963724
13.9394,0.96532
13.9582,0.966748
13.977,0.968299
13.9958,0.968711
