# Short-wave reflectance (fraction) of cement brick yellow, 0.3481-2.506 um.
#
# source: MEASURED. SLUM, the Spectral Library of impervious Urban Materials: S. Kotthaus, T. E. L. Smith, M. J. Wooster, C. S. B. Grimmond (2014), Derivation of an urban materials spectral library through emittance and reflectance spectroscopy, ISPRS J. Photogramm. Remote Sens. 94, 194-212, doi:10.1016/j.isprsjprs.2014.05.005; data doi:10.5281/zenodo.4263842 (MPL-2.0). Sample B001.
#   Copied by scripts/import_slum.py; wavelengths converted to micrometres and reflectance from percent to a fraction, otherwise unmodified.
#   Licence: Mozilla Public License 2.0, as SLUM is released; this file is a subset of it and stays under MPL-2.0 (https://mozilla.org/MPL/2.0/).
# Columns: wavelength in MICROMETRES, value.
0.3481,0.121006
0.3497,0.120252
0.3513,0.119534
0.3529,0.118852
0.3545,0.118206
0.3561,0.117596
0.3576,0.117095
0.3592,0.117107
0.3608,0.116314
0.3624,0.115218
0.3639,0.11401
0.3655,0.112508
0.3671,0.111568
0.3687,0.110782
0.3702,0.11041
0.3718,0.110443
0.3734,0.110813
0.3749,0.111233
0.3765,0.111367
0.378,0.111191
0.3796,0.110864
0.3811,0.110317
0.3827,0.109901
0.3842,0.109629
0.3858,0.109611
0.3873,0.109853
0.3889,0.110364
0.3904,0.11097
0.392,0.111463
0.3935,0.111801
0.395,0.112044
0.3966,0.112087
0.3981,0.112134
0.3996,0.112201
0.4012,0.112378
0.4027,0.112678
0.4042,0.112966
0.4058,0.113526
0.4073,0.114169
0.4088,0.114881
0.4104,0.115656
0.4119,0.116327
0.4134,0.117011
0.4149,0.117611
0.4165,0.11811
0.418,0.11858
0.4195,0.119011
0.421,0.119678
0.4225,0.120507
0.4241,0.121521
0.4256,0.122762
0.4271,0.124116
0.4286,0.125701
0.4301,0.127365
0.4316,0.129067
0.4331,0.130865
0.4347,0.132645
0.4362,0.134551
0.4377,0.136462
0.4392,0.138352
0.4407,0.140173
0.4422,0.141863
0.4437,0.143556
0.4452,0.145123
0.4467,0.146553
0.4482,0.147838
0.4497,0.148959
0.4512,0.149976
0.4527,0.150847
0.4542,0.151529
0.4557,0.152027
0.4572,0.152399
0.4587,0.152778
0.4602,0.153076
0.4617,0.153343
0.4632,0.153598
0.4647,0.153878
0.4662,0.154212
0.4677,0.154561
0.4692,0.154883
0.4707,0.155248
0.4722,0.15567
0.4737,0.15616
0.4752,0.156673
0.4766,0.1572
0.4781,0.157787
0.4796,0.158445
0.4811,0.159166
0.4826,0.159925
0.4841,0.160751
0.4856,0.16168
0.4871,0.16269
0.4885,0.163792
0.49,0.164959
0.4915,0.166192
0.493,0.16757
0.4945,0.169039
0.4959,0.17062
0.4974,0.172323
0.4989,0.174092
0.5004,0.176009
0.5019,0.178058
0.5034,0.180219
0.5048,0.182468
0.5063,0.184816
0.5078,0.187283
0.5092,0.1898
0.5107,0.192413
0.5122,0.195121
0.5137,0.197869
0.5151,0.200775
0.5166,0.203782
0.5181,0.206868
0.5196,0.210061
0.521,0.213307
0.5225,0.2167
0.524,0.220197
0.5254,0.22384
0.5269,0.227624
0.5284,0.231481
0.5298,0.235458
0.5313,0.239498
0.5328,0.243568
0.5342,0.247679
0.5357,0.251751
0.5371,0.255914
0.5386,0.260073
0.5401,0.264241
0.5415,0.268397
0.543,0.272449
0.5445,0.276438
0.5459,0.280371
0.5474,0.284186
0.5488,0.287868
0.5503,0.291408
0.5517,0.294856
0.5532,0.298179
0.5546,0.301366
0.5561,0.3044
0.5575,0.307229
0.559,0.309908
0.5604,0.312411
0.5619,0.314759
0.5633,0.316976
0.5648,0.319054
0.5662,0.321035
0.5677,0.32291
0.5691,0.324619
0.5706,0.326198
0.572,0.327591
0.5735,0.328826
0.5749,0.329947
0.5763,0.331001
0.5778,0.331972
0.5792,0.33285
0.5806,0.333662
0.5821,0.334384
0.5835,0.335013
0.585,0.335576
0.5864,0.336013
0.5878,0.336306
0.5893,0.336605
0.5907,0.336848
0.5921,0.337052
0.5935,0.33724
0.595,0.337393
0.5964,0.337528
0.5978,0.33761
0.5993,0.337633
0.6007,0.33757
0.6021,0.33741
0.6035,0.337298
0.605,0.337134
0.6064,0.336926
0.6078,0.336744
0.6092,0.336582
0.6106,0.336448
0.6121,0.336276
0.6135,0.336136
0.6149,0.335975
0.6163,0.335814
0.6177,0.335658
0.6191,0.335441
0.6205,0.335184
0.622,0.334945
0.6234,0.334704
0.6248,0.334499
0.6262,0.334287
0.6276,0.334114
0.629,0.333921
0.6304,0.333773
0.6318,0.333641
0.6332,0.333513
0.6346,0.333341
0.636,0.333162
0.6374,0.332993
0.6388,0.332864
0.6402,0.332744
0.6416,0.332625
0.643,0.332534
0.6444,0.332521
0.6458,0.332541
0.6472,0.332544
0.6485,0.33251
0.6499,0.332532
0.6513,0.332559
0.6527,0.33263
0.6541,0.332708
0.6555,0.33279
0.6569,0.332907
0.6582,0.333032
0.6596,0.333169
0.661,0.333271
0.6624,0.333373
0.6638,0.333515
0.6651,0.333623
0.6665,0.333784
0.6679,0.333959
0.6693,0.334176
0.6706,0.334399
0.672,0.334618
0.6734,0.334868
0.6747,0.335135
0.6761,0.335404
0.6775,0.335692
0.6788,0.33596
0.6802,0.336282
0.6815,0.336587
0.6829,0.336855
0.6843,0.337113
0.6856,0.337374
0.687,0.33765
0.6883,0.337939
0.6897,0.338217
0.691,0.338538
0.6924,0.338884
0.6937,0.339253
0.6951,0.339594
0.6964,0.339885
0.6978,0.340248
0.6991,0.340608
0.7005,0.34097
0.7018,0.341346
0.7032,0.341703
0.7045,0.342105
0.7058,0.342503
0.7072,0.342872
0.7085,0.343236
0.7098,0.343542
0.7112,0.343898
0.7125,0.344231
0.7138,0.344547
0.7152,0.34487
0.7165,0.345175
0.7178,0.345505
0.7191,0.345813
0.7205,0.34617
0.7218,0.346578
0.7231,0.346949
0.7244,0.347384
0.7258,0.347806
0.7271,0.34822
0.7284,0.348607
0.7297,0.34892
0.731,0.349193
0.7323,0.349463
0.7336,0.349765
0.735,0.350069
0.7363,0.350289
0.7376,0.350556
0.7389,0.350782
0.7402,0.351003
0.7415,0.351219
0.7428,0.351347
0.7441,0.351503
0.7454,0.351644
0.7467,0.351795
0.748,0.351969
0.7493,0.352068
0.7506,0.352189
0.7519,0.352275
0.7531,0.352397
0.7544,0.352535
0.7557,0.35258
0.757,0.352635
0.7583,0.352643
0.7596,0.352682
0.7609,0.35272
0.7621,0.352675
0.7634,0.352635
0.7647,0.352608
0.766,0.352635
0.7673,0.352625
0.7685,0.352549
0.7698,0.352474
0.7711,0.352377
0.7724,0.35226
0.7736,0.352159
0.7749,0.352004
0.7762,0.351852
0.7774,0.351721
0.7787,0.351574
0.78,0.351427
0.7812,0.35121
0.7825,0.35098
0.7837,0.350769
0.785,0.350536
0.7863,0.350345
0.7875,0.350103
0.7888,0.349854
0.79,0.34964
0.7913,0.349413
0.7925,0.349246
0.7938,0.348995
0.795,0.348726
0.7963,0.348485
0.7975,0.348248
0.7988,0.348088
0.8,0.34788
0.8012,0.34765
0.8025,0.347453
0.8037,0.347208
0.805,0.346972
0.8062,0.346641
0.8074,0.346266
0.8087,0.345921
0.8099,0.345573
0.8111,0.345347
0.8124,0.345025
0.8136,0.344728
0.8148,0.344495
0.816,0.344198
0.8172,0.343937
0.8185,0.343652
0.8197,0.343324
0.8209,0.343058
0.8221,0.342742
0.8234,0.342521
0.8246,0.342165
0.8258,0.341837
0.827,0.341587
0.8282,0.341253
0.8294,0.340974
0.8306,0.340629
0.8318,0.340275
0.833,0.340031
0.8342,0.339735
0.8355,0.33954
0.8366,0.339219
0.8379,0.338937
0.839,0.338758
0.8402,0.33846
0.8415,0.338207
0.8426,0.337873
0.8438,0.337594
0.845,0.337404
0.8462,0.337133
0.8474,0.336924
0.8486,0.336601
0.8498,0.336301
0.851,0.336099
0.8522,0.335786
0.8533,0.335569
0.8545,0.335321
0.8557,0.335074
0.8569,0.334907
0.8581,0.334625
0.8592,0.334392
0.8604,0.334066
0.8616,0.333765
0.8628,0.333602
0.8639,0.33338
0.8651,0.333255
0.8663,0.333071
0.8674,0.332878
0.8686,0.332816
0.8698,0.332618
0.8709,0.332483
0.8721,0.332262
0.8732,0.332014
0.8744,0.331891
0.8755,0.331709
0.8767,0.33152
0.8779,0.331333
0.879,0.331157
0.8801,0.331078
0.8813,0.330873
0.8825,0.330684
0.8836,0.330506
0.8847,0.330245
0.8859,0.330147
0.887,0.329969
0.8881,0.329795
0.8893,0.329696
0.8904,0.329557
0.8916,0.329614
0.8927,0.329591
0.8938,0.32954
0.895,0.32957
0.8961,0.329436
0.8972,0.329447
0.8983,0.329373
0.8994,0.329274
0.9006,0.329232
0.9017,0.329137
0.9028,0.329294
0.9039,0.329325
0.905,0.329321
0.9061,0.329338
0.9072,0.329216
0.9083,0.329233
0.9094,0.329196
0.9105,0.329112
0.9116,0.329126
0.9128,0.32902
0.9138,0.329134
0.9149,0.329173
0.916,0.329163
0.9171,0.329239
0.9182,0.329202
0.9193,0.329339
0.9204,0.329371
0.9215,0.329339
0.9225,0.329398
0.9236,0.32929
0.9247,0.329469
0.9258,0.329528
0.9268,0.329516
0.9279,0.329617
0.929,0.329503
0.93,0.329655
0.9311,0.329694
0.9321,0.329624
0.9332,0.329663
0.9343,0.329559
0.9353,0.329746
0.9364,0.329851
0.9374,0.329761
0.9385,0.329938
0.9395,0.329879
0.9405,0.330058
0.9416,0.3301
0.9426,0.330022
0.9436,0.329986
0.9447,0.329936
0.9457,0.330136
0.9467,0.330253
0.9477,0.330031
0.9488,0.330184
0.9498,0.329999
0.9508,0.330094
0.9518,0.330205
0.9528,0.330096
0.9538,0.330184
0.9548,0.33042
0.9558,0.330931
0.9568,0.331112
0.9578,0.330903
0.9587,0.331069
0.9597,0.330922
0.9607,0.331139
0.9617,0.331469
0.9626,0.331329
0.9636,0.331722
0.9646,0.331822
0.9655,0.332303
0.9665,0.332591
0.9675,0.332398
0.9684,0.332673
0.9694,0.332601
0.9703,0.332993
0.9712,0.33335
0.9722,0.333255
0.9731,0.333521
0.974,0.333638
0.9749,0.33417
0.9759,0.334615
0.9768,0.334503
0.9777,0.334655
0.9786,0.334545
0.9795,0.334583
0.9816,0.334169
0.9854,0.333975
0.9893,0.333999
0.9931,0.334334
0.997,0.334279
1.0008,0.334226
1.0047,0.333932
1.0085,0.333777
1.0124,0.333402
1.0162,0.3332
1.0201,0.333049
1.0239,0.333538
1.0278,0.333928
1.0316,0.334975
1.0354,0.335658
1.0393,0.336629
1.0431,0.337342
1.047,0.338196
1.0508,0.338842
1.0547,0.339569
1.0585,0.340003
1.0623,0.340689
1.0662,0.341335
1.07,0.342573
1.0738,0.343345
1.0777,0.3442
1.0815,0.344824
1.0853,0.345713
1.0892,0.346382
1.093,0.346895
1.0968,0.347466
1.1007,0.348536
1.1045,0.349553
1.1083,0.350729
1.1122,0.351651
1.116,0.352627
1.1198,0.353271
1.1237,0.353756
1.1275,0.354135
1.1313,0.354583
1.1351,0.355019
1.139,0.355572
1.1428,0.356094
1.1466,0.356902
1.1504,0.357621
1.1542,0.358379
1.158,0.358879
1.1619,0.359474
1.1657,0.360079
1.1695,0.360539
1.1733,0.360945
1.1771,0.361432
1.1809,0.361841
1.1847,0.362501
1.1885,0.362807
1.1923,0.36345
1.1961,0.363838
1.1999,0.364288
1.2037,0.364433
1.2075,0.364571
1.2113,0.364838
1.2151,0.36499
1.2189,0.36511
1.2227,0.365433
1.2265,0.365689
1.2303,0.366339
1.2341,0.366682
1.2379,0.367091
1.2417,0.367273
1.2455,0.367738
1.2492,0.367952
1.253,0.368254
1.2568,0.368649
1.2606,0.369092
1.2643,0.369511
1.2681,0.369958
1.2719,0.370275
1.2757,0.370487
1.2794,0.370575
1.2832,0.37084
1.287,0.370817
1.2907,0.370918
1.2945,0.370924
1.2982,0.371093
1.302,0.371184
1.3057,0.371221
1.3095,0.371082
1.3132,0.371023
1.317,0.371117
1.3207,0.371326
1.3245,0.371563
1.3282,0.371698
1.332,0.371825
1.3357,0.37217
1.3394,0.37241
1.3432,0.372484
1.3469,0.372217
1.3506,0.372175
1.3543,0.372217
1.3581,0.372134
1.3618,0.37202
1.3655,0.371825
1.3692,0.371359
1.3729,0.370895
1.3767,0.370317
1.3804,0.369557
1.3841,0.36849
1.3878,0.36738
1.3915,0.365842
1.3952,0.364168
1.3989,0.362464
1.4026,0.360627
1.4063,0.358637
1.41,0.356827
1.4136,0.355152
1.4173,0.353895
1.421,0.352946
1.4247,0.352116
1.4283,0.351402
1.432,0.351233
1.4357,0.351044
1.4394,0.351159
1.443,0.351307
1.4467,0.351677
1.4503,0.352275
1.454,0.352955
1.4577,0.353535
1.4613,0.35421
1.465,0.355052
1.4686,0.355601
1.4722,0.355961
1.4759,0.356476
1.4795,0.356864
1.4832,0.357559
1.4868,0.358226
1.4904,0.359026
1.494,0.359909
1.4977,0.36103
1.5013,0.362096
1.5049,0.362926
1.5085,0.363724
1.5121,0.364289
1.5157,0.365037
1.5193,0.365881
1.5229,0.366381
1.5265,0.36706
1.5301,0.367713
1.5337,0.368568
1.5373,0.369403
1.5408,0.370225
1.5444,0.370975
1.548,0.371683
1.5516,0.372521
1.5551,0.373079
1.5587,0.373282
1.5623,0.373473
1.5658,0.3738
1.5694,0.374424
1.5729,0.374956
1.5765,0.375274
1.58,0.375892
1.5836,0.376501
1.5871,0.376758
1.5906,0.376964
1.5942,0.377128
1.5977,0.377433
1.6012,0.377981
1.6047,0.378718
1.6082,0.379252
1.6117,0.37959
1.6152,0.380043
1.6188,0.380478
1.6222,0.380721
1.6258,0.380751
1.6292,0.380666
1.6327,0.380766
1.6362,0.380965
1.6397,0.381059
1.6432,0.38106
1.6466,0.381064
1.6501,0.381322
1.6536,0.381921
1.657,0.382436
1.6605,0.382452
1.6639,0.382445
1.6674,0.382668
1.6708,0.382686
1.6743,0.382504
1.6777,0.382323
1.6811,0.382329
1.6845,0.382721
1.688,0.383019
1.6914,0.383253
1.6948,0.38336
1.6982,0.383491
1.7016,0.383809
1.705,0.383706
1.7084,0.383599
1.7118,0.383304
1.7152,0.383078
1.7186,0.382995
1.722,0.38296
1.7253,0.382918
1.7287,0.382813
1.7321,0.382655
1.7354,0.382654
1.7388,0.38234
1.7421,0.382116
1.7455,0.381648
1.7488,0.381188
1.7522,0.380912
1.7555,0.381046
1.7588,0.380952
1.7621,0.380873
1.7655,0.380651
1.7688,0.380559
1.7721,0.380301
1.7754,0.380357
1.7787,0.380146
1.782,0.379978
1.7853,0.379946
1.7885,0.380321
1.7918,0.380421
1.7951,0.380712
1.7984,0.380626
1.8016,0.380559
1.8049,0.380428
1.8082,0.380358
1.8114,0.379844
1.8146,0.379466
1.8179,0.379213
1.8211,0.379322
1.8243,0.379294
1.8276,0.379604
1.8308,0.379687
1.834,0.379616
1.8372,0.379164
1.8404,0.378538
1.8436,0.377494
1.8468,0.376453
1.85,0.375442
1.8532,0.37481
1.8564,0.373887
1.8595,0.373675
1.8627,0.37278
1.8659,0.37138
1.869,0.368769
1.8722,0.365595
1.8753,0.361561
1.8785,0.356821
1.8816,0.351661
1.8817,0.346404
1.8845,0.340597
1.8872,0.33477
1.89,0.327845
1.8928,0.320594
1.8955,0.312759
1.8983,0.305102
1.901,0.297528
1.9038,0.290429
1.9065,0.284431
1.9092,0.279555
1.912,0.275545
1.9147,0.272402
1.9174,0.270228
1.9202,0.268745
1.9229,0.267946
1.9256,0.267518
1.9283,0.267447
1.9311,0.267773
1.9338,0.268393
1.9365,0.269365
1.9392,0.270577
1.9419,0.271874
1.9446,0.27308
1.9473,0.274082
1.95,0.275262
1.9527,0.276467
1.9554,0.277722
1.9581,0.278849
1.9608,0.280291
1.9635,0.28205
1.9662,0.283907
1.9689,0.285603
1.9716,0.287256
1.9743,0.288965
1.9769,0.290883
1.9796,0.292662
1.9823,0.294205
1.985,0.295507
1.9876,0.29707
1.9903,0.298395
1.993,0.299959
1.9956,0.301733
1.9983,0.303552
2.0009,0.305235
2.0036,0.306989
2.0062,0.308479
2.0089,0.309936
2.0115,0.311182
2.0142,0.312612
2.0168,0.31392
2.0195,0.315453
2.0221,0.31701
2.0247,0.318393
2.0273,0.319603
2.03,0.320817
2.0326,0.321793
2.0352,0.322799
2.0378,0.323497
2.0405,0.324302
2.0431,0.32505
2.0457,0.325751
2.0483,0.326466
2.0509,0.327338
2.0535,0.32821
2.0561,0.329296
2.0587,0.33014
2.0613,0.330966
2.0639,0.331785
2.0665,0.332419
2.0691,0.333068
2.0717,0.333535
2.0743,0.333784
2.0769,0.334184
2.0795,0.33456
2.082,0.33511
2.0846,0.3354
2.0872,0.335955
2.0898,0.336695
2.0923,0.337493
2.0949,0.338319
2.0975,0.339043
2.1,0.33952
2.1026,0.34014
2.1051,0.340642
2.1077,0.341146
2.1102,0.341476
2.1128,0.341867
2.1153,0.342335
2.1179,0.343052
2.1204,0.343566
2.123,0.344026
2.1255,0.344297
2.128,0.344649
2.1306,0.344825
2.1331,0.344926
2.1356,0.344818
2.1382,0.344721
2.1407,0.344411
2.1432,0.344383
2.1457,0.344124
2.1482,0.343802
2.1507,0.343173
2.1532,0.342668
2.1558,0.342119
2.1582,0.341502
2.1608,0.340674
2.1633,0.340037
2.1658,0.339247
2.1682,0.33862
2.1707,0.337508
2.1732,0.336431
2.1757,0.335254
2.1782,0.334232
2.1807,0.333062
2.1832,0.332031
2.1856,0.331092
2.1881,0.330495
2.1906,0.329603
2.1931,0.328601
2.1955,0.327427
2.198,0.326487
2.2004,0.325471
2.2029,0.324344
2.2054,0.323197
2.2078,0.322703
2.2103,0.322212
2.2127,0.321755
2.2152,0.321163
2.2176,0.320735
2.2201,0.320111
2.2225,0.319568
2.2249,0.31878
2.2274,0.317952
2.2298,0.317115
2.2322,0.316459
2.2347,0.315477
2.2371,0.314548
2.2395,0.313948
2.2419,0.313493
2.2443,0.312795
2.2468,0.312428
2.2492,0.312115
2.2516,0.311765
2.254,0.311192
2.2564,0.310577
2.2588,0.310201
2.2612,0.310169
2.2636,0.310257
2.266,0.310247
2.2684,0.309991
2.2708,0.309953
2.2732,0.309876
2.2756,0.309529
2.2779,0.309005
2.2803,0.308542
2.2827,0.308207
2.2851,0.307847
2.2874,0.307331
2.2898,0.30699
2.2922,0.306556
2.2946,0.306406
2.2969,0.30598
2.2993,0.305628
2.3016,0.305268
2.304,0.304947
2.3063,0.304363
2.3087,0.303898
2.311,0.303426
2.3134,0.303181
2.3157,0.302773
2.3181,0.302629
2.3204,0.302239
2.3228,0.30189
2.3251,0.301292
2.3274,0.300593
2.3297,0.299804
2.3321,0.299254
2.3344,0.298622
2.3367,0.298086
2.339,0.297476
2.3413,0.297175
2.3437,0.296827
2.346,0.296594
2.3483,0.296307
2.3506,0.295954
2.3529,0.295515
2.3552,0.295319
2.3575,0.294892
2.3598,0.294383
2.3621,0.293727
2.3644,0.293386
2.3667,0.292789
2.3689,0.292256
2.3712,0.291085
2.3735,0.289819
2.3758,0.288385
2.3781,0.287498
2.3803,0.286562
2.3826,0.285741
2.3849,0.284949
2.3872,0.284657
2.3894,0.284108
2.3917,0.283462
2.3939,0.28247
2.3962,0.281339
2.3984,0.279923
2.4007,0.278746
2.4029,0.277286
2.4052,0.275818
2.4074,0.274383
2.4097,0.273709
2.4119,0.273191
2.4142,0.272415
2.4164,0.271083
2.4186,0.269684
2.4208,0.268417
2.4231,0.267082
2.4253,0.26538
2.4275,0.264114
2.4297,0.262948
2.432,0.262094
2.4342,0.26071
2.4364,0.259294
2.4386,0.257719
2.4408,0.256401
2.443,0.255279
2.4452,0.254065
2.4474,0.252864
2.4496,0.251947
2.4518,0.250729
2.454,0.249468
2.4562,0.247803
2.4584,0.246775
2.4606,0.245455
2.4627,0.24414
2.4649,0.24325
2.4671,0.242596
2.4693,0.241285
2.4714,0.239987
2.4736,0.238868
2.4758,0.237838
2.4779,0.236831
2.4801,0.236618
2.4823,0.23612
2.4844,0.235375
2.4866,0.234387
2.4887,0.233397
2.4909,0.231798
2.493,0.23094
2.4952,0.230347
2.4973,0.229652
2.4994,0.229115
2.5016,0.228736
2.5037,0.228514
2.5058,0.228449
