# Long-wave emissivity of cement brick black, 8.002-14 um.
#
# source: MEASURED. SLUM, the Spectral Library of impervious Urban Materials: S. Kotthaus, T. E. L. Smith, M. J. Wooster, C. S. B. Grimmond (2014), Derivation of an urban materials spectral library through emittance and reflectance spectroscopy, ISPRS J. Photogramm. Remote Sens. 94, 194-212, doi:10.1016/j.isprsjprs.2014.05.005; data doi:10.5281/zenodo.4263842 (MPL-2.0). Sample B003.
#   Copied by scripts/import_slum.py; wavelengths converted to micrometres and reflectance from percent to a fraction, otherwise unmodified.
#   Licence: Mozilla Public License 2.0, as SLUM is released; this file is a subset of it and stays under MPL-2.0 (https://mozilla.org/MPL/2.0/).
# Columns: wavelength in MICROMETRES, value.
8.00224,0.889743
8.00842,0.8901
8.01461,0.89041
8.02081,0.890378
8.02702,0.89015
8.03324,0.88999
8.03946,0.889583
8.0457,0.888997
8.05195,0.88863
8.0582,0.888262
8.06447,0.888145
8.07075,0.888467
8.07703,0.88902
8.08333,0.889517
8.08963,0.889851
8.09595,0.890262
8.10227,0.890582
8.10861,0.890777
8.11495,0.890838
8.12131,0.890733
8.12767,0.890676
8.13405,0.890453
8.14043,0.889975
8.14682,0.889517
8.15323,0.889125
8.15964,0.888881
8.16607,0.888797
8.1725,0.888753
8.17895,0.888895
8.18541,0.889148
8.19187,0.88917
8.19835,0.888819
8.20483,0.888336
8.21133,0.888069
8.21784,0.887884
8.22435,0.887766
8.23088,0.887822
8.23742,0.88762
8.24397,0.887425
8.25052,0.887426
8.25709,0.887203
8.26367,0.886951
8.27026,0.886775
8.27686,0.886591
8.28347,0.886571
8.29009,0.886926
8.29673,0.887342
8.30337,0.887512
8.31002,0.887934
8.31669,0.888604
8.32336,0.889103
8.33005,0.889706
8.33674,0.890288
8.34345,0.890762
8.35017,0.891523
8.3569,0.892392
8.36364,0.893121
8.37039,0.893892
8.37715,0.894566
8.38392,0.895144
8.3907,0.896058
8.3975,0.897229
8.4043,0.898453
8.41112,0.899752
8.41794,0.901011
8.42478,0.901995
8.43163,0.902905
8.43849,0.904107
8.44536,0.905399
8.45225,0.906601
8.45914,0.907932
8.46605,0.909257
8.47296,0.910422
8.47989,0.911349
8.48683,0.911881
8.49378,0.912228
8.50074,0.912754
8.50772,0.913482
8.5147,0.914176
8.5217,0.914823
8.52871,0.91557
8.53573,0.916611
8.54276,0.917825
8.5498,0.919098
8.55685,0.920363
8.56392,0.921436
8.571,0.92251
8.57809,0.923428
8.58519,0.924029
8.5923,0.924703
8.59943,0.925367
8.60656,0.925952
8.61371,0.9268
8.62087,0.927726
8.62804,0.928128
8.63523,0.928335
8.64242,0.929122
8.64963,0.92991
8.65685,0.930263
8.66408,0.930785
8.67133,0.931289
8.67858,0.931547
8.68585,0.932116
8.69313,0.93263
8.70043,0.932615
8.70773,0.932866
8.71505,0.933627
8.72238,0.934455
8.72972,0.935392
8.73708,0.936061
8.74444,0.935954
8.75182,0.935426
8.75921,0.93512
8.76662,0.934926
8.77403,0.934332
8.78146,0.934142
8.78891,0.934661
8.79636,0.935281
8.80383,0.935905
8.81131,0.93609
8.8188,0.935974
8.8263,0.935793
8.83382,0.935551
8.84135,0.935288
8.8489,0.93485
8.85645,0.934883
8.86402,0.935307
8.87161,0.935388
8.8792,0.935462
8.88681,0.935738
8.89443,0.936
8.90207,0.935954
8.90971,0.935664
8.91738,0.935327
8.92505,0.934733
8.93274,0.934232
8.94044,0.933963
8.94815,0.933624
8.95588,0.933445
8.96362,0.933504
8.97137,0.933687
8.97914,0.933926
8.98692,0.934169
8.99472,0.934112
9.00252,0.933628
9.01035,0.933374
9.01818,0.933021
9.02603,0.932581
9.03389,0.932798
9.04177,0.933207
9.04966,0.933552
9.05756,0.933855
9.06548,0.934113
9.07341,0.934314
9.08136,0.934316
9.08932,0.934032
9.09729,0.933431
9.10527,0.933146
9.11328,0.933329
9.12129,0.933394
9.12932,0.933391
9.13736,0.933272
9.14542,0.933114
9.15349,0.933216
9.16158,0.933099
9.16968,0.932792
9.17779,0.932668
9.18592,0.932767
9.19407,0.933024
9.20223,0.933245
9.2104,0.933346
9.21858,0.933209
9.22679,0.933192
9.235,0.933439
9.24323,0.933708
9.25148,0.934104
9.25974,0.934306
9.26801,0.934369
9.2763,0.934617
9.28461,0.934854
9.29293,0.935089
9.30126,0.935458
9.30961,0.936025
9.31798,0.936499
9.32636,0.936909
9.33475,0.937361
9.34316,0.937479
9.35159,0.937551
9.36003,0.93802
9.36848,0.93857
9.37695,0.93893
9.38544,0.939406
9.39394,0.939912
9.40246,0.940211
9.41099,0.940682
9.41954,0.941211
9.4281,0.941515
9.43668,0.94207
9.44527,0.942805
9.45388,0.94308
9.46251,0.943221
9.47115,0.943752
9.47981,0.944038
9.48848,0.944027
9.49717,0.944363
9.50587,0.944572
9.51459,0.944688
9.52333,0.945007
9.53208,0.944994
9.54085,0.944899
9.54964,0.945382
9.55844,0.94602
9.56726,0.946042
9.57609,0.9459
9.58494,0.945967
9.59381,0.945831
9.60269,0.945726
9.61159,0.945809
9.62051,0.945954
9.62944,0.946207
9.63839,0.946356
9.64736,0.946139
9.65634,0.945536
9.66534,0.945031
9.67435,0.944929
9.68339,0.944978
9.69244,0.945141
9.7015,0.945756
9.71059,0.946946
9.71969,0.948189
9.72881,0.949065
9.73794,0.949732
9.74709,0.950317
9.75626,0.950722
9.76545,0.950932
9.77465,0.950811
9.78388,0.950339
9.79311,0.949988
9.80237,0.949622
9.81164,0.949127
9.82094,0.948882
9.83024,0.948814
9.83957,0.948896
9.84892,0.948916
9.85828,0.948972
9.86766,0.949357
9.87706,0.949844
9.88647,0.950206
9.8959,0.950357
9.90536,0.950872
9.91483,0.951757
9.92431,0.952279
9.93382,0.952547
9.94334,0.952738
9.95289,0.952954
9.96245,0.953135
9.97203,0.953088
9.98162,0.952912
9.99124,0.952731
10.0009,0.952687
10.0105,0.952579
10.0202,0.952314
10.0299,0.952156
10.0396,0.952281
10.0493,0.952523
10.0591,0.952605
10.0688,0.952636
10.0786,0.952665
10.0884,0.952469
10.0983,0.952163
10.1081,0.951867
10.118,0.951518
10.1278,0.951171
10.1377,0.950903
10.1477,0.950707
10.1576,0.950553
10.1676,0.950655
10.1775,0.950943
10.1875,0.951199
10.1975,0.951376
10.2076,0.951323
10.2176,0.951167
10.2277,0.951057
10.2378,0.950934
10.2479,0.95088
10.2581,0.950932
10.2682,0.951105
10.2784,0.951285
10.2886,0.951201
10.2988,0.950816
10.3091,0.950379
10.3193,0.950132
10.3296,0.949991
10.3399,0.949927
10.3502,0.950004
10.3605,0.950042
10.3709,0.950067
10.3813,0.950027
10.3917,0.949681
10.4021,0.9492
10.4126,0.948876
10.423,0.948694
10.4335,0.948551
10.444,0.948379
10.4545,0.947978
10.4651,0.947701
10.4757,0.947841
10.4863,0.947834
10.4969,0.947522
10.5075,0.947219
10.5182,0.947098
10.5288,0.947056
10.5395,0.947037
10.5503,0.94693
10.561,0.946596
10.5718,0.946564
10.5826,0.946835
10.5934,0.946762
10.6042,0.946213
10.6151,0.945622
10.6259,0.945258
10.6368,0.944923
10.6477,0.944716
10.6587,0.944559
10.6697,0.94414
10.6806,0.943848
10.6917,0.943976
10.7027,0.944106
10.7137,0.944073
10.7248,0.944279
10.7359,0.944658
10.7471,0.944794
10.7582,0.944825
10.7694,0.944765
10.7806,0.94454
10.7918,0.944507
10.803,0.944359
10.8143,0.943874
10.8256,0.943527
10.8369,0.94324
10.8482,0.942698
10.8596,0.941901
10.871,0.941303
10.8824,0.941148
10.8938,0.941409
10.9053,0.941987
10.9167,0.942116
10.9282,0.941985
10.9398,0.942429
10.9513,0.942935
10.9629,0.943148
10.9745,0.943371
10.9861,0.943597
10.9978,0.94364
11.0095,0.943558
11.0212,0.943222
11.0329,0.942476
11.0446,0.941722
11.0564,0.941131
11.0682,0.94048
11.08,0.94021
11.0919,0.940699
11.1038,0.941193
11.1157,0.941775
11.1276,0.942817
11.1395,0.943636
11.1515,0.943785
11.1635,0.94358
11.1755,0.943219
11.1876,0.942521
11.1997,0.942117
11.2118,0.942352
11.2239,0.942789
11.2361,0.943779
11.2483,0.945004
11.2605,0.945372
11.2727,0.944993
11.285,0.944508
11.2973,0.944162
11.3096,0.943886
11.322,0.943728
11.3343,0.944166
11.3467,0.945121
11.3592,0.946041
11.3716,0.946891
11.3841,0.947282
11.3966,0.947128
11.4091,0.947069
11.4217,0.947169
11.4343,0.947351
11.4469,0.947549
11.4596,0.947961
11.4722,0.948817
11.4849,0.949235
11.4977,0.949295
11.5104,0.948981
11.5232,0.94816
11.536,0.948038
11.5489,0.948005
11.5618,0.947772
11.5747,0.947787
11.5876,0.947905
11.6006,0.948794
11.6136,0.949642
11.6266,0.950123
11.6396,0.950555
11.6527,0.950787
11.6658,0.951734
11.679,0.952546
11.6921,0.953167
11.7053,0.954027
11.7185,0.95422
11.7318,0.9544
11.7451,0.954301
11.7584,0.953602
11.7717,0.953198
11.7851,0.95325
11.7985,0.954232
11.812,0.955556
11.8254,0.95663
11.8389,0.9577
11.8525,0.957865
11.866,0.957356
11.8796,0.956057
11.8932,0.95429
11.9069,0.95372
11.9206,0.953713
11.9343,0.954157
11.9481,0.955271
11.9618,0.955902
11.9756,0.95626
11.9895,0.956381
12.0034,0.955887
12.0173,0.954732
12.0312,0.95352
12.0452,0.953289
12.0592,0.953096
12.0732,0.953126
12.0873,0.95405
12.1014,0.954568
12.1155,0.955112
12.1297,0.956535
12.1439,0.957816
12.1582,0.958249
12.1724,0.9586
12.1867,0.958912
12.2011,0.958077
12.2154,0.957109
12.2298,0.95714
12.2443,0.957385
12.2588,0.95797
12.2733,0.959542
12.2878,0.961844
12.3024,0.963708
12.317,0.964722
12.3316,0.965374
12.3463,0.964976
12.361,0.963909
12.3758,0.962848
12.3906,0.961308
12.4054,0.959634
12.4202,0.959249
12.4351,0.960967
12.4501,0.962769
12.465,0.964388
12.48,0.967003
12.4951,0.96836
12.5101,0.967697
12.5253,0.965727
12.5404,0.962727
12.5556,0.960737
12.5708,0.961008
12.5861,0.962614
12.6013,0.964356
12.6167,0.966341
12.632,0.968149
12.6474,0.968963
12.6629,0.969329
12.6784,0.968957
12.6939,0.968143
12.7094,0.968129
12.725,0.968068
12.7407,0.967863
12.7563,0.968243
12.7721,0.967929
12.7878,0.967066
12.8036,0.967588
12.8194,0.968921
12.8353,0.969994
12.8512,0.97085
12.8671,0.97067
12.8831,0.969435
12.8991,0.968481
12.9152,0.967379
12.9313,0.964967
12.9475,0.963186
12.9636,0.963509
12.9799,0.964084
12.9961,0.964599
13.0124,0.965368
13.0288,0.96518
13.0452,0.964462
13.0616,0.964091
13.0781,0.963794
13.0946,0.963186
13.1111,0.962722
13.1277,0.963408
13.1444,0.964596
13.1611,0.965634
13.1778,0.96601
13.1945,0.964915
13.2113,0.9638
13.2282,0.963347
13.2451,0.962514
13.262,0.961447
13.279,0.961115
13.296,0.961838
13.3131,0.961889
13.3302,0.960973
13.3474,0.960246
13.3646,0.959882
13.3818,0.960287
13.3991,0.960643
13.4164,0.960492
13.4338,0.961222
13.4512,0.962475
13.4687,0.962444
13.4862,0.961166
13.5038,0.960092
13.5214,0.960234
13.539,0.960819
13.5567,0.961067
13.5745,0.961094
13.5923,0.960667
13.6101,0.960054
13.628,0.958869
13.6459,0.956938
13.6639,0.955509
13.6819,0.954482
13.7,0.953465
13.7181,0.952386
13.7363,0.951655
13.7545,0.951898
13.7728,0.952312
13.7911,0.952771
13.8095,0.953218
13.8279,0.953262
13.8463,0.953744
13.8649,0.95417
13.8834,0.953505
13.902,0.952139
13.9207,0.950792
13.9394,0.950223
13.9582,0.950201
13.977,0.950439
13.9958,0.950237
