# Short-wave reflectance (fraction) of clay brick painted, 0.3481-2.506 um.
#
# source: MEASURED. SLUM, the Spectral Library of impervious Urban Materials: S. Kotthaus, T. E. L. Smith, M. J. Wooster, C. S. B. Grimmond (2014), Derivation of an urban materials spectral library through emittance and reflectance spectroscopy, ISPRS J. Photogramm. Remote Sens. 94, 194-212, doi:10.1016/j.isprsjprs.2014.05.005; data doi:10.5281/zenodo.4263842 (MPL-2.0). Sample B012.
#   Copied by scripts/import_slum.py; wavelengths converted to micrometres and reflectance from percent to a fraction, otherwise unmodified.
#   Licence: Mozilla Public License 2.0, as SLUM is released; this file is a subset of it and stays under MPL-2.0 (https://mozilla.org/MPL/2.0/).
# Columns: wavelength in MICROMETRES, value.
0.3481,0.202961
0.3497,0.202496
0.3513,0.20206
0.3529,0.201655
0.3545,0.201278
0.3561,0.200932
0.3576,0.200732
0.3592,0.200888
0.3608,0.200455
0.3624,0.199563
0.3639,0.198496
0.3655,0.197167
0.3671,0.196389
0.3687,0.196529
0.3702,0.197467
0.3718,0.199301
0.3734,0.201275
0.3749,0.203583
0.3765,0.205505
0.378,0.206918
0.3796,0.207985
0.3811,0.208907
0.3827,0.210235
0.3842,0.212412
0.3858,0.215342
0.3873,0.219101
0.3889,0.223623
0.3904,0.229018
0.392,0.234689
0.3935,0.240698
0.395,0.246907
0.3966,0.25328
0.3981,0.260032
0.3996,0.267123
0.4012,0.274365
0.4027,0.281701
0.4042,0.28892
0.4058,0.295998
0.4073,0.302511
0.4088,0.308472
0.4104,0.313622
0.4119,0.317927
0.4134,0.321608
0.4149,0.324674
0.4165,0.327242
0.418,0.329498
0.4195,0.331582
0.421,0.333588
0.4225,0.335606
0.4241,0.337718
0.4256,0.339819
0.4271,0.34198
0.4286,0.344223
0.4301,0.346515
0.4316,0.348767
0.4331,0.351101
0.4347,0.353317
0.4362,0.35544
0.4377,0.357604
0.4392,0.359707
0.4407,0.361735
0.4422,0.3637
0.4437,0.365673
0.4452,0.367672
0.4467,0.36963
0.4482,0.37156
0.4497,0.373287
0.4512,0.375053
0.4527,0.376765
0.4542,0.378407
0.4557,0.379928
0.4572,0.381412
0.4587,0.382874
0.4602,0.384321
0.4617,0.385717
0.4632,0.387049
0.4647,0.388299
0.4662,0.389644
0.4677,0.390983
0.4692,0.3923
0.4707,0.393628
0.4722,0.395036
0.4737,0.396488
0.4752,0.39793
0.4766,0.399397
0.4781,0.400839
0.4796,0.402348
0.4811,0.403903
0.4826,0.405397
0.4841,0.40695
0.4856,0.408598
0.4871,0.410323
0.4885,0.412123
0.49,0.413878
0.4915,0.415782
0.493,0.417758
0.4945,0.419897
0.4959,0.422063
0.4974,0.424216
0.4989,0.426422
0.5004,0.428691
0.5019,0.431
0.5034,0.43332
0.5048,0.435597
0.5063,0.437932
0.5078,0.440239
0.5092,0.442525
0.5107,0.444794
0.5122,0.447066
0.5137,0.449332
0.5151,0.451666
0.5166,0.454034
0.5181,0.456416
0.5196,0.458822
0.521,0.461186
0.5225,0.463587
0.524,0.466023
0.5254,0.468543
0.5269,0.471115
0.5284,0.473729
0.5298,0.476364
0.5313,0.478989
0.5328,0.48157
0.5342,0.484109
0.5357,0.486569
0.5371,0.489124
0.5386,0.491685
0.5401,0.494259
0.5415,0.496826
0.543,0.499389
0.5445,0.501947
0.5459,0.504397
0.5474,0.506806
0.5488,0.509116
0.5503,0.511446
0.5517,0.513843
0.5532,0.516228
0.5546,0.518666
0.5561,0.521111
0.5575,0.523541
0.559,0.526012
0.5604,0.528328
0.5619,0.530686
0.5633,0.533026
0.5648,0.535378
0.5662,0.537703
0.5677,0.539985
0.5691,0.542253
0.5706,0.544444
0.572,0.546589
0.5735,0.548637
0.5749,0.55057
0.5763,0.55255
0.5778,0.554509
0.5792,0.556419
0.5806,0.558311
0.5821,0.56011
0.5835,0.561861
0.585,0.563534
0.5864,0.565117
0.5878,0.566491
0.5893,0.567886
0.5907,0.569313
0.5921,0.570722
0.5935,0.572098
0.595,0.573404
0.5964,0.57464
0.5978,0.575816
0.5993,0.576884
0.6007,0.577869
0.6021,0.57873
0.6035,0.579644
0.605,0.580545
0.6064,0.581351
0.6078,0.58217
0.6092,0.583036
0.6106,0.583907
0.6121,0.584714
0.6135,0.585538
0.6149,0.586292
0.6163,0.586972
0.6177,0.587601
0.6191,0.588118
0.6205,0.588563
0.622,0.58902
0.6234,0.589501
0.6248,0.589947
0.6262,0.59042
0.6276,0.590956
0.629,0.591456
0.6304,0.591973
0.6318,0.592461
0.6332,0.592981
0.6346,0.593513
0.636,0.594048
0.6374,0.594581
0.6388,0.595053
0.6402,0.59557
0.6416,0.596102
0.643,0.59667
0.6444,0.597248
0.6458,0.597839
0.6472,0.598521
0.6485,0.599191
0.6499,0.599857
0.6513,0.60051
0.6527,0.601116
0.6541,0.60175
0.6555,0.602334
0.6569,0.602909
0.6582,0.60342
0.6596,0.603855
0.661,0.604246
0.6624,0.604545
0.6638,0.604761
0.6651,0.604925
0.6665,0.605119
0.6679,0.605321
0.6693,0.605588
0.6706,0.605928
0.672,0.606277
0.6734,0.60669
0.6747,0.607135
0.6761,0.60756
0.6775,0.607929
0.6788,0.608241
0.6802,0.608582
0.6815,0.608937
0.6829,0.609381
0.6843,0.609836
0.6856,0.610322
0.687,0.610826
0.6883,0.61128
0.6897,0.611673
0.691,0.612062
0.6924,0.612351
0.6937,0.61265
0.6951,0.61293
0.6964,0.613246
0.6978,0.61355
0.6991,0.613881
0.7005,0.614222
0.7018,0.614574
0.7032,0.614927
0.7045,0.615294
0.7058,0.615624
0.7072,0.615988
0.7085,0.616363
0.7098,0.616776
0.7112,0.617164
0.7125,0.617589
0.7138,0.618039
0.7152,0.618526
0.7165,0.619012
0.7178,0.619451
0.7191,0.619872
0.7205,0.620303
0.7218,0.620772
0.7231,0.621191
0.7244,0.621576
0.7258,0.621942
0.7271,0.622239
0.7284,0.62257
0.7297,0.622886
0.731,0.623224
0.7323,0.623642
0.7336,0.624147
0.735,0.624715
0.7363,0.625314
0.7376,0.625943
0.7389,0.626558
0.7402,0.627187
0.7415,0.627787
0.7428,0.62832
0.7441,0.628839
0.7454,0.629335
0.7467,0.629814
0.748,0.630237
0.7493,0.630657
0.7506,0.631071
0.7519,0.631452
0.7531,0.631865
0.7544,0.632191
0.7557,0.632484
0.757,0.632733
0.7583,0.632925
0.7596,0.633116
0.7609,0.633275
0.7621,0.633438
0.7634,0.633575
0.7647,0.633727
0.766,0.633858
0.7673,0.633975
0.7685,0.634146
0.7698,0.634283
0.7711,0.634416
0.7724,0.634565
0.7736,0.634686
0.7749,0.634827
0.7762,0.635001
0.7774,0.635168
0.7787,0.635282
0.78,0.635391
0.7812,0.635553
0.7825,0.635657
0.7837,0.635758
0.785,0.635841
0.7863,0.635874
0.7875,0.636002
0.7888,0.636104
0.79,0.63617
0.7913,0.636221
0.7925,0.6363
0.7938,0.636332
0.795,0.63632
0.7963,0.636245
0.7975,0.636171
0.7988,0.636161
0.8,0.636248
0.8012,0.636347
0.8025,0.636441
0.8037,0.636544
0.805,0.636653
0.8062,0.636657
0.8074,0.636676
0.8087,0.636605
0.8099,0.636513
0.8111,0.636485
0.8124,0.636411
0.8136,0.636358
0.8148,0.636272
0.816,0.636206
0.8172,0.636107
0.8185,0.635974
0.8197,0.635919
0.8209,0.635802
0.8221,0.635678
0.8234,0.635587
0.8246,0.635485
0.8258,0.635385
0.827,0.635286
0.8282,0.635264
0.8294,0.635144
0.8306,0.635062
0.8318,0.634932
0.833,0.634761
0.8342,0.634611
0.8355,0.634479
0.8366,0.634397
0.8379,0.634213
0.839,0.634024
0.8402,0.633901
0.8415,0.633702
0.8426,0.633624
0.8438,0.633438
0.845,0.633329
0.8462,0.633232
0.8474,0.63315
0.8486,0.633161
0.8498,0.63307
0.851,0.632977
0.8522,0.632942
0.8533,0.632889
0.8545,0.632852
0.8557,0.632744
0.8569,0.632727
0.8581,0.632747
0.8592,0.632726
0.8604,0.632768
0.8616,0.632672
0.8628,0.632659
0.8639,0.632697
0.8651,0.632743
0.8663,0.632727
0.8674,0.632726
0.8686,0.632799
0.8698,0.632888
0.8709,0.632992
0.8721,0.633075
0.8732,0.633036
0.8744,0.633092
0.8755,0.633119
0.8767,0.633138
0.8779,0.633118
0.879,0.633232
0.8801,0.63328
0.8813,0.633273
0.8825,0.633339
0.8836,0.633262
0.8847,0.633224
0.8859,0.633136
0.887,0.633044
0.8881,0.632896
0.8893,0.632787
0.8904,0.632825
0.8916,0.632736
0.8927,0.632768
0.8938,0.632783
0.895,0.632754
0.8961,0.632779
0.8972,0.632789
0.8983,0.632945
0.8994,0.633164
0.9006,0.633341
0.9017,0.633478
0.9028,0.633674
0.9039,0.633855
0.905,0.633873
0.9061,0.633942
0.9072,0.633887
0.9083,0.633915
0.9094,0.633943
0.9105,0.634074
0.9116,0.634215
0.9128,0.63421
0.9138,0.634256
0.9149,0.63411
0.916,0.634048
0.9171,0.634118
0.9182,0.634111
0.9193,0.634241
0.9204,0.634197
0.9215,0.634366
0.9225,0.634625
0.9236,0.634817
0.9247,0.635125
0.9258,0.635258
0.9268,0.635558
0.9279,0.63572
0.929,0.635714
0.93,0.635848
0.9311,0.635838
0.9321,0.635979
0.9332,0.636069
0.9343,0.636274
0.9353,0.636606
0.9364,0.636668
0.9374,0.637085
0.9385,0.637218
0.9395,0.637304
0.9405,0.637461
0.9416,0.637602
0.9426,0.637807
0.9436,0.637688
0.9447,0.637739
0.9457,0.637939
0.9467,0.638027
0.9477,0.638222
0.9488,0.63826
0.9498,0.63845
0.9508,0.638645
0.9518,0.638854
0.9528,0.638845
0.9538,0.638503
0.9548,0.63862
0.9558,0.638777
0.9568,0.639072
0.9578,0.63907
0.9587,0.639074
0.9597,0.639104
0.9607,0.639086
0.9617,0.639507
0.9626,0.639348
0.9636,0.639533
0.9646,0.639959
0.9655,0.640325
0.9665,0.640652
0.9675,0.640418
0.9684,0.64004
0.9694,0.639477
0.9703,0.63914
0.9712,0.639041
0.9722,0.638528
0.9731,0.638679
0.974,0.638794
0.9749,0.639065
0.9759,0.639167
0.9768,0.639319
0.9777,0.639848
0.9786,0.640619
0.9795,0.641385
0.9816,0.641544
0.9854,0.642335
0.9893,0.64332
0.9931,0.644339
0.997,0.645202
1.0008,0.646011
1.0047,0.646483
1.0085,0.646961
1.0124,0.647461
1.0162,0.647511
1.0201,0.647496
1.0239,0.648696
1.0278,0.650049
1.0316,0.651853
1.0354,0.653712
1.0393,0.655312
1.0431,0.656217
1.047,0.656793
1.0508,0.656783
1.0547,0.65674
1.0585,0.657098
1.0623,0.657806
1.0662,0.658465
1.07,0.659385
1.0738,0.660282
1.0777,0.660812
1.0815,0.661256
1.0853,0.661535
1.0892,0.66138
1.093,0.661694
1.0968,0.66237
1.1007,0.663191
1.1045,0.663995
1.1083,0.664746
1.1122,0.665305
1.116,0.665728
1.1198,0.665867
1.1237,0.666029
1.1275,0.665658
1.1313,0.6652
1.1351,0.664946
1.139,0.664907
1.1428,0.665
1.1466,0.665295
1.1504,0.665209
1.1542,0.665097
1.158,0.664924
1.1619,0.664937
1.1657,0.6644
1.1695,0.663659
1.1733,0.663194
1.1771,0.662997
1.1809,0.66295
1.1847,0.663142
1.1885,0.662891
1.1923,0.662909
1.1961,0.66304
1.1999,0.663088
1.2037,0.662842
1.2075,0.662762
1.2113,0.663067
1.2151,0.663444
1.2189,0.663717
1.2227,0.664061
1.2265,0.664446
1.2303,0.665126
1.2341,0.665605
1.2379,0.665887
1.2417,0.6661
1.2455,0.666496
1.2492,0.666712
1.253,0.66692
1.2568,0.667123
1.2606,0.667364
1.2643,0.667734
1.2681,0.668209
1.2719,0.668351
1.2757,0.668343
1.2794,0.668321
1.2832,0.668212
1.287,0.667824
1.2907,0.667449
1.2945,0.667029
1.2982,0.666741
1.302,0.666487
1.3057,0.666231
1.3095,0.665745
1.3132,0.665447
1.317,0.665271
1.3207,0.665039
1.3245,0.664845
1.3282,0.664385
1.332,0.663697
1.3357,0.662984
1.3394,0.66218
1.3432,0.661282
1.3469,0.66019
1.3506,0.659274
1.3543,0.658368
1.3581,0.657259
1.3618,0.656266
1.3655,0.655068
1.3692,0.653442
1.3729,0.651525
1.3767,0.649363
1.3804,0.64708
1.3841,0.644636
1.3878,0.642342
1.3915,0.639823
1.3952,0.637179
1.3989,0.634624
1.4026,0.631934
1.4063,0.628996
1.41,0.625867
1.4136,0.622635
1.4173,0.619489
1.421,0.616246
1.4247,0.612505
1.4283,0.607933
1.432,0.603022
1.4357,0.597823
1.4394,0.593243
1.443,0.589624
1.4467,0.587402
1.4503,0.586817
1.454,0.587651
1.4577,0.589478
1.4613,0.591678
1.465,0.594005
1.4686,0.59572
1.4722,0.596787
1.4759,0.59747
1.4795,0.597671
1.4832,0.597813
1.4868,0.598005
1.4904,0.598665
1.494,0.59988
1.4977,0.601779
1.5013,0.604146
1.5049,0.606448
1.5085,0.608666
1.5121,0.610345
1.5157,0.611599
1.5193,0.612301
1.5229,0.612417
1.5265,0.61249
1.5301,0.612433
1.5337,0.612616
1.5373,0.613128
1.5408,0.614118
1.5444,0.615602
1.548,0.617449
1.5516,0.619578
1.5551,0.621594
1.5587,0.623467
1.5623,0.625318
1.5658,0.627064
1.5694,0.628833
1.5729,0.630461
1.5765,0.631799
1.58,0.63333
1.5836,0.634708
1.5871,0.635688
1.5906,0.636483
1.5942,0.637281
1.5977,0.638174
1.6012,0.639074
1.6047,0.640064
1.6082,0.640887
1.6117,0.641511
1.6152,0.642251
1.6188,0.64283
1.6222,0.6433
1.6258,0.643502
1.6292,0.643629
1.6327,0.643884
1.6362,0.644189
1.6397,0.644378
1.6432,0.644441
1.6466,0.644371
1.6501,0.644285
1.6536,0.644118
1.657,0.643765
1.6605,0.642707
1.6639,0.641545
1.6674,0.640596
1.6708,0.639552
1.6743,0.638343
1.6777,0.637189
1.6811,0.636087
1.6845,0.635198
1.688,0.634001
1.6914,0.632615
1.6948,0.630888
1.6982,0.629129
1.7016,0.627374
1.705,0.625118
1.7084,0.622781
1.7118,0.620286
1.7152,0.617772
1.7186,0.615525
1.722,0.613345
1.7253,0.611179
1.7287,0.608866
1.7321,0.606617
1.7354,0.604639
1.7388,0.602652
1.7421,0.60118
1.7455,0.599835
1.7488,0.598834
1.7522,0.59849
1.7555,0.59884
1.7588,0.599243
1.7621,0.599628
1.7655,0.600185
1.7688,0.600977
1.7721,0.601931
1.7754,0.603392
1.7787,0.604621
1.782,0.605989
1.7853,0.60753
1.7885,0.609184
1.7918,0.61049
1.7951,0.611824
1.7984,0.613146
1.8016,0.614459
1.8049,0.615737
1.8082,0.61678
1.8114,0.617508
1.8146,0.618174
1.8179,0.618486
1.8211,0.618654
1.8243,0.618448
1.8276,0.618339
1.8308,0.618618
1.834,0.619195
1.8372,0.61934
1.8404,0.619218
1.8436,0.618613
1.8468,0.617239
1.85,0.615384
1.8532,0.613264
1.8564,0.61044
1.8595,0.607325
1.8627,0.603772
1.8659,0.599079
1.869,0.593287
1.8722,0.587538
1.8753,0.581187
1.8785,0.574294
1.8816,0.567273
1.8817,0.560002
1.8845,0.552143
1.8872,0.543606
1.89,0.533787
1.8928,0.522916
1.8955,0.511829
1.8983,0.501343
1.901,0.491106
1.9038,0.481263
1.9065,0.47207
1.9092,0.463734
1.912,0.455707
1.9147,0.447897
1.9174,0.439942
1.9202,0.431694
1.9229,0.42291
1.9256,0.413865
1.9283,0.404895
1.9311,0.396552
1.9338,0.389416
1.9365,0.384118
1.9392,0.380576
1.9419,0.379302
1.9446,0.380134
1.9473,0.382942
1.95,0.387679
1.9527,0.393766
1.9554,0.40052
1.9581,0.407229
1.9608,0.413212
1.9635,0.418155
1.9662,0.421841
1.9689,0.424869
1.9716,0.427591
1.9743,0.430423
1.9769,0.433665
1.9796,0.437349
1.9823,0.441784
1.985,0.446977
1.9876,0.453052
1.9903,0.460099
1.993,0.468292
1.9956,0.477548
1.9983,0.487105
2.0009,0.496275
2.0036,0.504564
2.0062,0.511937
2.0089,0.518619
2.0115,0.52415
2.0142,0.528818
2.0168,0.532859
2.0195,0.5365
2.0221,0.539689
2.0247,0.542471
2.0273,0.544774
2.03,0.546579
2.0326,0.548252
2.0352,0.549898
2.0378,0.551091
2.0405,0.552085
2.0431,0.552958
2.0457,0.553674
2.0483,0.554388
2.0509,0.554986
2.0535,0.555095
2.0561,0.554877
2.0587,0.554651
2.0613,0.554398
2.0639,0.554396
2.0665,0.554467
2.0691,0.554596
2.0717,0.554488
2.0743,0.554084
2.0769,0.55367
2.0795,0.553058
2.082,0.552199
2.0846,0.551274
2.0872,0.550451
2.0898,0.549844
2.0923,0.549062
2.0949,0.548155
2.0975,0.546781
2.1,0.545433
2.1026,0.544415
2.1051,0.543095
2.1077,0.541765
2.1102,0.540315
2.1128,0.53872
2.1153,0.53728
2.1179,0.536004
2.1204,0.534937
2.123,0.533751
2.1255,0.532937
2.128,0.53201
2.1306,0.53063
2.1331,0.529238
2.1356,0.527572
2.1382,0.525909
2.1407,0.524296
2.1432,0.523326
2.1457,0.522348
2.1482,0.520952
2.1507,0.519492
2.1532,0.517789
2.1558,0.515806
2.1582,0.513714
2.1608,0.511566
2.1633,0.509387
2.1658,0.507265
2.1682,0.505906
2.1707,0.504528
2.1732,0.503367
2.1757,0.502331
2.1782,0.501605
2.1807,0.500749
2.1832,0.499756
2.1856,0.498627
2.1881,0.49691
2.1906,0.494672
2.1931,0.492411
2.1955,0.490036
2.198,0.487568
2.2004,0.484865
2.2029,0.482241
2.2054,0.479778
2.2078,0.478094
2.2103,0.477145
2.2127,0.476746
2.2152,0.476939
2.2176,0.47777
2.2201,0.478692
2.2225,0.479607
2.2249,0.480553
2.2274,0.481178
2.2298,0.481541
2.2322,0.481264
2.2347,0.480131
2.2371,0.478203
2.2395,0.475416
2.2419,0.472224
2.2443,0.469296
2.2468,0.466544
2.2492,0.464046
2.2516,0.461917
2.254,0.460431
2.2564,0.4589
2.2588,0.457304
2.2612,0.455611
2.2636,0.454281
2.266,0.453691
2.2684,0.453767
2.2708,0.4536
2.2732,0.453239
2.2756,0.453118
2.2779,0.453169
2.2803,0.452773
2.2827,0.452024
2.2851,0.451082
2.2874,0.450163
2.2898,0.449261
2.2922,0.448189
2.2946,0.447007
2.2969,0.445704
2.2993,0.444937
2.3016,0.444478
2.304,0.444419
2.3063,0.444795
2.3087,0.445435
2.311,0.446361
2.3134,0.447661
2.3157,0.448994
2.3181,0.450428
2.3204,0.451286
2.3228,0.452288
2.3251,0.452772
2.3274,0.452687
2.3297,0.452411
2.3321,0.451648
2.3344,0.450685
2.3367,0.449638
2.339,0.448455
2.3413,0.447187
2.3437,0.445787
2.346,0.444823
2.3483,0.443807
2.3506,0.44266
2.3529,0.441722
2.3552,0.44092
2.3575,0.439739
2.3598,0.438383
2.3621,0.436795
2.3644,0.434903
2.3667,0.432988
2.3689,0.431314
2.3712,0.429342
2.3735,0.427086
2.3758,0.424517
2.3781,0.421858
2.3803,0.418723
2.3826,0.415448
2.3849,0.411846
2.3872,0.408505
2.3894,0.405543
2.3917,0.402941
2.3939,0.40044
2.3962,0.397994
2.3984,0.395189
2.4007,0.392514
2.4029,0.389992
2.4052,0.387436
2.4074,0.384606
2.4097,0.382368
2.4119,0.380636
2.4142,0.379332
2.4164,0.378233
2.4186,0.376618
2.4208,0.374719
2.4231,0.373099
2.4253,0.371652
2.4275,0.370503
2.4297,0.369037
2.432,0.367886
2.4342,0.36685
2.4364,0.366185
2.4386,0.365223
2.4408,0.36365
2.443,0.362681
2.4452,0.361774
2.4474,0.360844
2.4496,0.360042
2.4518,0.358864
2.454,0.358057
2.4562,0.35703
2.4584,0.356016
2.4606,0.354661
2.4627,0.352948
2.4649,0.351865
2.4671,0.350567
2.4693,0.348368
2.4714,0.346607
2.4736,0.345282
2.4758,0.34499
2.4779,0.344737
2.4801,0.344501
2.4823,0.344118
2.4844,0.343873
2.4866,0.344674
2.4887,0.345565
2.4909,0.345523
2.493,0.34594
2.4952,0.347077
2.4973,0.347602
2.4994,0.348088
2.5016,0.348532
2.5037,0.348937
2.5058,0.3493
