# Long-wave emissivity of clay brick painted, 8.002-14 um.
#
# source: MEASURED. SLUM, the Spectral Library of impervious Urban Materials: S. Kotthaus, T. E. L. Smith, M. J. Wooster, C. S. B. Grimmond (2014), Derivation of an urban materials spectral library through emittance and reflectance spectroscopy, ISPRS J. Photogramm. Remote Sens. 94, 194-212, doi:10.1016/j.isprsjprs.2014.05.005; data doi:10.5281/zenodo.4263842 (MPL-2.0). Sample B012.
#   Copied by scripts/import_slum.py; wavelengths converted to micrometres and reflectance from percent to a fraction, otherwise unmodified.
#   Licence: Mozilla Public License 2.0, as SLUM is released; this file is a subset of it and stays under MPL-2.0 (https://mozilla.org/MPL/2.0/).
# Columns: wavelength in MICROMETRES, value.
8.00224,0.933227
8.00842,0.933391
8.01461,0.933393
8.02081,0.933154
8.02702,0.932793
8.03324,0.932612
8.03946,0.932786
8.0457,0.933009
8.05195,0.933232
8.0582,0.933556
8.06447,0.933778
8.07075,0.934076
8.07703,0.934328
8.08333,0.934299
8.08963,0.934213
8.09595,0.934316
8.10227,0.934549
8.10861,0.934667
8.11495,0.934845
8.12131,0.9351
8.12767,0.935382
8.13405,0.935714
8.14043,0.9358
8.14682,0.935508
8.15323,0.935148
8.15964,0.934941
8.16607,0.934586
8.1725,0.93407
8.17895,0.933617
8.18541,0.93316
8.19187,0.932786
8.19835,0.932517
8.20483,0.932292
8.21133,0.931856
8.21784,0.931432
8.22435,0.931202
8.23088,0.930661
8.23742,0.930157
8.24397,0.929734
8.25052,0.928927
8.25709,0.928194
8.26367,0.927746
8.27026,0.927231
8.27686,0.92649
8.28347,0.925714
8.29009,0.924904
8.29673,0.923788
8.30337,0.922683
8.31002,0.92177
8.31669,0.920819
8.32336,0.919991
8.33005,0.919398
8.33674,0.918839
8.34345,0.918354
8.35017,0.917986
8.3569,0.917468
8.36364,0.916551
8.37039,0.915524
8.37715,0.914828
8.38392,0.914214
8.3907,0.9134
8.3975,0.912595
8.4043,0.911728
8.41112,0.910671
8.41794,0.909495
8.42478,0.908363
8.43163,0.907688
8.43849,0.907342
8.44536,0.907156
8.45225,0.907044
8.45914,0.906963
8.46605,0.907038
8.47296,0.906866
8.47989,0.906328
8.48683,0.905539
8.49378,0.904751
8.50074,0.90433
8.50772,0.903822
8.5147,0.902976
8.5217,0.902019
8.52871,0.9014
8.53573,0.901115
8.54276,0.900982
8.5498,0.901121
8.55685,0.901199
8.56392,0.90135
8.571,0.901597
8.57809,0.901716
8.58519,0.901403
8.5923,0.900874
8.59943,0.900438
8.60656,0.900012
8.61371,0.900049
8.62087,0.900004
8.62804,0.899768
8.63523,0.899785
8.64242,0.899615
8.64963,0.899466
8.65685,0.899077
8.66408,0.898487
8.67133,0.898325
8.67858,0.898628
8.68585,0.898992
8.69313,0.898647
8.70043,0.898006
8.70773,0.897372
8.71505,0.896849
8.72238,0.896556
8.72972,0.89622
8.73708,0.896193
8.74444,0.896471
8.75182,0.896837
8.75921,0.896935
8.76662,0.896712
8.77403,0.896882
8.78146,0.897334
8.78891,0.897967
8.79636,0.898688
8.80383,0.899254
8.81131,0.899808
8.8188,0.899991
8.8263,0.899838
8.83382,0.899382
8.84135,0.898987
8.8489,0.899398
8.85645,0.9002
8.86402,0.900999
8.87161,0.90173
8.8792,0.902126
8.88681,0.902598
8.89443,0.903253
8.90207,0.903652
8.90971,0.904108
8.91738,0.904874
8.92505,0.905912
8.93274,0.907209
8.94044,0.908525
8.94815,0.909642
8.95588,0.910635
8.96362,0.911719
8.97137,0.913066
8.97914,0.914487
8.98692,0.915852
8.99472,0.917107
9.00252,0.91803
9.01035,0.918915
9.01818,0.92
9.02603,0.921283
9.03389,0.92249
9.04177,0.923211
9.04966,0.924014
9.05756,0.925023
9.06548,0.925871
9.07341,0.926873
9.08136,0.927927
9.08932,0.928806
9.09729,0.929553
9.10527,0.930337
9.11328,0.930909
9.12129,0.931014
9.12932,0.931247
9.13736,0.931745
9.14542,0.932318
9.15349,0.933056
9.16158,0.933658
9.16968,0.933874
9.17779,0.934068
9.18592,0.934276
9.19407,0.934313
9.20223,0.934357
9.2104,0.934624
9.21858,0.935137
9.22679,0.935487
9.235,0.935618
9.24323,0.935704
9.25148,0.935812
9.25974,0.936186
9.26801,0.936411
9.2763,0.936469
9.28461,0.936805
9.29293,0.937118
9.30126,0.937269
9.30961,0.937248
9.31798,0.93733
9.32636,0.937665
9.33475,0.937913
9.34316,0.938359
9.35159,0.939005
9.36003,0.939444
9.36848,0.939887
9.37695,0.940319
9.38544,0.940393
9.39394,0.940143
9.40246,0.939975
9.41099,0.940067
9.41954,0.939998
9.4281,0.940075
9.43668,0.940486
9.44527,0.940652
9.45388,0.940877
9.46251,0.941263
9.47115,0.941219
9.47981,0.940882
9.48848,0.940827
9.49717,0.940996
9.50587,0.941135
9.51459,0.941425
9.52333,0.941858
9.53208,0.942105
9.54085,0.942049
9.54964,0.941875
9.55844,0.941651
9.56726,0.941536
9.57609,0.941644
9.58494,0.941597
9.59381,0.94148
9.60269,0.941655
9.61159,0.942092
9.62051,0.942511
9.62944,0.942807
9.63839,0.943236
9.64736,0.943678
9.65634,0.94367
9.66534,0.943052
9.67435,0.941714
9.68339,0.940086
9.69244,0.938903
9.7015,0.938198
9.71059,0.93809
9.71969,0.938803
9.72881,0.940075
9.73794,0.941374
9.74709,0.942342
9.75626,0.94304
9.76545,0.943433
9.77465,0.943614
9.78388,0.943821
9.79311,0.943866
9.80237,0.943834
9.81164,0.94393
9.82094,0.944049
9.83024,0.944083
9.83957,0.944053
9.84892,0.943844
9.85828,0.943466
9.86766,0.943105
9.87706,0.942699
9.88647,0.94223
9.8959,0.941881
9.90536,0.941983
9.91483,0.942606
9.92431,0.943513
9.93382,0.94447
9.94334,0.94519
9.95289,0.94578
9.96245,0.946417
9.97203,0.946863
9.98162,0.947182
9.99124,0.94742
10.0009,0.947493
10.0105,0.947568
10.0202,0.94769
10.0299,0.94763
10.0396,0.947368
10.0493,0.947049
10.0591,0.946703
10.0688,0.946443
10.0786,0.946492
10.0884,0.946839
10.0983,0.947282
10.1081,0.947878
10.118,0.948437
10.1278,0.948728
10.1377,0.948859
10.1477,0.948632
10.1576,0.948154
10.1676,0.947832
10.1775,0.947663
10.1875,0.947629
10.1975,0.947605
10.2076,0.947524
10.2176,0.947351
10.2277,0.947134
10.2378,0.947023
10.2479,0.947096
10.2581,0.947354
10.2682,0.947661
10.2784,0.948212
10.2886,0.948831
10.2988,0.949065
10.3091,0.949098
10.3193,0.949055
10.3296,0.948834
10.3399,0.948604
10.3502,0.948509
10.3605,0.94832
10.3709,0.948062
10.3813,0.948103
10.3917,0.948218
10.4021,0.948059
10.4126,0.947778
10.423,0.947726
10.4335,0.94791
10.444,0.948207
10.4545,0.948702
10.4651,0.949209
10.4757,0.949539
10.4863,0.949761
10.4969,0.949882
10.5075,0.949756
10.5182,0.949464
10.5288,0.949476
10.5395,0.949692
10.5503,0.949854
10.561,0.950169
10.5718,0.950364
10.5826,0.950115
10.5934,0.949656
10.6042,0.949253
10.6151,0.949055
10.6259,0.949209
10.6368,0.949706
10.6477,0.950196
10.6587,0.950454
10.6697,0.950773
10.6806,0.951084
10.6917,0.951032
10.7027,0.95066
10.7137,0.950374
10.7248,0.950293
10.7359,0.950464
10.7471,0.950814
10.7582,0.951065
10.7694,0.951352
10.7806,0.951576
10.7918,0.951761
10.803,0.951712
10.8143,0.951487
10.8256,0.951441
10.8369,0.951356
10.8482,0.951423
10.8596,0.951631
10.871,0.952112
10.8824,0.952703
10.8938,0.952768
10.9053,0.952865
10.9167,0.95298
10.9282,0.953075
10.9398,0.953444
10.9513,0.953805
10.9629,0.953811
10.9745,0.953157
10.9861,0.952534
10.9978,0.952094
11.0095,0.951393
11.0212,0.950718
11.0329,0.950415
11.0446,0.950553
11.0564,0.951247
11.0682,0.952039
11.08,0.952637
11.0919,0.953291
11.1038,0.954015
11.1157,0.95474
11.1276,0.95481
11.1395,0.954573
11.1515,0.954699
11.1635,0.954754
11.1755,0.954601
11.1876,0.954048
11.1997,0.953793
11.2118,0.954207
11.2239,0.954321
11.2361,0.954026
11.2483,0.953815
11.2605,0.9543
11.2727,0.954926
11.285,0.955114
11.2973,0.955168
11.3096,0.954995
11.322,0.955118
11.3343,0.955835
11.3467,0.956418
11.3592,0.956772
11.3716,0.957454
11.3841,0.958483
11.3966,0.959255
11.4091,0.959491
11.4217,0.959519
11.4343,0.959403
11.4469,0.959164
11.4596,0.958694
11.4722,0.957705
11.4849,0.956907
11.4977,0.956556
11.5104,0.956444
11.5232,0.956845
11.536,0.95732
11.5489,0.958001
11.5618,0.958821
11.5747,0.959232
11.5876,0.958741
11.6006,0.957441
11.6136,0.956939
11.6266,0.957429
11.6396,0.957981
11.6527,0.958724
11.6658,0.959746
11.679,0.960545
11.6921,0.961051
11.7053,0.96128
11.7185,0.960482
11.7318,0.959506
11.7451,0.959845
11.7584,0.960468
11.7717,0.960507
11.7851,0.960622
11.7985,0.961172
11.812,0.961339
11.8254,0.9614
11.8389,0.961436
11.8525,0.960495
11.866,0.959981
11.8796,0.960241
11.8932,0.959941
11.9069,0.959811
11.9206,0.960703
11.9343,0.962154
11.9481,0.963688
11.9618,0.965243
11.9756,0.966036
11.9895,0.965608
12.0034,0.965362
12.0173,0.964948
12.0312,0.963818
12.0452,0.9632
12.0592,0.963246
12.0732,0.963489
12.0873,0.96362
12.1014,0.963628
12.1155,0.963649
12.1297,0.963848
12.1439,0.964771
12.1582,0.966278
12.1724,0.967618
12.1867,0.968678
12.2011,0.969648
12.2154,0.970428
12.2298,0.970482
12.2443,0.970127
12.2588,0.969841
12.2733,0.969313
12.2878,0.96887
12.3024,0.968545
12.317,0.967884
12.3316,0.967183
12.3463,0.966852
12.361,0.967254
12.3758,0.968411
12.3906,0.969803
12.4054,0.971029
12.4202,0.971928
12.4351,0.971974
12.4501,0.971013
12.465,0.969905
12.48,0.968812
12.4951,0.968065
12.5101,0.968459
12.5253,0.969288
12.5404,0.97004
12.5556,0.97122
12.5708,0.972542
12.5861,0.972811
12.6013,0.972047
12.6167,0.971522
12.632,0.97164
12.6474,0.972627
12.6629,0.973719
12.6784,0.973827
12.6939,0.973681
12.7094,0.97384
12.725,0.973861
12.7407,0.973326
12.7563,0.972779
12.7721,0.973367
12.7878,0.974736
12.8036,0.975826
12.8194,0.976614
12.8353,0.977012
12.8512,0.976916
12.8671,0.9762
12.8831,0.975089
12.8991,0.974231
12.9152,0.973321
12.9313,0.972766
12.9475,0.972948
12.9636,0.973112
12.9799,0.973513
12.9961,0.974005
13.0124,0.974104
13.0288,0.974276
13.0452,0.97492
13.0616,0.975626
13.0781,0.975822
13.0946,0.976125
13.1111,0.976649
13.1277,0.976829
13.1444,0.976722
13.1611,0.97645
13.1778,0.976121
13.1945,0.976385
13.2113,0.976976
13.2282,0.977155
13.2451,0.977737
13.262,0.97853
13.279,0.978821
13.296,0.979087
13.3131,0.979595
13.3302,0.980349
13.3474,0.981112
13.3646,0.981557
13.3818,0.981419
13.3991,0.980687
13.4164,0.979902
13.4338,0.97913
13.4512,0.978255
13.4687,0.977839
13.4862,0.97843
13.5038,0.97982
13.5214,0.981043
13.539,0.981686
13.5567,0.982543
13.5745,0.983435
13.5923,0.983865
13.6101,0.984209
13.628,0.984407
13.6459,0.984978
13.6639,0.985841
13.6819,0.986271
13.7,0.986285
13.7181,0.986211
13.7363,0.986837
13.7545,0.987656
13.7728,0.98788
13.7911,0.987895
13.8095,0.988023
13.8279,0.988605
13.8463,0.989223
13.8649,0.989774
13.8834,0.9903
13.902,0.990393
13.9207,0.990696
13.9394,0.991228
13.9582,0.991403
13.977,0.991089
13.9958,0.990554
