# Long-wave emissivity of clay brick weathered, 8.002-14 um.
#
# source: MEASURED. SLUM, the Spectral Library of impervious Urban Materials: S. Kotthaus, T. E. L. Smith, M. J. Wooster, C. S. B. Grimmond (2014), Derivation of an urban materials spectral library through emittance and reflectance spectroscopy, ISPRS J. Photogramm. Remote Sens. 94, 194-212, doi:10.1016/j.isprsjprs.2014.05.005; data doi:10.5281/zenodo.4263842 (MPL-2.0). Sample B013.
#   Copied by scripts/import_slum.py; wavelengths converted to micrometres and reflectance from percent to a fraction, otherwise unmodified.
#   Licence: Mozilla Public License 2.0, as SLUM is released; this file is a subset of it and stays under MPL-2.0 (https://mozilla.org/MPL/2.0/).
# Columns: wavelength in MICROMETRES, value.
8.00224,0.914458
8.00842,0.913853
8.01461,0.913432
8.02081,0.913018
8.02702,0.912453
8.03324,0.912051
8.03946,0.911918
8.0457,0.911764
8.05195,0.91142
8.0582,0.911024
8.06447,0.910475
8.07075,0.909742
8.07703,0.909127
8.08333,0.908557
8.08963,0.907908
8.09595,0.907214
8.10227,0.90676
8.10861,0.906511
8.11495,0.906002
8.12131,0.905328
8.12767,0.904569
8.13405,0.903851
8.14043,0.903265
8.14682,0.902648
8.15323,0.901929
8.15964,0.901213
8.16607,0.900904
8.1725,0.900756
8.17895,0.90045
8.18541,0.900122
8.19187,0.899749
8.19835,0.899563
8.20483,0.899488
8.21133,0.899227
8.21784,0.899036
8.22435,0.899173
8.23088,0.899467
8.23742,0.899727
8.24397,0.900043
8.25052,0.900443
8.25709,0.900819
8.26367,0.901165
8.27026,0.901393
8.27686,0.901582
8.28347,0.902183
8.29009,0.902993
8.29673,0.903551
8.30337,0.904097
8.31002,0.904675
8.31669,0.905285
8.32336,0.905814
8.33005,0.905941
8.33674,0.905926
8.34345,0.90599
8.35017,0.906249
8.3569,0.906621
8.36364,0.90693
8.37039,0.907228
8.37715,0.907374
8.38392,0.907611
8.3907,0.907896
8.3975,0.908079
8.4043,0.908387
8.41112,0.908557
8.41794,0.908728
8.42478,0.909015
8.43163,0.909205
8.43849,0.909316
8.44536,0.90933
8.45225,0.909494
8.45914,0.909841
8.46605,0.910295
8.47296,0.910744
8.47989,0.910996
8.48683,0.911288
8.49378,0.911661
8.50074,0.911949
8.50772,0.912179
8.5147,0.912137
8.5217,0.911936
8.52871,0.911928
8.53573,0.911928
8.54276,0.91204
8.5498,0.912422
8.55685,0.913341
8.56392,0.914754
8.571,0.916239
8.57809,0.917822
8.58519,0.919251
8.5923,0.920741
8.59943,0.922283
8.60656,0.923481
8.61371,0.924705
8.62087,0.925554
8.62804,0.925584
8.63523,0.925103
8.64242,0.924141
8.64963,0.922651
8.65685,0.921004
8.66408,0.91963
8.67133,0.918472
8.67858,0.917568
8.68585,0.916924
8.69313,0.916156
8.70043,0.914791
8.70773,0.913353
8.71505,0.912144
8.72238,0.910771
8.72972,0.909912
8.73708,0.909962
8.74444,0.910838
8.75182,0.911894
8.75921,0.912626
8.76662,0.91349
8.77403,0.913593
8.78146,0.912852
8.78891,0.912387
8.79636,0.911808
8.80383,0.910787
8.81131,0.909769
8.8188,0.908888
8.8263,0.907763
8.83382,0.906867
8.84135,0.906711
8.8489,0.90666
8.85645,0.906799
8.86402,0.907391
8.87161,0.907733
8.8792,0.907454
8.88681,0.906635
8.89443,0.905483
8.90207,0.904511
8.90971,0.904105
8.91738,0.904208
8.92505,0.904708
8.93274,0.905269
8.94044,0.905561
8.94815,0.906078
8.95588,0.906782
8.96362,0.90701
8.97137,0.907027
8.97914,0.907105
8.98692,0.907149
8.99472,0.907153
9.00252,0.906861
9.01035,0.906304
9.01818,0.90578
9.02603,0.905661
9.03389,0.905603
9.04177,0.905294
9.04966,0.905146
9.05756,0.90511
9.06548,0.905196
9.07341,0.905335
9.08136,0.905304
9.08932,0.905124
9.09729,0.904939
9.10527,0.904787
9.11328,0.904402
9.12129,0.903854
9.12932,0.903465
9.13736,0.903367
9.14542,0.903563
9.15349,0.90389
9.16158,0.904085
9.16968,0.904096
9.17779,0.904158
9.18592,0.904264
9.19407,0.904121
9.20223,0.903628
9.2104,0.903262
9.21858,0.90335
9.22679,0.903505
9.235,0.90351
9.24323,0.903406
9.25148,0.90331
9.25974,0.903281
9.26801,0.903411
9.2763,0.903691
9.28461,0.904049
9.29293,0.904691
9.30126,0.905479
9.30961,0.906034
9.31798,0.906416
9.32636,0.906877
9.33475,0.907322
9.34316,0.907979
9.35159,0.909121
9.36003,0.910689
9.36848,0.912474
9.37695,0.914148
9.38544,0.9158
9.39394,0.917325
9.40246,0.918538
9.41099,0.919643
9.41954,0.920735
9.4281,0.921939
9.43668,0.923235
9.44527,0.924454
9.45388,0.925553
9.46251,0.926725
9.47115,0.928132
9.47981,0.929471
9.48848,0.930575
9.49717,0.931526
9.50587,0.932594
9.51459,0.933598
9.52333,0.934339
9.53208,0.935041
9.54085,0.935562
9.54964,0.935999
9.55844,0.93645
9.56726,0.936992
9.57609,0.93758
9.58494,0.938009
9.59381,0.938473
9.60269,0.938574
9.61159,0.938488
9.62051,0.938875
9.62944,0.939028
9.63839,0.938928
9.64736,0.939267
9.65634,0.940116
9.66534,0.941221
9.67435,0.942184
9.68339,0.94266
9.69244,0.942637
9.7015,0.942652
9.71059,0.942807
9.71969,0.9427
9.72881,0.942483
9.73794,0.942544
9.74709,0.942701
9.75626,0.94296
9.76545,0.943457
9.77465,0.943921
9.78388,0.944389
9.79311,0.94479
9.80237,0.94501
9.81164,0.945211
9.82094,0.94537
9.83024,0.945458
9.83957,0.945287
9.84892,0.945105
9.85828,0.945367
9.86766,0.945785
9.87706,0.946087
9.88647,0.946378
9.8959,0.94679
9.90536,0.947342
9.91483,0.948036
9.92431,0.948676
9.93382,0.949038
9.94334,0.949312
9.95289,0.949583
9.96245,0.949824
9.97203,0.949966
9.98162,0.950122
9.99124,0.950366
10.0009,0.950535
10.0105,0.95089
10.0202,0.951356
10.0299,0.951775
10.0396,0.952143
10.0493,0.952407
10.0591,0.952688
10.0688,0.952726
10.0786,0.952672
10.0884,0.952767
10.0983,0.952849
10.1081,0.952981
10.118,0.953052
10.1278,0.953064
10.1377,0.953089
10.1477,0.953139
10.1576,0.953285
10.1676,0.953372
10.1775,0.953484
10.1875,0.953813
10.1975,0.954016
10.2076,0.953846
10.2176,0.953665
10.2277,0.953726
10.2378,0.953857
10.2479,0.953966
10.2581,0.954153
10.2682,0.954242
10.2784,0.954272
10.2886,0.954249
10.2988,0.954068
10.3091,0.953962
10.3193,0.953982
10.3296,0.954207
10.3399,0.954436
10.3502,0.954515
10.3605,0.954545
10.3709,0.954595
10.3813,0.954559
10.3917,0.954234
10.4021,0.954003
10.4126,0.953964
10.423,0.953899
10.4335,0.95384
10.444,0.953755
10.4545,0.953532
10.4651,0.953371
10.4757,0.953499
10.4863,0.953626
10.4969,0.95375
10.5075,0.95397
10.5182,0.954307
10.5288,0.954895
10.5395,0.955386
10.5503,0.955386
10.561,0.954959
10.5718,0.954437
10.5826,0.953969
10.5934,0.953596
10.6042,0.95321
10.6151,0.952881
10.6259,0.953128
10.6368,0.954081
10.6477,0.955195
10.6587,0.95584
10.6697,0.956121
10.6806,0.956292
10.6917,0.956306
10.7027,0.956061
10.7137,0.955467
10.7248,0.954894
10.7359,0.954702
10.7471,0.954776
10.7582,0.954946
10.7694,0.954997
10.7806,0.955013
10.7918,0.955072
10.803,0.955105
10.8143,0.955073
10.8256,0.955094
10.8369,0.955343
10.8482,0.955391
10.8596,0.955528
10.871,0.955978
10.8824,0.95626
10.8938,0.956526
10.9053,0.956857
10.9167,0.957298
10.9282,0.957471
10.9398,0.957285
10.9513,0.957004
10.9629,0.956252
10.9745,0.955566
10.9861,0.955153
10.9978,0.954655
11.0095,0.95433
11.0212,0.954455
11.0329,0.954991
11.0446,0.955495
11.0564,0.956112
11.0682,0.956897
11.08,0.957213
11.0919,0.957192
11.1038,0.957089
11.1157,0.956756
11.1276,0.956447
11.1395,0.955942
11.1515,0.955455
11.1635,0.955553
11.1755,0.955837
11.1876,0.95603
11.1997,0.955822
11.2118,0.955295
11.2239,0.954715
11.2361,0.954496
11.2483,0.954869
11.2605,0.955004
11.2727,0.955264
11.285,0.955989
11.2973,0.956665
11.3096,0.957508
11.322,0.958295
11.3343,0.958556
11.3467,0.95865
11.3592,0.95892
11.3716,0.958843
11.3841,0.958154
11.3966,0.95741
11.4091,0.957051
11.4217,0.95715
11.4343,0.957487
11.4469,0.957894
11.4596,0.958284
11.4722,0.958604
11.4849,0.958459
11.4977,0.957534
11.5104,0.956394
11.5232,0.95551
11.536,0.955541
11.5489,0.956484
11.5618,0.957584
11.5747,0.958755
11.5876,0.959756
11.6006,0.960489
11.6136,0.961038
11.6266,0.961289
11.6396,0.961204
11.6527,0.960134
11.6658,0.958568
11.679,0.957672
11.6921,0.957341
11.7053,0.957374
11.7185,0.957773
11.7318,0.959121
11.7451,0.961042
11.7584,0.963123
11.7717,0.965182
11.7851,0.965369
11.7985,0.964409
11.812,0.964034
11.8254,0.963346
11.8389,0.962585
11.8525,0.962543
11.866,0.963085
11.8796,0.963992
11.8932,0.965108
11.9069,0.966502
11.9206,0.967386
11.9343,0.967569
11.9481,0.967422
11.9618,0.966543
11.9756,0.965368
11.9895,0.964624
12.0034,0.964315
12.0173,0.964027
12.0312,0.963472
12.0452,0.963478
12.0592,0.964343
12.0732,0.965235
12.0873,0.966596
12.1014,0.968419
12.1155,0.969704
12.1297,0.97091
12.1439,0.972146
12.1582,0.972595
12.1724,0.972188
12.1867,0.971314
12.2011,0.970418
12.2154,0.969592
12.2298,0.968832
12.2443,0.968388
12.2588,0.968544
12.2733,0.96912
12.2878,0.969812
12.3024,0.970886
12.317,0.971668
12.3316,0.971825
12.3463,0.972076
12.361,0.972092
12.3758,0.971439
12.3906,0.970705
12.4054,0.970149
12.4202,0.968961
12.4351,0.967204
12.4501,0.965187
12.465,0.963073
12.48,0.961345
12.4951,0.960089
12.5101,0.959236
12.5253,0.958513
12.5404,0.958269
12.5556,0.958507
12.5708,0.959156
12.5861,0.960141
12.6013,0.960503
12.6167,0.960751
12.632,0.960724
12.6474,0.960061
12.6629,0.959934
12.6784,0.959848
12.6939,0.959513
12.7094,0.959401
12.725,0.959536
12.7407,0.95935
12.7563,0.957841
12.7721,0.95544
12.7878,0.953311
12.8036,0.952187
12.8194,0.951959
12.8353,0.952057
12.8512,0.952719
12.8671,0.954022
12.8831,0.955194
12.8991,0.955992
12.9152,0.956344
12.9313,0.956239
12.9475,0.956459
12.9636,0.957197
12.9799,0.957802
12.9961,0.95853
13.0124,0.959649
13.0288,0.960458
13.0452,0.960885
13.0616,0.961173
13.0781,0.961165
13.0946,0.960519
13.1111,0.959664
13.1277,0.959369
13.1444,0.959066
13.1611,0.958925
13.1778,0.959607
13.1945,0.960584
13.2113,0.961358
13.2282,0.961948
13.2451,0.962492
13.262,0.962701
13.279,0.962715
13.296,0.962303
13.3131,0.961449
13.3302,0.961124
13.3474,0.960903
13.3646,0.960173
13.3818,0.959433
13.3991,0.959082
13.4164,0.958938
13.4338,0.958975
13.4512,0.959481
13.4687,0.960156
13.4862,0.961206
13.5038,0.962589
13.5214,0.963401
13.539,0.963784
13.5567,0.96398
13.5745,0.963927
13.5923,0.963805
13.6101,0.963684
13.628,0.96393
13.6459,0.964673
13.6639,0.965352
13.6819,0.965956
13.7,0.966584
13.7181,0.966587
13.7363,0.965964
13.7545,0.965454
13.7728,0.964869
13.7911,0.964243
13.8095,0.964445
13.8279,0.965417
13.8463,0.966471
13.8649,0.96708
13.8834,0.967349
13.902,0.967514
13.9207,0.967762
13.9394,0.96818
13.9582,0.968469
13.977,0.968563
13.9958,0.968634
