# Short-wave reflectance (fraction) of granite rough, 0.3481-2.506 um.
#
# source: MEASURED. SLUM, the Spectral Library of impervious Urban Materials: S. Kotthaus, T. E. L. Smith, M. J. Wooster, C. S. B. Grimmond (2014), Derivation of an urban materials spectral library through emittance and reflectance spectroscopy, ISPRS J. Photogramm. Remote Sens. 94, 194-212, doi:10.1016/j.isprsjprs.2014.05.005; data doi:10.5281/zenodo.4263842 (MPL-2.0). Sample G001.
#   Copied by scripts/import_slum.py; wavelengths converted to micrometres and reflectance from percent to a fraction, otherwise unmodified.
#   Licence: Mozilla Public License 2.0, as SLUM is released; this file is a subset of it and stays under MPL-2.0 (https://mozilla.org/MPL/2.0/).
# Columns: wavelength in MICROMETRES, value.
0.3481,0.32362
0.3497,0.324446
0.3513,0.325222
0.3529,0.325949
0.3545,0.326625
0.3561,0.327252
0.3576,0.327546
0.3592,0.327873
0.3608,0.328609
0.3624,0.328985
0.3639,0.329773
0.3655,0.3301
0.3671,0.330887
0.3687,0.331695
0.3702,0.332567
0.3718,0.334079
0.3734,0.335441
0.3749,0.337394
0.3765,0.33872
0.378,0.340085
0.3796,0.341212
0.3811,0.342214
0.3827,0.343649
0.3842,0.345106
0.3858,0.346943
0.3873,0.348889
0.3889,0.35075
0.3904,0.352813
0.392,0.354405
0.3935,0.356034
0.395,0.357282
0.3966,0.358295
0.3981,0.359108
0.3996,0.360131
0.4012,0.361467
0.4027,0.362631
0.4042,0.364099
0.4058,0.36549
0.4073,0.366798
0.4088,0.368094
0.4104,0.369197
0.4119,0.370481
0.4134,0.371545
0.4149,0.372784
0.4165,0.373987
0.418,0.37517
0.4195,0.376439
0.421,0.37749
0.4225,0.378642
0.4241,0.379919
0.4256,0.381304
0.4271,0.382849
0.4286,0.384286
0.4301,0.385904
0.4316,0.387363
0.4331,0.388811
0.4347,0.390128
0.4362,0.391409
0.4377,0.392731
0.4392,0.394106
0.4407,0.395493
0.4422,0.396726
0.4437,0.398009
0.4452,0.399322
0.4467,0.400537
0.4482,0.401716
0.4497,0.402717
0.4512,0.40378
0.4527,0.404731
0.4542,0.405672
0.4557,0.406547
0.4572,0.407291
0.4587,0.408152
0.4602,0.408902
0.4617,0.40972
0.4632,0.410456
0.4647,0.411172
0.4662,0.411962
0.4677,0.412688
0.4692,0.413417
0.4707,0.414164
0.4722,0.414881
0.4737,0.415631
0.4752,0.416274
0.4766,0.417009
0.4781,0.417689
0.4796,0.418436
0.4811,0.419185
0.4826,0.419886
0.4841,0.420645
0.4856,0.421453
0.4871,0.422277
0.4885,0.423143
0.49,0.423908
0.4915,0.424825
0.493,0.425743
0.4945,0.426732
0.4959,0.427679
0.4974,0.428641
0.4989,0.429581
0.5004,0.430588
0.5019,0.431559
0.5034,0.432451
0.5048,0.433365
0.5063,0.434301
0.5078,0.435182
0.5092,0.436023
0.5107,0.43685
0.5122,0.437764
0.5137,0.438601
0.5151,0.439552
0.5166,0.440458
0.5181,0.441333
0.5196,0.442253
0.521,0.443057
0.5225,0.443938
0.524,0.444794
0.5254,0.445716
0.5269,0.446671
0.5284,0.447633
0.5298,0.448622
0.5313,0.449569
0.5328,0.450471
0.5342,0.451301
0.5357,0.452108
0.5371,0.452997
0.5386,0.453838
0.5401,0.454738
0.5415,0.45558
0.543,0.456475
0.5445,0.457318
0.5459,0.45815
0.5474,0.459007
0.5488,0.459752
0.5503,0.460611
0.5517,0.461493
0.5532,0.462384
0.5546,0.463316
0.5561,0.464183
0.5575,0.465133
0.559,0.465996
0.5604,0.466832
0.5619,0.467665
0.5633,0.468399
0.5648,0.469241
0.5662,0.469998
0.5677,0.470763
0.5691,0.471501
0.5706,0.47219
0.572,0.47294
0.5735,0.473562
0.5749,0.474196
0.5763,0.474865
0.5778,0.475529
0.5792,0.476195
0.5806,0.47679
0.5821,0.477366
0.5835,0.477898
0.585,0.478398
0.5864,0.478901
0.5878,0.479272
0.5893,0.479701
0.5907,0.480168
0.5921,0.480655
0.5935,0.4811
0.595,0.4816
0.5964,0.482041
0.5978,0.482465
0.5993,0.482864
0.6007,0.483151
0.6021,0.483378
0.6035,0.483625
0.605,0.483841
0.6064,0.484018
0.6078,0.484225
0.6092,0.484512
0.6106,0.484767
0.6121,0.485084
0.6135,0.48537
0.6149,0.485643
0.6163,0.485965
0.6177,0.486232
0.6191,0.486457
0.6205,0.486671
0.622,0.486921
0.6234,0.487119
0.6248,0.487293
0.6262,0.487508
0.6276,0.487657
0.629,0.487853
0.6304,0.487987
0.6318,0.488094
0.6332,0.488299
0.6346,0.488624
0.636,0.489058
0.6374,0.489552
0.6388,0.490035
0.6402,0.490593
0.6416,0.491089
0.643,0.491477
0.6444,0.491655
0.6458,0.491765
0.6472,0.491866
0.6485,0.492034
0.6499,0.492265
0.6513,0.492476
0.6527,0.492673
0.6541,0.492953
0.6555,0.493173
0.6569,0.493272
0.6582,0.493259
0.6596,0.493191
0.661,0.49306
0.6624,0.493008
0.6638,0.492978
0.6651,0.493016
0.6665,0.493151
0.6679,0.493342
0.6693,0.49353
0.6706,0.493684
0.672,0.493803
0.6734,0.493869
0.6747,0.493895
0.6761,0.493992
0.6775,0.494112
0.6788,0.494369
0.6802,0.494696
0.6815,0.495077
0.6829,0.495471
0.6843,0.495849
0.6856,0.496225
0.687,0.496526
0.6883,0.496787
0.6897,0.496999
0.691,0.497172
0.6924,0.497352
0.6937,0.497527
0.6951,0.497699
0.6964,0.49788
0.6978,0.498086
0.6991,0.498323
0.7005,0.49851
0.7018,0.498724
0.7032,0.498904
0.7045,0.499096
0.7058,0.499267
0.7072,0.499438
0.7085,0.499632
0.7098,0.499826
0.7112,0.500068
0.7125,0.50027
0.7138,0.500495
0.7152,0.500716
0.7165,0.50094
0.7178,0.501173
0.7191,0.501344
0.7205,0.501614
0.7218,0.501896
0.7231,0.502179
0.7244,0.50249
0.7258,0.502769
0.7271,0.503064
0.7284,0.503296
0.7297,0.503566
0.731,0.503744
0.7323,0.503908
0.7336,0.504185
0.735,0.504381
0.7363,0.504623
0.7376,0.504843
0.7389,0.505093
0.7402,0.505319
0.7415,0.505533
0.7428,0.505787
0.7441,0.505945
0.7454,0.506148
0.7467,0.506355
0.748,0.506494
0.7493,0.506635
0.7506,0.50674
0.7519,0.506868
0.7531,0.506962
0.7544,0.507113
0.7557,0.50726
0.757,0.507391
0.7583,0.507573
0.7596,0.507722
0.7609,0.507936
0.7621,0.508091
0.7634,0.508229
0.7647,0.508397
0.766,0.508497
0.7673,0.50865
0.7685,0.508774
0.7698,0.508966
0.7711,0.509184
0.7724,0.509355
0.7736,0.509589
0.7749,0.509702
0.7762,0.509818
0.7774,0.50995
0.7787,0.510107
0.78,0.510312
0.7812,0.510505
0.7825,0.510734
0.7837,0.510988
0.785,0.511162
0.7863,0.511314
0.7875,0.511348
0.7888,0.511427
0.79,0.511491
0.7913,0.511632
0.7925,0.511754
0.7938,0.511894
0.795,0.51205
0.7963,0.512196
0.7975,0.512327
0.7988,0.512465
0.8,0.512635
0.8012,0.512835
0.8025,0.513016
0.8037,0.513176
0.805,0.513355
0.8062,0.513557
0.8074,0.513685
0.8087,0.513762
0.8099,0.513848
0.8111,0.513914
0.8124,0.514052
0.8136,0.514094
0.8148,0.514135
0.816,0.514136
0.8172,0.514183
0.8185,0.514265
0.8197,0.514254
0.8209,0.514293
0.8221,0.514337
0.8234,0.514365
0.8246,0.514373
0.8258,0.514345
0.827,0.514369
0.8282,0.51431
0.8294,0.514302
0.8306,0.5143
0.8318,0.514283
0.833,0.514316
0.8342,0.514312
0.8355,0.514352
0.8366,0.514344
0.8379,0.514345
0.839,0.514351
0.8402,0.514246
0.8415,0.51423
0.8426,0.514224
0.8438,0.514257
0.845,0.514254
0.8462,0.514318
0.8474,0.514507
0.8486,0.514566
0.8498,0.51464
0.851,0.514633
0.8522,0.514655
0.8533,0.514645
0.8545,0.514601
0.8557,0.514541
0.8569,0.514524
0.8581,0.51457
0.8592,0.514591
0.8604,0.514721
0.8616,0.514887
0.8628,0.51491
0.8639,0.515102
0.8651,0.515239
0.8663,0.515271
0.8674,0.51524
0.8686,0.515248
0.8698,0.515149
0.8709,0.515013
0.8721,0.515031
0.8732,0.514972
0.8744,0.514979
0.8755,0.515162
0.8767,0.515232
0.8779,0.515287
0.879,0.51535
0.8801,0.515459
0.8813,0.51537
0.8825,0.515355
0.8836,0.515431
0.8847,0.515285
0.8859,0.515282
0.887,0.515204
0.8881,0.515104
0.8893,0.515116
0.8904,0.515115
0.8916,0.515168
0.8927,0.515089
0.8938,0.515171
0.895,0.515214
0.8961,0.515106
0.8972,0.515174
0.8983,0.515176
0.8994,0.51536
0.9006,0.515515
0.9017,0.515668
0.9028,0.515806
0.9039,0.515834
0.905,0.515895
0.9061,0.515783
0.9072,0.51577
0.9083,0.515714
0.9094,0.515733
0.9105,0.515788
0.9116,0.515678
0.9128,0.515616
0.9138,0.515524
0.9149,0.515396
0.916,0.515343
0.9171,0.515224
0.9182,0.51529
0.9193,0.515211
0.9204,0.515337
0.9215,0.515401
0.9225,0.51553
0.9236,0.515734
0.9247,0.515749
0.9258,0.515958
0.9268,0.516088
0.9279,0.51618
0.929,0.516182
0.93,0.516104
0.9311,0.516221
0.9321,0.516113
0.9332,0.51619
0.9343,0.516204
0.9353,0.516119
0.9364,0.516274
0.9374,0.516363
0.9385,0.516556
0.9395,0.516517
0.9405,0.516633
0.9416,0.516486
0.9426,0.516265
0.9436,0.516473
0.9447,0.516438
0.9457,0.51651
0.9467,0.51668
0.9477,0.51669
0.9488,0.51665
0.9498,0.516352
0.9508,0.51651
0.9518,0.516396
0.9528,0.51641
0.9538,0.516469
0.9548,0.516332
0.9558,0.516626
0.9568,0.516443
0.9578,0.516268
0.9587,0.516169
0.9597,0.51581
0.9607,0.516145
0.9617,0.51611
0.9626,0.516291
0.9636,0.51639
0.9646,0.516552
0.9655,0.517012
0.9665,0.517505
0.9675,0.517832
0.9684,0.518025
0.9694,0.518144
0.9703,0.5185
0.9712,0.518485
0.9722,0.518497
0.9731,0.518306
0.974,0.518381
0.9749,0.518435
0.9759,0.518659
0.9768,0.518405
0.9777,0.518968
0.9786,0.519049
0.9795,0.518713
0.9816,0.518548
0.9854,0.518395
0.9893,0.517989
0.9931,0.517339
0.997,0.515885
1.0008,0.514617
1.0047,0.513703
1.0085,0.513325
1.0124,0.512476
1.0162,0.512129
1.0201,0.512855
1.0239,0.513813
1.0278,0.514439
1.0316,0.51477
1.0354,0.514764
1.0393,0.514882
1.0431,0.514818
1.047,0.514767
1.0508,0.51406
1.0547,0.513238
1.0585,0.51276
1.0623,0.512217
1.0662,0.511793
1.07,0.511956
1.0738,0.512294
1.0777,0.512902
1.0815,0.513436
1.0853,0.513985
1.0892,0.513613
1.093,0.512969
1.0968,0.512376
1.1007,0.511836
1.1045,0.511433
1.1083,0.51173
1.1122,0.51187
1.116,0.512133
1.1198,0.51213
1.1237,0.512145
1.1275,0.511703
1.1313,0.511178
1.1351,0.510737
1.139,0.510516
1.1428,0.510302
1.1466,0.510394
1.1504,0.510212
1.1542,0.51012
1.158,0.510057
1.1619,0.510313
1.1657,0.51027
1.1695,0.5102
1.1733,0.510259
1.1771,0.510421
1.1809,0.510385
1.1847,0.510437
1.1885,0.510151
1.1923,0.509935
1.1961,0.509618
1.1999,0.509415
1.2037,0.509036
1.2075,0.508782
1.2113,0.508692
1.2151,0.508525
1.2189,0.508274
1.2227,0.508138
1.2265,0.507901
1.2303,0.507751
1.2341,0.507509
1.2379,0.507607
1.2417,0.507819
1.2455,0.508291
1.2492,0.508604
1.253,0.508619
1.2568,0.508479
1.2606,0.508313
1.2643,0.508369
1.2681,0.508459
1.2719,0.508338
1.2757,0.508478
1.2794,0.508686
1.2832,0.508805
1.287,0.508683
1.2907,0.508334
1.2945,0.507821
1.2982,0.507647
1.302,0.507612
1.3057,0.507357
1.3095,0.506721
1.3132,0.506475
1.317,0.506476
1.3207,0.506467
1.3245,0.50664
1.3282,0.506697
1.332,0.506712
1.3357,0.507021
1.3394,0.507246
1.3432,0.507302
1.3469,0.507051
1.3506,0.506971
1.3543,0.506987
1.3581,0.506832
1.3618,0.5065
1.3655,0.506104
1.3692,0.505535
1.3729,0.505037
1.3767,0.504639
1.3804,0.504208
1.3841,0.503686
1.3878,0.503109
1.3915,0.502257
1.3952,0.50149
1.3989,0.500759
1.4026,0.500112
1.4063,0.499569
1.41,0.499148
1.4136,0.498773
1.4173,0.498634
1.421,0.498722
1.4247,0.498682
1.4283,0.49849
1.432,0.498769
1.4357,0.498797
1.4394,0.498934
1.443,0.499059
1.4467,0.499059
1.4503,0.499102
1.454,0.499148
1.4577,0.499157
1.4613,0.499275
1.465,0.499588
1.4686,0.499663
1.4722,0.499485
1.4759,0.499476
1.4795,0.499328
1.4832,0.499393
1.4868,0.499471
1.4904,0.499701
1.494,0.500086
1.4977,0.500695
1.5013,0.501149
1.5049,0.501283
1.5085,0.501365
1.5121,0.501292
1.5157,0.501278
1.5193,0.501237
1.5229,0.500987
1.5265,0.501049
1.5301,0.501182
1.5337,0.501484
1.5373,0.501713
1.5408,0.502038
1.5444,0.50232
1.548,0.502606
1.5516,0.502915
1.5551,0.502859
1.5587,0.502441
1.5623,0.502335
1.5658,0.502496
1.5694,0.502867
1.5729,0.503043
1.5765,0.502947
1.58,0.503122
1.5836,0.503216
1.5871,0.502884
1.5906,0.502379
1.5942,0.50189
1.5977,0.50193
1.6012,0.502306
1.6047,0.502821
1.6082,0.503158
1.6117,0.503311
1.6152,0.50364
1.6188,0.503781
1.6222,0.50375
1.6258,0.503493
1.6292,0.503069
1.6327,0.50279
1.6362,0.502751
1.6397,0.502624
1.6432,0.502483
1.6466,0.502403
1.6501,0.502578
1.6536,0.502951
1.657,0.50336
1.6605,0.503144
1.6639,0.502808
1.6674,0.502744
1.6708,0.502612
1.6743,0.50226
1.6777,0.502108
1.6811,0.502071
1.6845,0.502416
1.688,0.502614
1.6914,0.502722
1.6948,0.50257
1.6982,0.502582
1.7016,0.502917
1.705,0.502879
1.7084,0.502842
1.7118,0.502857
1.7152,0.502799
1.7186,0.503131
1.722,0.503473
1.7253,0.503686
1.7287,0.503828
1.7321,0.503932
1.7354,0.504189
1.7388,0.504016
1.7421,0.503802
1.7455,0.503519
1.7488,0.503227
1.7522,0.503215
1.7555,0.503423
1.7588,0.503573
1.7621,0.503748
1.7655,0.503763
1.7688,0.503877
1.7721,0.503668
1.7754,0.503557
1.7787,0.503338
1.782,0.50308
1.7853,0.502755
1.7885,0.502675
1.7918,0.502611
1.7951,0.502405
1.7984,0.502539
1.8016,0.503025
1.8049,0.503332
1.8082,0.503529
1.8114,0.503546
1.8146,0.503683
1.8179,0.503392
1.8211,0.502945
1.8243,0.502221
1.8276,0.501454
1.8308,0.501577
1.834,0.502069
1.8372,0.502193
1.8404,0.502132
1.8436,0.502072
1.8468,0.502066
1.85,0.501842
1.8532,0.501682
1.8564,0.501101
1.8595,0.500846
1.8627,0.501094
1.8659,0.501202
1.869,0.500371
1.8722,0.499783
1.8753,0.498989
1.8785,0.498285
1.8816,0.497621
1.8817,0.496815
1.8845,0.495404
1.8872,0.494084
1.89,0.492511
1.8928,0.490481
1.8955,0.488137
1.8983,0.486476
1.901,0.484458
1.9038,0.482758
1.9065,0.481373
1.9092,0.480467
1.912,0.479991
1.9147,0.479846
1.9174,0.479803
1.9202,0.479813
1.9229,0.479945
1.9256,0.480107
1.9283,0.479911
1.9311,0.479836
1.9338,0.480002
1.9365,0.480491
1.9392,0.481007
1.9419,0.481433
1.9446,0.481748
1.9473,0.482081
1.95,0.482501
1.9527,0.482921
1.9554,0.483072
1.9581,0.483237
1.9608,0.483645
1.9635,0.484128
1.9662,0.484393
1.9689,0.484854
1.9716,0.485546
1.9743,0.486342
1.9769,0.487206
1.9796,0.487848
1.9823,0.488302
1.985,0.488817
1.9876,0.489369
1.9903,0.489664
1.993,0.490105
1.9956,0.490667
1.9983,0.491128
2.0009,0.491662
2.0036,0.492072
2.0062,0.492376
2.0089,0.492924
2.0115,0.493356
2.0142,0.493691
2.0168,0.493873
2.0195,0.494369
2.0221,0.494765
2.0247,0.495103
2.0273,0.495402
2.03,0.495423
2.0326,0.495677
2.0352,0.496087
2.0378,0.496163
2.0405,0.496146
2.0431,0.496203
2.0457,0.496196
2.0483,0.496227
2.0509,0.495992
2.0535,0.495645
2.0561,0.49545
2.0587,0.495682
2.0613,0.495926
2.0639,0.49621
2.0665,0.496568
2.0691,0.49716
2.0717,0.497366
2.0743,0.497358
2.0769,0.49699
2.0795,0.496721
2.082,0.496471
2.0846,0.496292
2.0872,0.496227
2.0898,0.49655
2.0923,0.4969
2.0949,0.497218
2.0975,0.497172
2.1,0.497271
2.1026,0.497213
2.1051,0.497095
2.1077,0.497235
2.1102,0.497336
2.1128,0.497472
2.1153,0.497721
2.1179,0.497849
2.1204,0.498488
2.123,0.499024
2.1255,0.499894
2.128,0.500379
2.1306,0.500588
2.1331,0.500833
2.1356,0.500572
2.1382,0.500066
2.1407,0.499288
2.1432,0.499054
2.1457,0.499126
2.1482,0.498703
2.1507,0.498381
2.1532,0.497811
2.1558,0.496914
2.1582,0.496116
2.1608,0.495232
2.1633,0.494492
2.1658,0.493689
2.1682,0.493119
2.1707,0.492531
2.1732,0.492045
2.1757,0.49166
2.1782,0.491212
2.1807,0.490608
2.1832,0.490293
2.1856,0.489819
2.1881,0.488672
2.1906,0.486778
2.1931,0.485245
2.1955,0.484365
2.198,0.483494
2.2004,0.482903
2.2029,0.482816
2.2054,0.483153
2.2078,0.483277
2.2103,0.482928
2.2127,0.482157
2.2152,0.481679
2.2176,0.48173
2.2201,0.481771
2.2225,0.482026
2.2249,0.48274
2.2274,0.483563
2.2298,0.484426
2.2322,0.484485
2.2347,0.484382
2.2371,0.484507
2.2395,0.484527
2.2419,0.484252
2.2443,0.484388
2.2468,0.484761
2.2492,0.484822
2.2516,0.484486
2.254,0.484339
2.2564,0.484545
2.2588,0.484813
2.2612,0.485249
2.2636,0.485471
2.266,0.485847
2.2684,0.486297
2.2708,0.486219
2.2732,0.486077
2.2756,0.485603
2.2779,0.485593
2.2803,0.486227
2.2827,0.48655
2.2851,0.48684
2.2874,0.486639
2.2898,0.486336
2.2922,0.485558
2.2946,0.484549
2.2969,0.483728
2.2993,0.482868
2.3016,0.482502
2.304,0.482625
2.3063,0.482747
2.3087,0.48277
2.311,0.483003
2.3134,0.483287
2.3157,0.483388
2.3181,0.482803
2.3204,0.482094
2.3228,0.481289
2.3251,0.480595
2.3274,0.480788
2.3297,0.480984
2.3321,0.481067
2.3344,0.481698
2.3367,0.48215
2.339,0.482245
2.3413,0.481528
2.3437,0.481136
2.346,0.480356
2.3483,0.479406
2.3506,0.478967
2.3529,0.478151
2.3552,0.477586
2.3575,0.477218
2.3598,0.476697
2.3621,0.476186
2.3644,0.476031
2.3667,0.476163
2.3689,0.475299
2.3712,0.474602
2.3735,0.474201
2.3758,0.473881
2.3781,0.47429
2.3803,0.473942
2.3826,0.473692
2.3849,0.473554
2.3872,0.472979
2.3894,0.472076
2.3917,0.470808
2.3939,0.470104
2.3962,0.469577
2.3984,0.46939
2.4007,0.469672
2.4029,0.469721
2.4052,0.470196
2.4074,0.470373
2.4097,0.470589
2.4119,0.470539
2.4142,0.470224
2.4164,0.469785
2.4186,0.469437
2.4208,0.468564
2.4231,0.467887
2.4253,0.467312
2.4275,0.466076
2.4297,0.464836
2.432,0.464531
2.4342,0.463887
2.4364,0.46329
2.4386,0.463137
2.4408,0.46275
2.443,0.462084
2.4452,0.46177
2.4474,0.461135
2.4496,0.460188
2.4518,0.459248
2.454,0.459144
2.4562,0.459016
2.4584,0.458865
2.4606,0.459952
2.4627,0.460379
2.4649,0.460494
2.4671,0.460772
2.4693,0.462297
2.4714,0.462935
2.4736,0.462021
2.4758,0.461163
2.4779,0.45978
2.4801,0.458932
2.4823,0.458633
2.4844,0.457105
2.4866,0.455759
2.4887,0.455194
2.4909,0.455711
2.493,0.456027
2.4952,0.456974
2.4973,0.457325
2.4994,0.457807
2.5016,0.458422
2.5037,0.459168
2.5058,0.460046
