# Long-wave emissivity of metal sheet painted grey, 8.002-14 um.
#
# source: MEASURED. SLUM, the Spectral Library of impervious Urban Materials: S. Kotthaus, T. E. L. Smith, M. J. Wooster, C. S. B. Grimmond (2014), Derivation of an urban materials spectral library through emittance and reflectance spectroscopy, ISPRS J. Photogramm. Remote Sens. 94, 194-212, doi:10.1016/j.isprsjprs.2014.05.005; data doi:10.5281/zenodo.4263842 (MPL-2.0). Sample Z005.
#   Copied by scripts/import_slum.py; wavelengths converted to micrometres and reflectance from percent to a fraction, otherwise unmodified.
#   Licence: Mozilla Public License 2.0, as SLUM is released; this file is a subset of it and stays under MPL-2.0 (https://mozilla.org/MPL/2.0/).
# Columns: wavelength in MICROMETRES, value.
8.00224,0.968809
8.00842,0.968703
8.01461,0.967506
8.02081,0.966306
8.02702,0.964716
8.03324,0.963025
8.03946,0.962078
8.0457,0.962352
8.05195,0.963632
8.0582,0.964121
8.06447,0.964928
8.07075,0.966253
8.07703,0.96666
8.08333,0.967248
8.08963,0.967258
8.09595,0.965945
8.10227,0.964971
8.10861,0.965329
8.11495,0.965631
8.12131,0.964513
8.12767,0.963887
8.13405,0.964153
8.14043,0.964449
8.14682,0.964956
8.15323,0.964631
8.15964,0.963961
8.16607,0.964289
8.1725,0.965653
8.17895,0.966301
8.18541,0.966006
8.19187,0.965962
8.19835,0.965966
8.20483,0.966736
8.21133,0.967742
8.21784,0.96738
8.22435,0.966311
8.23088,0.965358
8.23742,0.96415
8.24397,0.962393
8.25052,0.960184
8.25709,0.957599
8.26367,0.955635
8.27026,0.955736
8.27686,0.956704
8.28347,0.956766
8.29009,0.956067
8.29673,0.955362
8.30337,0.955042
8.31002,0.955253
8.31669,0.95541
8.32336,0.955324
8.33005,0.955778
8.33674,0.956697
8.34345,0.956666
8.35017,0.955261
8.3569,0.953549
8.36364,0.952113
8.37039,0.951057
8.37715,0.949925
8.38392,0.948792
8.3907,0.948119
8.3975,0.947481
8.4043,0.946677
8.41112,0.945905
8.41794,0.944956
8.42478,0.943939
8.43163,0.942891
8.43849,0.941852
8.44536,0.940684
8.45225,0.939606
8.45914,0.938893
8.46605,0.937958
8.47296,0.937353
8.47989,0.937537
8.48683,0.938329
8.49378,0.939178
8.50074,0.939454
8.50772,0.9393
8.5147,0.938305
8.5217,0.93733
8.52871,0.93707
8.53573,0.936422
8.54276,0.935785
8.5498,0.93542
8.55685,0.935383
8.56392,0.934994
8.571,0.934196
8.57809,0.934208
8.58519,0.93417
8.5923,0.934451
8.59943,0.935703
8.60656,0.936499
8.61371,0.936546
8.62087,0.936981
8.62804,0.937203
8.63523,0.93698
8.64242,0.937826
8.64963,0.939032
8.65685,0.939608
8.66408,0.940056
8.67133,0.939917
8.67858,0.938304
8.68585,0.936031
8.69313,0.934616
8.70043,0.933895
8.70773,0.934002
8.71505,0.934801
8.72238,0.935477
8.72972,0.936751
8.73708,0.937428
8.74444,0.93629
8.75182,0.934642
8.75921,0.933013
8.76662,0.932399
8.77403,0.933028
8.78146,0.933928
8.78891,0.935747
8.79636,0.937898
8.80383,0.939447
8.81131,0.939891
8.8188,0.939184
8.8263,0.938469
8.83382,0.937762
8.84135,0.937943
8.8489,0.938926
8.85645,0.939951
8.86402,0.941619
8.87161,0.943217
8.8792,0.944635
8.88681,0.945666
8.89443,0.945303
8.90207,0.943921
8.90971,0.942532
8.91738,0.94163
8.92505,0.940582
8.93274,0.939332
8.94044,0.938597
8.94815,0.938542
8.95588,0.939422
8.96362,0.940147
8.97137,0.939945
8.97914,0.939641
8.98692,0.939583
8.99472,0.93968
9.00252,0.93967
9.01035,0.940134
9.01818,0.94108
9.02603,0.941945
9.03389,0.943394
9.04177,0.944791
9.04966,0.945695
9.05756,0.946473
9.06548,0.946968
9.07341,0.947514
9.08136,0.948428
9.08932,0.949476
9.09729,0.949508
9.10527,0.949135
9.11328,0.949286
9.12129,0.949642
9.12932,0.950323
9.13736,0.950167
9.14542,0.949438
9.15349,0.949011
9.16158,0.949066
9.16968,0.949351
9.17779,0.948872
9.18592,0.948714
9.19407,0.948414
9.20223,0.948359
9.2104,0.949125
9.21858,0.949406
9.22679,0.949559
9.235,0.949392
9.24323,0.949289
9.25148,0.949689
9.25974,0.950676
9.26801,0.951221
9.2763,0.950035
9.28461,0.948847
9.29293,0.948388
9.30126,0.94834
9.30961,0.948299
9.31798,0.947811
9.32636,0.94846
9.33475,0.950609
9.34316,0.95284
9.35159,0.954096
9.36003,0.954242
9.36848,0.953545
9.37695,0.953106
9.38544,0.952707
9.39394,0.951831
9.40246,0.95119
9.41099,0.950763
9.41954,0.950401
9.4281,0.94984
9.43668,0.949846
9.44527,0.949969
9.45388,0.949923
9.46251,0.950937
9.47115,0.951994
9.47981,0.952369
9.48848,0.952125
9.49717,0.950481
9.50587,0.94881
9.51459,0.947904
9.52333,0.946789
9.53208,0.946229
9.54085,0.947016
9.54964,0.948062
9.55844,0.948292
9.56726,0.948141
9.57609,0.947971
9.58494,0.947502
9.59381,0.947257
9.60269,0.947319
9.61159,0.947012
9.62051,0.946984
9.62944,0.947094
9.63839,0.946442
9.64736,0.945226
9.65634,0.944136
9.66534,0.942951
9.67435,0.941504
9.68339,0.940751
9.69244,0.940659
9.7015,0.940375
9.71059,0.939764
9.71969,0.939398
9.72881,0.938974
9.73794,0.937869
9.74709,0.936452
9.75626,0.934752
9.76545,0.933014
9.77465,0.931838
9.78388,0.930633
9.79311,0.928804
9.80237,0.926616
9.81164,0.924389
9.82094,0.922042
9.83024,0.919756
9.83957,0.9178
9.84892,0.915803
9.85828,0.913849
9.86766,0.912621
9.87706,0.911593
9.88647,0.910106
9.8959,0.908635
9.90536,0.907029
9.91483,0.905557
9.92431,0.904876
9.93382,0.904688
9.94334,0.905199
9.95289,0.906458
9.96245,0.908026
9.97203,0.909868
9.98162,0.911803
9.99124,0.912867
10.0009,0.913189
10.0105,0.914652
10.0202,0.917059
10.0299,0.919058
10.0396,0.920802
10.0493,0.92243
10.0591,0.923859
10.0688,0.925746
10.0786,0.927885
10.0884,0.929168
10.0983,0.930722
10.1081,0.933549
10.118,0.935948
10.1278,0.937067
10.1377,0.937076
10.1477,0.937034
10.1576,0.937556
10.1676,0.938333
10.1775,0.939219
10.1875,0.939211
10.1975,0.939195
10.2076,0.939906
10.2176,0.940052
10.2277,0.939436
10.2378,0.938759
10.2479,0.938674
10.2581,0.938743
10.2682,0.93783
10.2784,0.935284
10.2886,0.932005
10.2988,0.929659
10.3091,0.927915
10.3193,0.925709
10.3296,0.923499
10.3399,0.922272
10.3502,0.921167
10.3605,0.919124
10.3709,0.91599
10.3813,0.9121
10.3917,0.908653
10.4021,0.905233
10.4126,0.902013
10.423,0.899526
10.4335,0.897462
10.444,0.895765
10.4545,0.893052
10.4651,0.889089
10.4757,0.885256
10.4863,0.882595
10.4969,0.880783
10.5075,0.878965
10.5182,0.877664
10.5288,0.877374
10.5395,0.877465
10.5503,0.876792
10.561,0.875108
10.5718,0.87297
10.5826,0.871
10.5934,0.870208
10.6042,0.870531
10.6151,0.871122
10.6259,0.872087
10.6368,0.873817
10.6477,0.875614
10.6587,0.87739
10.6697,0.879309
10.6806,0.880451
10.6917,0.881296
10.7027,0.882922
10.7137,0.884391
10.7248,0.885126
10.7359,0.886074
10.7471,0.886887
10.7582,0.887751
10.7694,0.889303
10.7806,0.890687
10.7918,0.892356
10.803,0.895124
10.8143,0.897787
10.8256,0.899613
10.8369,0.901658
10.8482,0.904365
10.8596,0.907478
10.871,0.911206
10.8824,0.915386
10.8938,0.919688
10.9053,0.924603
10.9167,0.930462
10.9282,0.935847
10.9398,0.940657
10.9513,0.945182
10.9629,0.948446
10.9745,0.951625
10.9861,0.954571
10.9978,0.956258
11.0095,0.957357
11.0212,0.958602
11.0329,0.960045
11.0446,0.96084
11.0564,0.961199
11.0682,0.960607
11.08,0.95955
11.0919,0.959409
11.1038,0.960099
11.1157,0.960698
11.1276,0.960402
11.1395,0.960075
11.1515,0.959013
11.1635,0.959015
11.1755,0.959728
11.1876,0.959105
11.1997,0.959134
11.2118,0.958074
11.2239,0.957764
11.2361,0.958917
11.2483,0.957666
11.2605,0.954903
11.2727,0.951889
11.285,0.950312
11.2973,0.949122
11.3096,0.947554
11.322,0.946832
11.3343,0.945324
11.3467,0.944902
11.3592,0.945765
11.3716,0.944316
11.3841,0.942061
11.3966,0.941132
11.4091,0.940446
11.4217,0.940541
11.4343,0.941226
11.4469,0.941682
11.4596,0.941894
11.4722,0.94096
11.4849,0.939381
11.4977,0.936981
11.5104,0.934583
11.5232,0.931466
11.536,0.9268
11.5489,0.923311
11.5618,0.920775
11.5747,0.919368
11.5876,0.920133
11.6006,0.924098
11.6136,0.931255
11.6266,0.939438
11.6396,0.947325
11.6527,0.953585
11.6658,0.957762
11.679,0.958564
11.6921,0.956547
11.7053,0.95342
11.7185,0.949886
11.7318,0.94837
11.7451,0.948018
11.7584,0.948228
11.7717,0.949426
11.7851,0.951893
11.7985,0.95399
11.812,0.951854
11.8254,0.950501
11.8389,0.952577
11.8525,0.952958
11.866,0.950729
11.8796,0.947783
11.8932,0.945805
11.9069,0.945246
11.9206,0.945821
11.9343,0.944516
11.9481,0.940627
11.9618,0.938828
11.9756,0.93855
11.9895,0.937178
12.0034,0.936212
12.0173,0.936244
12.0312,0.936479
12.0452,0.937229
12.0592,0.939114
12.0732,0.940662
12.0873,0.942466
12.1014,0.945347
12.1155,0.948339
12.1297,0.952624
12.1439,0.957073
12.1582,0.957489
12.1724,0.952472
12.1867,0.94527
12.2011,0.938704
12.2154,0.931646
12.2298,0.924617
12.2443,0.920553
12.2588,0.919645
12.2733,0.920003
12.2878,0.919942
12.3024,0.918932
12.317,0.917838
12.3316,0.915987
12.3463,0.911755
12.361,0.906115
12.3758,0.901671
12.3906,0.899922
12.4054,0.901099
12.4202,0.903799
12.4351,0.906654
12.4501,0.911135
12.465,0.915887
12.48,0.916794
12.4951,0.914309
12.5101,0.914016
12.5253,0.916598
12.5404,0.918307
12.5556,0.919951
12.5708,0.920792
12.5861,0.918827
12.6013,0.915308
12.6167,0.911691
12.632,0.906739
12.6474,0.900419
12.6629,0.897756
12.6784,0.898626
12.6939,0.898972
12.7094,0.898284
12.725,0.896947
12.7407,0.898575
12.7563,0.903824
12.7721,0.910487
12.7878,0.915579
12.8036,0.917333
12.8194,0.920016
12.8353,0.923577
12.8512,0.924563
12.8671,0.923211
12.8831,0.923471
12.8991,0.9286
12.9152,0.934743
12.9313,0.939943
12.9475,0.944408
12.9636,0.947814
12.9799,0.951738
12.9961,0.953628
13.0124,0.952756
13.0288,0.951666
13.0452,0.950197
13.0616,0.948588
13.0781,0.94772
13.0946,0.947793
13.1111,0.948663
13.1277,0.94938
13.1444,0.949342
13.1611,0.94854
13.1778,0.948202
13.1945,0.949516
13.2113,0.949351
13.2282,0.948383
13.2451,0.949947
13.262,0.951679
13.279,0.952273
13.296,0.953185
13.3131,0.954706
13.3302,0.955653
13.3474,0.956155
13.3646,0.957549
13.3818,0.957806
13.3991,0.955438
13.4164,0.95228
13.4338,0.948571
13.4512,0.944329
13.4687,0.941973
13.4862,0.939915
13.5038,0.937677
13.5214,0.938634
13.539,0.9422
13.5567,0.945735
13.5745,0.947738
13.5923,0.94914
13.6101,0.950396
13.628,0.950627
13.6459,0.95082
13.6639,0.950665
13.6819,0.950146
13.7,0.950409
13.7181,0.949629
13.7363,0.947517
13.7545,0.94525
13.7728,0.94289
13.7911,0.940423
13.8095,0.938696
13.8279,0.938876
13.8463,0.939933
13.8649,0.941567
13.8834,0.944042
13.902,0.945858
13.9207,0.947053
13.9394,0.947821
13.9582,0.947727
13.977,0.946629
13.9958,0.945215
