# Short-wave reflectance (fraction) of metal sheet painted green, 0.3481-2.506 um.
#
# source: MEASURED. SLUM, the Spectral Library of impervious Urban Materials: S. Kotthaus, T. E. L. Smith, M. J. Wooster, C. S. B. Grimmond (2014), Derivation of an urban materials spectral library through emittance and reflectance spectroscopy, ISPRS J. Photogramm. Remote Sens. 94, 194-212, doi:10.1016/j.isprsjprs.2014.05.005; data doi:10.5281/zenodo.4263842 (MPL-2.0). Sample Z003.
#   Copied by scripts/import_slum.py; wavelengths converted to micrometres and reflectance from percent to a fraction, otherwise unmodified.
#   Licence: Mozilla Public License 2.0, as SLUM is released; this file is a subset of it and stays under MPL-2.0 (https://mozilla.org/MPL/2.0/).
# Columns: wavelength in MICROMETRES, value.
0.3481,0.0299949
0.3497,0.0304625
0.3513,0.0308321
0.3529,0.0311038
0.3545,0.0312775
0.3561,0.0313533
0.3576,0.0312059
0.3592,0.0309852
0.3608,0.0307884
0.3624,0.0305038
0.3639,0.0301417
0.3655,0.0297856
0.3671,0.0294417
0.3687,0.0292079
0.3702,0.0292353
0.3718,0.0295748
0.3734,0.0300057
0.3749,0.0305087
0.3765,0.0310851
0.378,0.0315522
0.3796,0.0320201
0.3811,0.0325097
0.3827,0.0331052
0.3842,0.0340124
0.3858,0.0352548
0.3873,0.0367178
0.3889,0.0384302
0.3904,0.0404281
0.392,0.0425941
0.3935,0.0448005
0.395,0.046955
0.3966,0.0489429
0.3981,0.0507954
0.3996,0.0525216
0.4012,0.0539898
0.4027,0.05517
0.4042,0.0560938
0.4058,0.0567876
0.4073,0.0572222
0.4088,0.0574124
0.4104,0.0573925
0.4119,0.0571336
0.4134,0.0567288
0.4149,0.0561658
0.4165,0.055489
0.418,0.0547716
0.4195,0.0539899
0.421,0.0532011
0.4225,0.0524107
0.4241,0.0516106
0.4256,0.0508462
0.4271,0.0501057
0.4286,0.0494133
0.4301,0.0487165
0.4316,0.0480796
0.4331,0.0474887
0.4347,0.046883
0.4362,0.0463331
0.4377,0.0457904
0.4392,0.0452751
0.4407,0.0448131
0.4422,0.0444106
0.4437,0.044076
0.4452,0.0437922
0.4467,0.0436299
0.4482,0.0435217
0.4497,0.043445
0.4512,0.0434469
0.4527,0.043497
0.4542,0.0435851
0.4557,0.0436875
0.4572,0.0438422
0.4587,0.044034
0.4602,0.0442536
0.4617,0.0445145
0.4632,0.0447858
0.4647,0.0451093
0.4662,0.0454732
0.4677,0.045878
0.4692,0.0462873
0.4707,0.0467271
0.4722,0.0472511
0.4737,0.0478137
0.4752,0.0484099
0.4766,0.0490478
0.4781,0.0497406
0.4796,0.0505004
0.4811,0.0512994
0.4826,0.0521522
0.4841,0.0530401
0.4856,0.0539855
0.4871,0.0549693
0.4885,0.0559704
0.49,0.0569842
0.4915,0.0580032
0.493,0.059034
0.4945,0.0600613
0.4959,0.0610815
0.4974,0.0620915
0.4989,0.0630923
0.5004,0.0641178
0.5019,0.0651405
0.5034,0.066166
0.5048,0.0672088
0.5063,0.0683042
0.5078,0.0694733
0.5092,0.0706882
0.5107,0.0719726
0.5122,0.0733024
0.5137,0.0746924
0.5151,0.0761488
0.5166,0.0775978
0.5181,0.0790129
0.5196,0.0803786
0.521,0.0816753
0.5225,0.0828904
0.524,0.0840029
0.5254,0.0850218
0.5269,0.0859115
0.5284,0.0867039
0.5298,0.0873997
0.5313,0.0879751
0.5328,0.0884454
0.5342,0.0887944
0.5357,0.0890535
0.5371,0.0892356
0.5386,0.0893456
0.5401,0.0893824
0.5415,0.089329
0.543,0.0892155
0.5445,0.0890269
0.5459,0.0887498
0.5474,0.0884098
0.5488,0.087979
0.5503,0.0875302
0.5517,0.0870291
0.5532,0.0864833
0.5546,0.0859101
0.5561,0.085296
0.5575,0.0846568
0.559,0.0839829
0.5604,0.0832735
0.5619,0.0825411
0.5633,0.0817761
0.5648,0.0810367
0.5662,0.0802805
0.5677,0.0795231
0.5691,0.078779
0.5706,0.0780439
0.572,0.0773261
0.5735,0.0766191
0.5749,0.075935
0.5763,0.0752683
0.5778,0.0746432
0.5792,0.0740476
0.5806,0.0734827
0.5821,0.0729619
0.5835,0.0724752
0.585,0.0720272
0.5864,0.0716132
0.5878,0.0712203
0.5893,0.0708697
0.5907,0.070552
0.5921,0.0702889
0.5935,0.0700495
0.595,0.0698569
0.5964,0.0697029
0.5978,0.0695755
0.5993,0.0694828
0.6007,0.0694139
0.6021,0.0693692
0.6035,0.0693503
0.605,0.0693602
0.6064,0.0693983
0.6078,0.0694591
0.6092,0.0695576
0.6106,0.0696773
0.6121,0.0698324
0.6135,0.0699963
0.6149,0.0701799
0.6163,0.0703805
0.6177,0.0705816
0.6191,0.0707952
0.6205,0.07101
0.622,0.0712359
0.6234,0.0714731
0.6248,0.0717062
0.6262,0.0719588
0.6276,0.0722126
0.629,0.072477
0.6304,0.0727435
0.6318,0.07301
0.6332,0.0732821
0.6346,0.0735633
0.636,0.0738569
0.6374,0.0741483
0.6388,0.0744377
0.6402,0.0747475
0.6416,0.0750771
0.643,0.0754304
0.6444,0.0757811
0.6458,0.0761461
0.6472,0.0765075
0.6485,0.0768829
0.6499,0.0772667
0.6513,0.0776406
0.6527,0.0780204
0.6541,0.0783998
0.6555,0.0787787
0.6569,0.0791687
0.6582,0.0795406
0.6596,0.0799192
0.661,0.0802859
0.6624,0.0806492
0.6638,0.0809941
0.6651,0.0813441
0.6665,0.0816951
0.6679,0.0820257
0.6693,0.0823588
0.6706,0.0826875
0.672,0.0829974
0.6734,0.0833018
0.6747,0.0836052
0.6761,0.0838983
0.6775,0.0841763
0.6788,0.0844568
0.6802,0.0847298
0.6815,0.0849931
0.6829,0.085254
0.6843,0.0854938
0.6856,0.0857312
0.687,0.0859672
0.6883,0.0862089
0.6897,0.0864519
0.691,0.0866774
0.6924,0.0869008
0.6937,0.0871227
0.6951,0.0873378
0.6964,0.0875382
0.6978,0.0877243
0.6991,0.087922
0.7005,0.0881093
0.7018,0.0883005
0.7032,0.0884811
0.7045,0.0886385
0.7058,0.0888002
0.7072,0.0889535
0.7085,0.0891034
0.7098,0.0892395
0.7112,0.0893706
0.7125,0.0895102
0.7138,0.0896648
0.7152,0.0898471
0.7165,0.0900286
0.7178,0.0902034
0.7191,0.0903813
0.7205,0.0905633
0.7218,0.0907563
0.7231,0.0909474
0.7244,0.0911496
0.7258,0.0913474
0.7271,0.0915568
0.7284,0.0917515
0.7297,0.0919307
0.731,0.0920985
0.7323,0.0922498
0.7336,0.0924004
0.735,0.0925436
0.7363,0.0926869
0.7376,0.0928487
0.7389,0.0929986
0.7402,0.0931506
0.7415,0.0932923
0.7428,0.0934369
0.7441,0.093588
0.7454,0.093723
0.7467,0.0938651
0.748,0.0939922
0.7493,0.0941253
0.7506,0.0942646
0.7519,0.094395
0.7531,0.0945184
0.7544,0.0946417
0.7557,0.0947617
0.757,0.0948795
0.7583,0.0949799
0.7596,0.0950907
0.7609,0.0951988
0.7621,0.0953069
0.7634,0.0954098
0.7647,0.0955112
0.766,0.0956023
0.7673,0.0956937
0.7685,0.0957844
0.7698,0.0958671
0.7711,0.0959433
0.7724,0.0960231
0.7736,0.0961013
0.7749,0.0961902
0.7762,0.0962839
0.7774,0.0963916
0.7787,0.0964872
0.78,0.0965749
0.7812,0.0966671
0.7825,0.0967608
0.7837,0.0968469
0.785,0.0969232
0.7863,0.0970087
0.7875,0.0971002
0.7888,0.0972004
0.79,0.0973274
0.7913,0.0974363
0.7925,0.0975543
0.7938,0.0976629
0.795,0.0977688
0.7963,0.0978814
0.7975,0.0980013
0.7988,0.0981352
0.8,0.0982615
0.8012,0.098399
0.8025,0.0985537
0.8037,0.0986914
0.805,0.098837
0.8062,0.0989663
0.8074,0.0990976
0.8087,0.0992468
0.8099,0.0994015
0.8111,0.0995552
0.8124,0.0997113
0.8136,0.0998737
0.8148,0.100018
0.816,0.100163
0.8172,0.100314
0.8185,0.100469
0.8197,0.100635
0.8209,0.100809
0.8221,0.100984
0.8234,0.101146
0.8246,0.101327
0.8258,0.101522
0.827,0.101691
0.8282,0.101888
0.8294,0.102072
0.8306,0.102271
0.8318,0.102494
0.833,0.102707
0.8342,0.102916
0.8355,0.103114
0.8366,0.103355
0.8379,0.103594
0.839,0.103815
0.8402,0.10406
0.8415,0.104293
0.8426,0.104545
0.8438,0.10479
0.845,0.10502
0.8462,0.105274
0.8474,0.105547
0.8486,0.10583
0.8498,0.106091
0.851,0.106354
0.8522,0.106667
0.8533,0.106967
0.8545,0.107286
0.8557,0.107597
0.8569,0.107918
0.8581,0.108246
0.8592,0.108568
0.8604,0.108894
0.8616,0.109218
0.8628,0.109563
0.8639,0.109897
0.8651,0.110222
0.8663,0.110589
0.8674,0.110958
0.8686,0.11133
0.8698,0.111705
0.8709,0.112091
0.8721,0.112491
0.8732,0.112871
0.8744,0.11329
0.8755,0.113676
0.8767,0.114104
0.8779,0.11452
0.879,0.114931
0.8801,0.115363
0.8813,0.115809
0.8825,0.11626
0.8836,0.116678
0.8847,0.117104
0.8859,0.117578
0.887,0.118043
0.8881,0.11854
0.8893,0.119017
0.8904,0.119524
0.8916,0.120014
0.8927,0.120527
0.8938,0.121049
0.895,0.121571
0.8961,0.122098
0.8972,0.122614
0.8983,0.123183
0.8994,0.123777
0.9006,0.124377
0.9017,0.125018
0.9028,0.125603
0.9039,0.126222
0.905,0.126821
0.9061,0.127412
0.9072,0.128018
0.9083,0.12861
0.9094,0.129267
0.9105,0.129872
0.9116,0.130507
0.9128,0.131148
0.9138,0.131783
0.9149,0.132445
0.916,0.133097
0.9171,0.13375
0.9182,0.134375
0.9193,0.135012
0.9204,0.135687
0.9215,0.136365
0.9225,0.137028
0.9236,0.137655
0.9247,0.138355
0.9258,0.139103
0.9268,0.139826
0.9279,0.14051
0.929,0.141057
0.93,0.141666
0.9311,0.142312
0.9321,0.142977
0.9332,0.143615
0.9343,0.144281
0.9353,0.145
0.9364,0.145688
0.9374,0.146358
0.9385,0.147059
0.9395,0.147632
0.9405,0.148271
0.9416,0.148878
0.9426,0.149459
0.9436,0.150097
0.9447,0.150787
0.9457,0.151496
0.9467,0.152105
0.9477,0.152749
0.9488,0.153395
0.9498,0.154009
0.9508,0.154715
0.9518,0.155285
0.9528,0.155913
0.9538,0.156516
0.9548,0.157138
0.9558,0.157865
0.9568,0.15855
0.9578,0.159148
0.9587,0.159735
0.9597,0.160259
0.9607,0.160775
0.9617,0.161362
0.9626,0.162059
0.9636,0.162804
0.9646,0.163392
0.9655,0.163901
0.9665,0.164442
0.9675,0.165005
0.9684,0.165607
0.9694,0.166213
0.9703,0.166816
0.9712,0.167542
0.9722,0.168316
0.9731,0.169142
0.974,0.169718
0.9749,0.170056
0.9759,0.17038
0.9768,0.170595
0.9777,0.170932
0.9786,0.172107
0.9795,0.173181
0.9816,0.173541
0.9854,0.174931
0.9893,0.176189
0.9931,0.177513
0.997,0.178904
1.0008,0.180313
1.0047,0.180852
1.0085,0.181251
1.0124,0.181764
1.0162,0.1817
1.0201,0.181195
1.0239,0.181591
1.0278,0.181136
1.0316,0.181082
1.0354,0.181053
1.0393,0.181011
1.0431,0.180008
1.047,0.179086
1.0508,0.178259
1.0547,0.177318
1.0585,0.176078
1.0623,0.175112
1.0662,0.17402
1.07,0.173155
1.0738,0.171859
1.0777,0.170834
1.0815,0.169401
1.0853,0.16807
1.0892,0.166326
1.093,0.164181
1.0968,0.162168
1.1007,0.160739
1.1045,0.159069
1.1083,0.157712
1.1122,0.156242
1.116,0.154932
1.1198,0.153049
1.1237,0.15119
1.1275,0.148998
1.1313,0.147063
1.1351,0.145277
1.139,0.14369
1.1428,0.142132
1.1466,0.141147
1.1504,0.139821
1.1542,0.138665
1.158,0.13726
1.1619,0.136134
1.1657,0.134805
1.1695,0.133563
1.1733,0.132405
1.1771,0.131555
1.1809,0.13075
1.1847,0.130152
1.1885,0.129195
1.1923,0.128592
1.1961,0.127751
1.1999,0.12698
1.2037,0.12614
1.2075,0.125415
1.2113,0.124788
1.2151,0.124227
1.2189,0.123686
1.2227,0.123253
1.2265,0.122573
1.2303,0.122134
1.2341,0.121679
1.2379,0.121352
1.2417,0.121109
1.2455,0.121156
1.2492,0.121296
1.253,0.121432
1.2568,0.121489
1.2606,0.121565
1.2643,0.121639
1.2681,0.12178
1.2719,0.121732
1.2757,0.12175
1.2794,0.121909
1.2832,0.122392
1.287,0.122857
1.2907,0.123341
1.2945,0.12385
1.2982,0.124637
1.302,0.125499
1.3057,0.126157
1.3095,0.126498
1.3132,0.127124
1.317,0.127773
1.3207,0.128542
1.3245,0.129392
1.3282,0.13037
1.332,0.131424
1.3357,0.132767
1.3394,0.134108
1.3432,0.135422
1.3469,0.136461
1.3506,0.13763
1.3543,0.138728
1.3581,0.139717
1.3618,0.140657
1.3655,0.141775
1.3692,0.142951
1.3729,0.144384
1.3767,0.145837
1.3804,0.147425
1.3841,0.148885
1.3878,0.150451
1.3915,0.151767
1.3952,0.153021
1.3989,0.15427
1.4026,0.15564
1.4063,0.157088
1.41,0.158607
1.4136,0.160135
1.4173,0.161838
1.421,0.163529
1.4247,0.165123
1.4283,0.166505
1.432,0.168146
1.4357,0.169586
1.4394,0.171143
1.443,0.172697
1.4467,0.174213
1.4503,0.17579
1.454,0.177422
1.4577,0.178965
1.4613,0.180535
1.465,0.182186
1.4686,0.183669
1.4722,0.184997
1.4759,0.186384
1.4795,0.187621
1.4832,0.188984
1.4868,0.190225
1.4904,0.191583
1.494,0.192848
1.4977,0.194311
1.5013,0.195694
1.5049,0.196874
1.5085,0.198078
1.5121,0.199155
1.5157,0.200213
1.5193,0.201285
1.5229,0.202054
1.5265,0.203023
1.5301,0.203907
1.5337,0.205156
1.5373,0.206328
1.5408,0.207474
1.5444,0.208555
1.548,0.209528
1.5516,0.210378
1.5551,0.210976
1.5587,0.211282
1.5623,0.211676
1.5658,0.212128
1.5694,0.21292
1.5729,0.213569
1.5765,0.214015
1.58,0.214612
1.5836,0.215161
1.5871,0.21541
1.5906,0.215605
1.5942,0.215842
1.5977,0.216249
1.6012,0.216825
1.6047,0.217589
1.6082,0.218141
1.6117,0.218419
1.6152,0.218808
1.6188,0.219174
1.6222,0.219422
1.6258,0.219581
1.6292,0.219655
1.6327,0.219829
1.6362,0.220142
1.6397,0.220412
1.6432,0.220499
1.6466,0.220497
1.6501,0.220709
1.6536,0.221119
1.657,0.221544
1.6605,0.221634
1.6639,0.221682
1.6674,0.221926
1.6708,0.222079
1.6743,0.222125
1.6777,0.222217
1.6811,0.222462
1.6845,0.222903
1.688,0.223155
1.6914,0.22336
1.6948,0.223512
1.6982,0.223725
1.7016,0.22401
1.705,0.223927
1.7084,0.223933
1.7118,0.22383
1.7152,0.223877
1.7186,0.2241
1.722,0.224276
1.7253,0.224416
1.7287,0.224693
1.7321,0.224748
1.7354,0.224886
1.7388,0.224734
1.7421,0.224614
1.7455,0.224076
1.7488,0.223802
1.7522,0.223825
1.7555,0.224043
1.7588,0.224095
1.7621,0.224354
1.7655,0.224356
1.7688,0.224496
1.7721,0.224532
1.7754,0.224275
1.7787,0.223596
1.782,0.22307
1.7853,0.222715
1.7885,0.222505
1.7918,0.222214
1.7951,0.222394
1.7984,0.222227
1.8016,0.221959
1.8049,0.221945
1.8082,0.221745
1.8114,0.221375
1.8146,0.220998
1.8179,0.220706
1.8211,0.220591
1.8243,0.220153
1.8276,0.220292
1.8308,0.220077
1.834,0.219464
1.8372,0.218396
1.8404,0.217559
1.8436,0.21661
1.8468,0.2156
1.85,0.214581
1.8532,0.214043
1.8564,0.213901
1.8595,0.214462
1.8627,0.214602
1.8659,0.214047
1.869,0.212906
1.8722,0.212291
1.8753,0.211392
1.8785,0.210133
1.8816,0.208926
1.8817,0.208389
1.8845,0.208083
1.8872,0.207754
1.89,0.207281
1.8928,0.206871
1.8955,0.206623
1.8983,0.206566
1.901,0.206075
1.9038,0.205341
1.9065,0.204865
1.9092,0.204591
1.912,0.204241
1.9147,0.203886
1.9174,0.203864
1.9202,0.203875
1.9229,0.203872
1.9256,0.20355
1.9283,0.202864
1.9311,0.202122
1.9338,0.201497
1.9365,0.201344
1.9392,0.201192
1.9419,0.200989
1.9446,0.200819
1.9473,0.200386
1.95,0.200043
1.9527,0.199641
1.9554,0.199351
1.9581,0.199013
1.9608,0.198708
1.9635,0.198689
1.9662,0.198439
1.9689,0.198148
1.9716,0.197744
1.9743,0.197409
1.9769,0.197395
1.9796,0.197445
1.9823,0.197542
1.985,0.197528
1.9876,0.197527
1.9903,0.197415
1.993,0.197461
1.9956,0.197359
1.9983,0.197
2.0009,0.196563
2.0036,0.196207
2.0062,0.195676
2.0089,0.195152
2.0115,0.19458
2.0142,0.194261
2.0168,0.194071
2.0195,0.194323
2.0221,0.194492
2.0247,0.194481
2.0273,0.194379
2.03,0.194191
2.0326,0.193664
2.0352,0.193154
2.0378,0.192426
2.0405,0.191703
2.0431,0.191438
2.0457,0.191483
2.0483,0.191491
2.0509,0.191455
2.0535,0.191423
2.0561,0.191482
2.0587,0.191151
2.0613,0.190716
2.0639,0.190352
2.0665,0.189914
2.0691,0.189659
2.0717,0.189342
2.0743,0.188837
2.0769,0.188403
2.0795,0.188102
2.082,0.187835
2.0846,0.187299
2.0872,0.187023
2.0898,0.187116
2.0923,0.187286
2.0949,0.187572
2.0975,0.187897
2.1,0.187824
2.1026,0.187434
2.1051,0.186834
2.1077,0.186245
2.1102,0.185551
2.1128,0.184973
2.1153,0.184653
2.1179,0.184659
2.1204,0.184801
2.123,0.184958
2.1255,0.184782
2.128,0.184498
2.1306,0.184132
2.1331,0.183894
2.1356,0.183657
2.1382,0.183426
2.1407,0.183171
2.1432,0.183174
2.1457,0.183102
2.1482,0.182988
2.1507,0.182723
2.1532,0.18241
2.1558,0.182011
2.1582,0.181825
2.1608,0.181635
2.1633,0.181278
2.1658,0.180639
2.1682,0.180176
2.1707,0.179977
2.1732,0.179889
2.1757,0.179683
2.1782,0.179185
2.1807,0.178789
2.1832,0.178729
2.1856,0.178551
2.1881,0.178591
2.1906,0.178542
2.1931,0.178572
2.1955,0.178756
2.198,0.178536
2.2004,0.178209
2.2029,0.177648
2.2054,0.176956
2.2078,0.176803
2.2103,0.176733
2.2127,0.176737
2.2152,0.176492
2.2176,0.175872
2.2201,0.17485
2.2225,0.173791
2.2249,0.172619
2.2274,0.171242
2.2298,0.169635
2.2322,0.168449
2.2347,0.167257
2.2371,0.165914
2.2395,0.16427
2.2419,0.162481
2.2443,0.16087
2.2468,0.159477
2.2492,0.158104
2.2516,0.157068
2.254,0.155823
2.2564,0.154831
2.2588,0.154108
2.2612,0.153983
2.2636,0.153904
2.266,0.154066
2.2684,0.154334
2.2708,0.15494
2.2732,0.155592
2.2756,0.156241
2.2779,0.156659
2.2803,0.15776
2.2827,0.15875
2.2851,0.15992
2.2874,0.160977
2.2898,0.161784
2.2922,0.161927
2.2946,0.161964
2.2969,0.161521
2.2993,0.160993
2.3016,0.160813
2.304,0.161174
2.3063,0.161363
2.3087,0.161832
2.311,0.162769
2.3134,0.163491
2.3157,0.163994
2.3181,0.164427
2.3204,0.164687
2.3228,0.16481
2.3251,0.164959
2.3274,0.164886
2.3297,0.164814
2.3321,0.165034
2.3344,0.165285
2.3367,0.165108
2.339,0.164943
2.3413,0.164605
2.3437,0.164611
2.346,0.164806
2.3483,0.164606
2.3506,0.164316
2.3529,0.1639
2.3552,0.163745
2.3575,0.16314
2.3598,0.162395
2.3621,0.16166
2.3644,0.161324
2.3667,0.161533
2.3689,0.161739
2.3712,0.161308
2.3735,0.16136
2.3758,0.161386
2.3781,0.161914
2.3803,0.161957
2.3826,0.162144
2.3849,0.162276
2.3872,0.162436
2.3894,0.162459
2.3917,0.162375
2.3939,0.161852
2.3962,0.161813
2.3984,0.161824
2.4007,0.162211
2.4029,0.162213
2.4052,0.162906
2.4074,0.16353
2.4097,0.163693
2.4119,0.16387
2.4142,0.164381
2.4164,0.164555
2.4186,0.164531
2.4208,0.164669
2.4231,0.165042
2.4253,0.165506
2.4275,0.166267
2.4297,0.166028
2.432,0.166117
2.4342,0.166097
2.4364,0.165808
2.4386,0.165429
2.4408,0.164423
2.443,0.164097
2.4452,0.164269
2.4474,0.164245
2.4496,0.164234
2.4518,0.16385
2.454,0.164437
2.4562,0.165371
2.4584,0.166664
2.4606,0.168393
2.4627,0.169273
2.4649,0.170601
2.4671,0.171816
2.4693,0.171959
2.4714,0.171618
2.4736,0.171005
2.4758,0.170828
2.4779,0.170624
2.4801,0.170533
2.4823,0.170451
2.4844,0.170073
2.4866,0.170234
2.4887,0.170599
2.4909,0.170504
2.493,0.170826
2.4952,0.171968
2.4973,0.172586
2.4994,0.173249
2.5016,0.173956
2.5037,0.174708
2.5058,0.175504
