# Short-wave reflectance (fraction) of pvc roofing light grey, 0.3481-2.506 um.
#
# source: MEASURED. SLUM, the Spectral Library of impervious Urban Materials: S. Kotthaus, T. E. L. Smith, M. J. Wooster, C. S. B. Grimmond (2014), Derivation of an urban materials spectral library through emittance and reflectance spectroscopy, ISPRS J. Photogramm. Remote Sens. 94, 194-212, doi:10.1016/j.isprsjprs.2014.05.005; data doi:10.5281/zenodo.4263842 (MPL-2.0). Sample V002.
#   Copied by scripts/import_slum.py; wavelengths converted to micrometres and reflectance from percent to a fraction, otherwise unmodified.
#   Licence: Mozilla Public License 2.0, as SLUM is released; this file is a subset of it and stays under MPL-2.0 (https://mozilla.org/MPL/2.0/).
# Columns: wavelength in MICROMETRES, value.
0.3481,0.0803546
0.3497,0.0799866
0.3513,0.0796121
0.3529,0.0792308
0.3545,0.0788429
0.3561,0.0784484
0.3576,0.0779056
0.3592,0.0780542
0.3608,0.0774487
0.3624,0.0765231
0.3639,0.0749044
0.3655,0.0731962
0.3671,0.0720631
0.3687,0.0719058
0.3702,0.0733052
0.3718,0.0754934
0.3734,0.0784663
0.3749,0.0818493
0.3765,0.0849343
0.378,0.0879132
0.3796,0.0905535
0.3811,0.0933002
0.3827,0.0970518
0.3842,0.102148
0.3858,0.109196
0.3873,0.118077
0.3889,0.129156
0.3904,0.142482
0.392,0.158048
0.3935,0.176065
0.395,0.195762
0.3966,0.217127
0.3981,0.240322
0.3996,0.265038
0.4012,0.290888
0.4027,0.316778
0.4042,0.341918
0.4058,0.365645
0.4073,0.387273
0.4088,0.406273
0.4104,0.421794
0.4119,0.433964
0.4134,0.443374
0.4149,0.450507
0.4165,0.455842
0.418,0.459667
0.4195,0.462343
0.421,0.464204
0.4225,0.465532
0.4241,0.466614
0.4256,0.467265
0.4271,0.46774
0.4286,0.468189
0.4301,0.468598
0.4316,0.469005
0.4331,0.469358
0.4347,0.469532
0.4362,0.469774
0.4377,0.470069
0.4392,0.470377
0.4407,0.470569
0.4422,0.470676
0.4437,0.470811
0.4452,0.470933
0.4467,0.471174
0.4482,0.471295
0.4497,0.471269
0.4512,0.471393
0.4527,0.471561
0.4542,0.471709
0.4557,0.471746
0.4572,0.471777
0.4587,0.47188
0.4602,0.472008
0.4617,0.472226
0.4632,0.472328
0.4647,0.472393
0.4662,0.472525
0.4677,0.472678
0.4692,0.47281
0.4707,0.472857
0.4722,0.472992
0.4737,0.473147
0.4752,0.473223
0.4766,0.473331
0.4781,0.473354
0.4796,0.473386
0.4811,0.47345
0.4826,0.473461
0.4841,0.473557
0.4856,0.473664
0.4871,0.473777
0.4885,0.473899
0.49,0.473908
0.4915,0.473997
0.493,0.474072
0.4945,0.474118
0.4959,0.474185
0.4974,0.474176
0.4989,0.474197
0.5004,0.474227
0.5019,0.474281
0.5034,0.474325
0.5048,0.47429
0.5063,0.474324
0.5078,0.474348
0.5092,0.474282
0.5107,0.474292
0.5122,0.474285
0.5137,0.474308
0.5151,0.474422
0.5166,0.474532
0.5181,0.474586
0.5196,0.474576
0.521,0.474502
0.5225,0.474429
0.524,0.474355
0.5254,0.474361
0.5269,0.474367
0.5284,0.474448
0.5298,0.474487
0.5313,0.474502
0.5328,0.474417
0.5342,0.474301
0.5357,0.47416
0.5371,0.474094
0.5386,0.474127
0.5401,0.474161
0.5415,0.474178
0.543,0.474295
0.5445,0.474315
0.5459,0.47427
0.5474,0.474163
0.5488,0.474001
0.5503,0.473905
0.5517,0.473821
0.5532,0.47385
0.5546,0.473811
0.5561,0.473801
0.5575,0.473854
0.559,0.473853
0.5604,0.473748
0.5619,0.473679
0.5633,0.473565
0.5648,0.47356
0.5662,0.473498
0.5677,0.473532
0.5691,0.473514
0.5706,0.473482
0.572,0.473459
0.5735,0.473366
0.5749,0.473221
0.5763,0.473141
0.5778,0.473034
0.5792,0.472968
0.5806,0.472886
0.5821,0.472923
0.5835,0.472916
0.585,0.472846
0.5864,0.472797
0.5878,0.472623
0.5893,0.472523
0.5907,0.472494
0.5921,0.472459
0.5935,0.472418
0.595,0.472391
0.5964,0.472411
0.5978,0.472363
0.5993,0.472267
0.6007,0.472143
0.6021,0.471952
0.6035,0.471866
0.605,0.471787
0.6064,0.471634
0.6078,0.4715
0.6092,0.471411
0.6106,0.471393
0.6121,0.471364
0.6135,0.471301
0.6149,0.471236
0.6163,0.471152
0.6177,0.471078
0.6191,0.470962
0.6205,0.470779
0.622,0.47067
0.6234,0.47054
0.6248,0.470464
0.6262,0.470351
0.6276,0.470189
0.629,0.470029
0.6304,0.469897
0.6318,0.469781
0.6332,0.469717
0.6346,0.469606
0.636,0.469549
0.6374,0.469426
0.6388,0.469326
0.6402,0.469224
0.6416,0.46913
0.643,0.469083
0.6444,0.469068
0.6458,0.469069
0.6472,0.469081
0.6485,0.469058
0.6499,0.469049
0.6513,0.468952
0.6527,0.468843
0.6541,0.468735
0.6555,0.468637
0.6569,0.468528
0.6582,0.468375
0.6596,0.468268
0.661,0.468158
0.6624,0.468031
0.6638,0.467951
0.6651,0.467816
0.6665,0.467704
0.6679,0.467605
0.6693,0.467485
0.6706,0.467391
0.672,0.467276
0.6734,0.467206
0.6747,0.467097
0.6761,0.467027
0.6775,0.466977
0.6788,0.466882
0.6802,0.466836
0.6815,0.466769
0.6829,0.466692
0.6843,0.466603
0.6856,0.466469
0.687,0.466371
0.6883,0.466227
0.6897,0.466124
0.691,0.465984
0.6924,0.465822
0.6937,0.465709
0.6951,0.46559
0.6964,0.465464
0.6978,0.465308
0.6991,0.465129
0.7005,0.46505
0.7018,0.46492
0.7032,0.464827
0.7045,0.464706
0.7058,0.464538
0.7072,0.464475
0.7085,0.464377
0.7098,0.464249
0.7112,0.464099
0.7125,0.463902
0.7138,0.463767
0.7152,0.463592
0.7165,0.463441
0.7178,0.463298
0.7191,0.463158
0.7205,0.463137
0.7218,0.463083
0.7231,0.463065
0.7244,0.463037
0.7258,0.462956
0.7271,0.46295
0.7284,0.462919
0.7297,0.462836
0.731,0.462762
0.7323,0.462585
0.7336,0.462463
0.735,0.462297
0.7363,0.462119
0.7376,0.461935
0.7389,0.461787
0.7402,0.461749
0.7415,0.461673
0.7428,0.461553
0.7441,0.461421
0.7454,0.461243
0.7467,0.461102
0.748,0.46092
0.7493,0.460742
0.7506,0.460621
0.7519,0.460527
0.7531,0.460471
0.7544,0.460397
0.7557,0.460302
0.757,0.460201
0.7583,0.460078
0.7596,0.459941
0.7609,0.45979
0.7621,0.459677
0.7634,0.459627
0.7647,0.459536
0.766,0.459476
0.7673,0.459376
0.7685,0.459249
0.7698,0.459117
0.7711,0.458933
0.7724,0.458785
0.7736,0.458625
0.7749,0.458507
0.7762,0.458471
0.7774,0.458373
0.7787,0.458319
0.78,0.458183
0.7812,0.458065
0.7825,0.457991
0.7837,0.457836
0.785,0.45775
0.7863,0.457632
0.7875,0.457486
0.7888,0.457425
0.79,0.457296
0.7913,0.457183
0.7925,0.457022
0.7938,0.456882
0.795,0.456787
0.7963,0.456619
0.7975,0.456534
0.7988,0.456466
0.8,0.456368
0.8012,0.456389
0.8025,0.456329
0.8037,0.456361
0.805,0.456336
0.8062,0.456271
0.8074,0.45621
0.8087,0.456031
0.8099,0.455958
0.8111,0.455869
0.8124,0.455747
0.8136,0.455652
0.8148,0.455495
0.816,0.455443
0.8172,0.455316
0.8185,0.455188
0.8197,0.455019
0.8209,0.45483
0.8221,0.454756
0.8234,0.45468
0.8246,0.454576
0.8258,0.454504
0.827,0.454347
0.8282,0.454311
0.8294,0.454187
0.8306,0.454112
0.8318,0.454041
0.833,0.453916
0.8342,0.453851
0.8355,0.453789
0.8366,0.4537
0.8379,0.453632
0.839,0.453454
0.8402,0.453343
0.8415,0.453175
0.8426,0.453077
0.8438,0.452958
0.845,0.452739
0.8462,0.452665
0.8474,0.452539
0.8486,0.452439
0.8498,0.45231
0.851,0.45218
0.8522,0.452099
0.8533,0.452018
0.8545,0.451902
0.8557,0.451764
0.8569,0.451594
0.8581,0.451593
0.8592,0.451482
0.8604,0.451408
0.8616,0.45125
0.8628,0.451162
0.8639,0.451146
0.8651,0.451027
0.8663,0.450873
0.8674,0.450761
0.8686,0.450586
0.8698,0.450586
0.8709,0.45052
0.8721,0.450415
0.8732,0.450211
0.8744,0.450061
0.8755,0.450029
0.8767,0.449889
0.8779,0.449743
0.879,0.449678
0.8801,0.449495
0.8813,0.449456
0.8825,0.449301
0.8836,0.449083
0.8847,0.44884
0.8859,0.448519
0.887,0.448425
0.8881,0.448303
0.8893,0.448191
0.8904,0.44815
0.8916,0.448042
0.8927,0.448027
0.8938,0.447895
0.895,0.447803
0.8961,0.447575
0.8972,0.447265
0.8983,0.447231
0.8994,0.447197
0.9006,0.447125
0.9017,0.447157
0.9028,0.447133
0.9039,0.447198
0.905,0.447171
0.9061,0.447114
0.9072,0.446911
0.9083,0.446667
0.9094,0.446599
0.9105,0.446465
0.9116,0.446305
0.9128,0.44618
0.9138,0.446058
0.9149,0.44595
0.916,0.445807
0.9171,0.445727
0.9182,0.445675
0.9193,0.445578
0.9204,0.445553
0.9215,0.445551
0.9225,0.44567
0.9236,0.445564
0.9247,0.445588
0.9258,0.445506
0.9268,0.445486
0.9279,0.445417
0.929,0.445355
0.93,0.44511
0.9311,0.444992
0.9321,0.444971
0.9332,0.445032
0.9343,0.444925
0.9353,0.44484
0.9364,0.444835
0.9374,0.444773
0.9385,0.444717
0.9395,0.444729
0.9405,0.444496
0.9416,0.444496
0.9426,0.444383
0.9436,0.444429
0.9447,0.444418
0.9457,0.44429
0.9467,0.444229
0.9477,0.444043
0.9488,0.444033
0.9498,0.444053
0.9508,0.443764
0.9518,0.443942
0.9528,0.443705
0.9538,0.443793
0.9548,0.443924
0.9558,0.443848
0.9568,0.443861
0.9578,0.443894
0.9587,0.444114
0.9597,0.44414
0.9607,0.443878
0.9617,0.443793
0.9626,0.443325
0.9636,0.44324
0.9646,0.443358
0.9655,0.443109
0.9665,0.443481
0.9675,0.44348
0.9684,0.443969
0.9694,0.444114
0.9703,0.44407
0.9712,0.443991
0.9722,0.443574
0.9731,0.443587
0.974,0.443493
0.9749,0.443167
0.9759,0.443011
0.9768,0.442547
0.9777,0.442708
0.9786,0.442479
0.9795,0.442201
0.9816,0.442074
0.9854,0.441475
0.9893,0.440868
0.9931,0.440513
0.997,0.440492
1.0008,0.440617
1.0047,0.440627
1.0085,0.440578
1.0124,0.440152
1.0162,0.439706
1.0201,0.439209
1.0239,0.438646
1.0278,0.438128
1.0316,0.438415
1.0354,0.438631
1.0393,0.438821
1.0431,0.438556
1.047,0.438128
1.0508,0.437568
1.0547,0.43673
1.0585,0.435643
1.0623,0.43526
1.0662,0.435186
1.07,0.435325
1.0738,0.43524
1.0777,0.435291
1.0815,0.435295
1.0853,0.435226
1.0892,0.434913
1.093,0.434128
1.0968,0.43319
1.1007,0.432541
1.1045,0.43202
1.1083,0.431871
1.1122,0.43157
1.116,0.43133
1.1198,0.430905
1.1237,0.430505
1.1275,0.42963
1.1313,0.428636
1.1351,0.427753
1.139,0.426861
1.1428,0.42621
1.1466,0.425915
1.1504,0.425267
1.1542,0.424633
1.158,0.423897
1.1619,0.423322
1.1657,0.422136
1.1695,0.420747
1.1733,0.419547
1.1771,0.418404
1.1809,0.417174
1.1847,0.416138
1.1885,0.414864
1.1923,0.413926
1.1961,0.413109
1.1999,0.412745
1.2037,0.412371
1.2075,0.412196
1.2113,0.412463
1.2151,0.413019
1.2189,0.413474
1.2227,0.413961
1.2265,0.414226
1.2303,0.414591
1.2341,0.414708
1.2379,0.414975
1.2417,0.415067
1.2455,0.415376
1.2492,0.415485
1.253,0.415648
1.2568,0.415678
1.2606,0.41561
1.2643,0.415469
1.2681,0.415337
1.2719,0.414888
1.2757,0.414477
1.2794,0.414062
1.2832,0.413753
1.287,0.413253
1.2907,0.412779
1.2945,0.412278
1.2982,0.411963
1.302,0.411541
1.3057,0.411015
1.3095,0.410236
1.3132,0.409705
1.317,0.40929
1.3207,0.408866
1.3245,0.408593
1.3282,0.408133
1.332,0.407718
1.3357,0.407436
1.3394,0.407028
1.3432,0.406452
1.3469,0.40555
1.3506,0.404765
1.3543,0.403926
1.3581,0.402801
1.3618,0.401615
1.3655,0.400436
1.3692,0.399035
1.3729,0.39761
1.3767,0.396212
1.3804,0.394822
1.3841,0.393478
1.3878,0.392425
1.3915,0.391369
1.3952,0.390559
1.3989,0.390098
1.4026,0.389732
1.4063,0.389269
1.41,0.3887
1.4136,0.38802
1.4173,0.387499
1.421,0.387186
1.4247,0.386732
1.4283,0.386239
1.432,0.386338
1.4357,0.386265
1.4394,0.386345
1.443,0.386429
1.4467,0.386454
1.4503,0.386712
1.454,0.386948
1.4577,0.387155
1.4613,0.38729
1.465,0.387552
1.4686,0.387481
1.4722,0.387076
1.4759,0.386722
1.4795,0.386169
1.4832,0.385864
1.4868,0.385558
1.4904,0.385284
1.494,0.38512
1.4977,0.385163
1.5013,0.385143
1.5049,0.384824
1.5085,0.384545
1.5121,0.384075
1.5157,0.383678
1.5193,0.38328
1.5229,0.382587
1.5265,0.382152
1.5301,0.38173
1.5337,0.381551
1.5373,0.381383
1.5408,0.381325
1.5444,0.381285
1.548,0.38117
1.5516,0.380993
1.5551,0.38046
1.5587,0.379625
1.5623,0.378962
1.5658,0.378445
1.5694,0.378246
1.5729,0.377935
1.5765,0.377404
1.58,0.377214
1.5836,0.376894
1.5871,0.376105
1.5906,0.375265
1.5942,0.374476
1.5977,0.374072
1.6012,0.373891
1.6047,0.373832
1.6082,0.37348
1.6117,0.372856
1.6152,0.372335
1.6188,0.371653
1.6222,0.370765
1.6258,0.369675
1.6292,0.368568
1.6327,0.367636
1.6362,0.366751
1.6397,0.365456
1.6432,0.363591
1.6466,0.361203
1.6501,0.358655
1.6536,0.356176
1.657,0.353685
1.6605,0.350785
1.6639,0.348149
1.6674,0.346103
1.6708,0.34409
1.6743,0.341754
1.6777,0.339093
1.6811,0.33604
1.6845,0.332594
1.688,0.328309
1.6914,0.323157
1.6948,0.316913
1.6982,0.310018
1.7016,0.303155
1.705,0.296135
1.7084,0.290186
1.7118,0.285719
1.7152,0.283219
1.7186,0.283014
1.722,0.28438
1.7253,0.28665
1.7287,0.289339
1.7321,0.292103
1.7354,0.294677
1.7388,0.296456
1.7421,0.297847
1.7455,0.298577
1.7488,0.299223
1.7522,0.300186
1.7555,0.301111
1.7588,0.302022
1.7621,0.303245
1.7655,0.304848
1.7688,0.306848
1.7721,0.308714
1.7754,0.310624
1.7787,0.312182
1.782,0.313566
1.7853,0.314737
1.7885,0.315727
1.7918,0.316535
1.7951,0.317281
1.7984,0.317958
1.8016,0.31879
1.8049,0.319259
1.8082,0.319555
1.8114,0.319535
1.8146,0.319277
1.8179,0.318912
1.8211,0.318892
1.8243,0.318899
1.8276,0.319514
1.8308,0.32026
1.834,0.320886
1.8372,0.320944
1.8404,0.320857
1.8436,0.320873
1.8468,0.320886
1.85,0.321192
1.8532,0.32209
1.8564,0.322732
1.8595,0.324407
1.8627,0.326044
1.8659,0.327157
1.869,0.328514
1.8722,0.328024
1.8753,0.326271
1.8785,0.323393
1.8816,0.320009
1.8817,0.316332
1.8845,0.31254
1.8872,0.3099
1.89,0.308036
1.8928,0.30701
1.8955,0.30699
1.8983,0.305839
1.901,0.305179
1.9038,0.304546
1.9065,0.304164
1.9092,0.303975
1.912,0.303785
1.9147,0.303637
1.9174,0.303447
1.9202,0.303032
1.9229,0.302621
1.9256,0.302122
1.9283,0.301868
1.9311,0.301367
1.9338,0.30103
1.9365,0.300729
1.9392,0.300278
1.9419,0.299871
1.9446,0.299542
1.9473,0.299205
1.95,0.299093
1.9527,0.29889
1.9554,0.298891
1.9581,0.298981
1.9608,0.299368
1.9635,0.299564
1.9662,0.299667
1.9689,0.299683
1.9716,0.299728
1.9743,0.299796
1.9769,0.299958
1.9796,0.299905
1.9823,0.299853
1.985,0.299847
1.9876,0.299966
1.9903,0.299807
1.993,0.299545
1.9956,0.299216
1.9983,0.298921
2.0009,0.298904
2.0036,0.299184
2.0062,0.2994
2.0089,0.299441
2.0115,0.299285
2.0142,0.299113
2.0168,0.298882
2.0195,0.298682
2.0221,0.298441
2.0247,0.298117
2.0273,0.297958
2.03,0.298082
2.0326,0.297992
2.0352,0.297684
2.0378,0.297107
2.0405,0.296688
2.0431,0.296219
2.0457,0.295846
2.0483,0.295252
2.0509,0.294702
2.0535,0.294169
2.0561,0.293851
2.0587,0.293587
2.0613,0.293425
2.0639,0.293235
2.0665,0.293191
2.0691,0.292859
2.0717,0.292492
2.0743,0.292032
2.0769,0.291856
2.0795,0.291468
2.082,0.291161
2.0846,0.290876
2.0872,0.290563
2.0898,0.290229
2.0923,0.289872
2.0949,0.289559
2.0975,0.289227
2.1,0.288871
2.1026,0.288622
2.1051,0.288207
2.1077,0.287608
2.1102,0.286666
2.1128,0.285698
2.1153,0.284645
2.1179,0.283629
2.1204,0.28239
2.123,0.280734
2.1255,0.278811
2.128,0.276675
2.1306,0.274219
2.1331,0.271697
2.1356,0.26933
2.1382,0.267876
2.1407,0.267192
2.1432,0.267172
2.1457,0.267452
2.1482,0.267893
2.1507,0.268257
2.1532,0.268144
2.1558,0.267572
2.1582,0.267057
2.1608,0.266611
2.1633,0.26669
2.1658,0.267275
2.1682,0.268124
2.1707,0.269192
2.1732,0.270165
2.1757,0.270637
2.1782,0.270522
2.1807,0.269941
2.1832,0.269169
2.1856,0.268475
2.1881,0.268051
2.1906,0.267814
2.1931,0.267583
2.1955,0.267305
2.198,0.267052
2.2004,0.266516
2.2029,0.265767
2.2054,0.264792
2.2078,0.263647
2.2103,0.262708
2.2127,0.261827
2.2152,0.260634
2.2176,0.259038
2.2201,0.25712
2.2225,0.254979
2.2249,0.252429
2.2274,0.249702
2.2298,0.246751
2.2322,0.243338
2.2347,0.239815
2.2371,0.235855
2.2395,0.231446
2.2419,0.226728
2.2443,0.221669
2.2468,0.21609
2.2492,0.210296
2.2516,0.204575
2.254,0.198786
2.2564,0.19278
2.2588,0.186824
2.2612,0.180835
2.2636,0.175233
2.266,0.170371
2.2684,0.166251
2.2708,0.162607
2.2732,0.159266
2.2756,0.156137
2.2779,0.152894
2.2803,0.149114
2.2827,0.144772
2.2851,0.140053
2.2874,0.135112
2.2898,0.130263
2.2922,0.125681
2.2946,0.121146
2.2969,0.116732
2.2993,0.11281
2.3016,0.109616
2.304,0.107333
2.3063,0.10631
2.3087,0.106944
2.311,0.108857
2.3134,0.111694
2.3157,0.115059
2.3181,0.118417
2.3204,0.12115
2.3228,0.123249
2.3251,0.124649
2.3274,0.125187
2.3297,0.125128
2.3321,0.124853
2.3344,0.124271
2.3367,0.123511
2.339,0.122524
2.3413,0.121533
2.3437,0.120624
2.346,0.120053
2.3483,0.119759
2.3506,0.119597
2.3529,0.119766
2.3552,0.120083
2.3575,0.120342
2.3598,0.120601
2.3621,0.120452
2.3644,0.120114
2.3667,0.119912
2.3689,0.119799
2.3712,0.119889
2.3735,0.120048
2.3758,0.120449
2.3781,0.121067
2.3803,0.121787
2.3826,0.122648
2.3849,0.123277
2.3872,0.123642
2.3894,0.123921
2.3917,0.124157
2.3939,0.124345
2.3962,0.124476
2.3984,0.124408
2.4007,0.124311
2.4029,0.124277
2.4052,0.124353
2.4074,0.124783
2.4097,0.125486
2.4119,0.126585
2.4142,0.12786
2.4164,0.129247
2.4186,0.130507
2.4208,0.131496
2.4231,0.13217
2.4253,0.132663
2.4275,0.132908
2.4297,0.133316
2.432,0.133643
2.4342,0.134029
2.4364,0.134179
2.4386,0.134254
2.4408,0.133829
2.443,0.133492
2.4452,0.132864
2.4474,0.13231
2.4496,0.131785
2.4518,0.131428
2.454,0.131167
2.4562,0.131267
2.4584,0.131695
2.4606,0.132633
2.4627,0.134024
2.4649,0.13549
2.4671,0.136931
2.4693,0.138551
2.4714,0.139955
2.4736,0.141446
2.4758,0.142467
2.4779,0.143233
2.4801,0.143706
2.4823,0.144876
2.4844,0.146182
2.4866,0.146931
2.4887,0.147719
2.4909,0.148068
2.493,0.148333
2.4952,0.14905
2.4973,0.150118
2.4994,0.151349
2.5016,0.152743
2.5037,0.1543
2.5058,0.15602
