# Short-wave reflectance (fraction) of pvc roofing blue, 0.3481-2.506 um.
#
# source: MEASURED. SLUM, the Spectral Library of impervious Urban Materials: S. Kotthaus, T. E. L. Smith, M. J. Wooster, C. S. B. Grimmond (2014), Derivation of an urban materials spectral library through emittance and reflectance spectroscopy, ISPRS J. Photogramm. Remote Sens. 94, 194-212, doi:10.1016/j.isprsjprs.2014.05.005; data doi:10.5281/zenodo.4263842 (MPL-2.0). Sample V004.
#   Copied by scripts/import_slum.py; wavelengths converted to micrometres and reflectance from percent to a fraction, otherwise unmodified.
#   Licence: Mozilla Public License 2.0, as SLUM is released; this file is a subset of it and stays under MPL-2.0 (https://mozilla.org/MPL/2.0/).
# Columns: wavelength in MICROMETRES, value.
0.3481,0.0443316
0.3497,0.0436781
0.3513,0.0431942
0.3529,0.0428797
0.3545,0.0427346
0.3561,0.0427591
0.3576,0.0434247
0.3592,0.0437349
0.3608,0.0440328
0.3624,0.0442159
0.3639,0.0444031
0.3655,0.0445688
0.3671,0.0449787
0.3687,0.0457148
0.3702,0.0467335
0.3718,0.0482816
0.3734,0.0502337
0.3749,0.0522949
0.3765,0.0545479
0.378,0.0569412
0.3796,0.0595016
0.3811,0.0621355
0.3827,0.0651284
0.3842,0.0685704
0.3858,0.0727245
0.3873,0.0775993
0.3889,0.0830609
0.3904,0.0890795
0.392,0.0957003
0.3935,0.102799
0.395,0.110148
0.3966,0.117418
0.3981,0.124522
0.3996,0.131439
0.4012,0.138151
0.4027,0.144305
0.4042,0.14983
0.4058,0.154758
0.4073,0.159067
0.4088,0.162902
0.4104,0.166236
0.4119,0.168982
0.4134,0.171217
0.4149,0.173094
0.4165,0.174706
0.418,0.175925
0.4195,0.176936
0.421,0.177751
0.4225,0.178418
0.4241,0.179215
0.4256,0.180146
0.4271,0.18113
0.4286,0.182096
0.4301,0.183046
0.4316,0.184005
0.4331,0.184914
0.4347,0.185806
0.4362,0.186687
0.4377,0.187648
0.4392,0.188791
0.4407,0.190003
0.4422,0.191175
0.4437,0.192253
0.4452,0.193226
0.4467,0.194109
0.4482,0.19483
0.4497,0.195376
0.4512,0.195765
0.4527,0.196045
0.4542,0.196234
0.4557,0.196258
0.4572,0.196213
0.4587,0.196067
0.4602,0.195868
0.4617,0.195634
0.4632,0.195347
0.4647,0.195052
0.4662,0.194705
0.4677,0.194314
0.4692,0.193851
0.4707,0.193317
0.4722,0.192788
0.4737,0.192147
0.4752,0.191415
0.4766,0.190628
0.4781,0.189778
0.4796,0.188933
0.4811,0.188022
0.4826,0.187006
0.4841,0.185961
0.4856,0.184901
0.4871,0.183836
0.4885,0.18269
0.49,0.181465
0.4915,0.18021
0.493,0.178916
0.4945,0.177586
0.4959,0.17616
0.4974,0.174608
0.4989,0.172988
0.5004,0.171308
0.5019,0.169602
0.5034,0.167798
0.5048,0.165899
0.5063,0.163958
0.5078,0.161947
0.5092,0.159857
0.5107,0.1577
0.5122,0.155457
0.5137,0.153106
0.5151,0.150703
0.5166,0.148247
0.5181,0.145689
0.5196,0.143067
0.521,0.14035
0.5225,0.137573
0.524,0.134762
0.5254,0.131917
0.5269,0.129024
0.5284,0.126059
0.5298,0.123076
0.5313,0.120071
0.5328,0.117044
0.5342,0.11401
0.5357,0.110934
0.5371,0.10789
0.5386,0.10488
0.5401,0.101886
0.5415,0.0989187
0.543,0.095968
0.5445,0.0930606
0.5459,0.0902066
0.5474,0.0874127
0.5488,0.0846666
0.5503,0.0819879
0.5517,0.079396
0.5532,0.0768968
0.5546,0.0744908
0.5561,0.0721867
0.5575,0.0699682
0.559,0.0678581
0.5604,0.0658641
0.5619,0.0640011
0.5633,0.0622696
0.5648,0.0606839
0.5662,0.0592309
0.5677,0.0579149
0.5691,0.0567218
0.5706,0.0556599
0.572,0.054688
0.5735,0.0538152
0.5749,0.0530379
0.5763,0.0523552
0.5778,0.0517636
0.5792,0.0512329
0.5806,0.0507626
0.5821,0.0503423
0.5835,0.0499623
0.585,0.0496263
0.5864,0.0493026
0.5878,0.049002
0.5893,0.0487349
0.5907,0.0484847
0.5921,0.0482589
0.5935,0.0480398
0.595,0.0478336
0.5964,0.0476293
0.5978,0.0474378
0.5993,0.0472547
0.6007,0.047079
0.6021,0.0469196
0.6035,0.046779
0.605,0.0466551
0.6064,0.046554
0.6078,0.0464882
0.6092,0.0464616
0.6106,0.0464595
0.6121,0.0464934
0.6135,0.04656
0.6149,0.0466679
0.6163,0.046817
0.6177,0.0469889
0.6191,0.0472003
0.6205,0.0474491
0.622,0.0477516
0.6234,0.0481108
0.6248,0.0484903
0.6262,0.0489104
0.6276,0.0493706
0.629,0.0498721
0.6304,0.0504157
0.6318,0.0509642
0.6332,0.0515422
0.6346,0.0521419
0.636,0.0527678
0.6374,0.0534163
0.6388,0.0540524
0.6402,0.0547056
0.6416,0.0553583
0.643,0.0560147
0.6444,0.0566697
0.6458,0.0572835
0.6472,0.0578875
0.6485,0.0584618
0.6499,0.0590135
0.6513,0.0595388
0.6527,0.0600186
0.6541,0.0604701
0.6555,0.0608716
0.6569,0.0612416
0.6582,0.061566
0.6596,0.0618302
0.661,0.0620426
0.6624,0.0621898
0.6638,0.0622847
0.6651,0.0623219
0.6665,0.0622811
0.6679,0.0621843
0.6693,0.062019
0.6706,0.0618041
0.672,0.0615348
0.6734,0.0612088
0.6747,0.0608375
0.6761,0.0604193
0.6775,0.0599687
0.6788,0.0594907
0.6802,0.0589797
0.6815,0.0584769
0.6829,0.0579708
0.6843,0.0574857
0.6856,0.0570454
0.687,0.0566488
0.6883,0.0563223
0.6897,0.056045
0.691,0.0558384
0.6924,0.0557052
0.6937,0.0556308
0.6951,0.0556419
0.6964,0.055718
0.6978,0.0558796
0.6991,0.0561394
0.7005,0.0564914
0.7018,0.0569507
0.7032,0.0574862
0.7045,0.0581135
0.7058,0.058812
0.7072,0.0595645
0.7085,0.0603712
0.7098,0.0612051
0.7112,0.0620655
0.7125,0.0629533
0.7138,0.063864
0.7152,0.0647927
0.7165,0.0657298
0.7178,0.0666815
0.7191,0.06764
0.7205,0.0686172
0.7218,0.069625
0.7231,0.0706434
0.7244,0.0716866
0.7258,0.0727538
0.7271,0.0738501
0.7284,0.0749687
0.7297,0.076089
0.731,0.0772231
0.7323,0.078371
0.7336,0.0795485
0.735,0.0807687
0.7363,0.0820108
0.7376,0.0833034
0.7389,0.0846356
0.7402,0.0860214
0.7415,0.0874576
0.7428,0.08891
0.7441,0.0904211
0.7454,0.0919698
0.7467,0.0935548
0.748,0.0951799
0.7493,0.0968273
0.7506,0.098501
0.7519,0.100166
0.7531,0.101818
0.7544,0.103462
0.7557,0.105073
0.757,0.10669
0.7583,0.108286
0.7596,0.109874
0.7609,0.111459
0.7621,0.113036
0.7634,0.114608
0.7647,0.116163
0.766,0.117708
0.7673,0.119252
0.7685,0.120789
0.7698,0.122339
0.7711,0.123891
0.7724,0.125431
0.7736,0.126966
0.7749,0.128488
0.7762,0.130014
0.7774,0.131522
0.7787,0.133026
0.78,0.134524
0.7812,0.136019
0.7825,0.137521
0.7837,0.139014
0.785,0.140498
0.7863,0.141972
0.7875,0.143465
0.7888,0.14495
0.79,0.146389
0.7913,0.147848
0.7925,0.149295
0.7938,0.150725
0.795,0.15215
0.7963,0.153533
0.7975,0.154947
0.7988,0.156355
0.8,0.157768
0.8012,0.159155
0.8025,0.160486
0.8037,0.161811
0.805,0.163075
0.8062,0.164299
0.8074,0.165518
0.8087,0.166663
0.8099,0.167834
0.8111,0.168989
0.8124,0.170121
0.8136,0.171239
0.8148,0.172312
0.816,0.173355
0.8172,0.174378
0.8185,0.175394
0.8197,0.17641
0.8209,0.177376
0.8221,0.178331
0.8234,0.179253
0.8246,0.18016
0.8258,0.181033
0.827,0.181868
0.8282,0.182691
0.8294,0.1835
0.8306,0.184292
0.8318,0.185075
0.833,0.185841
0.8342,0.186581
0.8355,0.187295
0.8366,0.187998
0.8379,0.188673
0.839,0.189339
0.8402,0.190005
0.8415,0.190603
0.8426,0.191192
0.8438,0.191759
0.845,0.192287
0.8462,0.192811
0.8474,0.1933
0.8486,0.193772
0.8498,0.194244
0.851,0.1947
0.8522,0.195174
0.8533,0.195572
0.8545,0.196
0.8557,0.196371
0.8569,0.196727
0.8581,0.19709
0.8592,0.197412
0.8604,0.197727
0.8616,0.19801
0.8628,0.198281
0.8639,0.198598
0.8651,0.198847
0.8663,0.199098
0.8674,0.199302
0.8686,0.199508
0.8698,0.19975
0.8709,0.199973
0.8721,0.200181
0.8732,0.200349
0.8744,0.20052
0.8755,0.200706
0.8767,0.200859
0.8779,0.200953
0.879,0.20107
0.8801,0.20117
0.8813,0.201289
0.8825,0.201397
0.8836,0.201485
0.8847,0.201538
0.8859,0.201608
0.887,0.201696
0.8881,0.201773
0.8893,0.201844
0.8904,0.201918
0.8916,0.201994
0.8927,0.202045
0.8938,0.202074
0.895,0.202121
0.8961,0.202072
0.8972,0.202077
0.8983,0.202112
0.8994,0.20214
0.9006,0.202215
0.9017,0.202234
0.9028,0.202305
0.9039,0.202366
0.905,0.202366
0.9061,0.202415
0.9072,0.202347
0.9083,0.202344
0.9094,0.202338
0.9105,0.202306
0.9116,0.202329
0.9128,0.20231
0.9138,0.20226
0.9149,0.202252
0.916,0.2022
0.9171,0.202206
0.9182,0.20217
0.9193,0.202149
0.9204,0.202122
0.9215,0.2021
0.9225,0.20208
0.9236,0.202053
0.9247,0.202007
0.9258,0.202001
0.9268,0.201952
0.9279,0.201951
0.929,0.201925
0.93,0.201891
0.9311,0.201866
0.9321,0.201814
0.9332,0.201796
0.9343,0.201863
0.9353,0.201911
0.9364,0.201889
0.9374,0.201872
0.9385,0.201861
0.9395,0.201842
0.9405,0.201813
0.9416,0.201737
0.9426,0.201618
0.9436,0.20164
0.9447,0.201736
0.9457,0.201708
0.9467,0.201633
0.9477,0.201637
0.9488,0.201658
0.9498,0.201699
0.9508,0.201666
0.9518,0.201668
0.9528,0.201572
0.9538,0.201543
0.9548,0.201583
0.9558,0.20159
0.9568,0.201422
0.9578,0.201435
0.9587,0.201392
0.9597,0.201367
0.9607,0.201349
0.9617,0.201274
0.9626,0.201168
0.9636,0.201243
0.9646,0.201458
0.9655,0.201589
0.9665,0.201588
0.9675,0.20166
0.9684,0.201714
0.9694,0.201669
0.9703,0.201664
0.9712,0.20166
0.9722,0.201832
0.9731,0.202043
0.974,0.202198
0.9749,0.202167
0.9759,0.202284
0.9768,0.20212
0.9777,0.202015
0.9786,0.201596
0.9795,0.201446
0.9816,0.201051
0.9854,0.200815
0.9893,0.200594
0.9931,0.200871
0.997,0.201264
1.0008,0.201599
1.0047,0.201227
1.0085,0.200995
1.0124,0.200452
1.0162,0.199874
1.0201,0.199106
1.0239,0.198679
1.0278,0.198253
1.0316,0.198422
1.0354,0.198518
1.0393,0.198497
1.0431,0.198003
1.047,0.197973
1.0508,0.197619
1.0547,0.197304
1.0585,0.197198
1.0623,0.197074
1.0662,0.196904
1.07,0.197012
1.0738,0.19672
1.0777,0.196734
1.0815,0.196477
1.0853,0.196448
1.0892,0.195945
1.093,0.195318
1.0968,0.19474
1.1007,0.19442
1.1045,0.194023
1.1083,0.193863
1.1122,0.193568
1.116,0.193501
1.1198,0.193245
1.1237,0.19306
1.1275,0.192662
1.1313,0.192256
1.1351,0.191931
1.139,0.1919
1.1428,0.191696
1.1466,0.191876
1.1504,0.19178
1.1542,0.191534
1.158,0.191156
1.1619,0.190918
1.1657,0.190564
1.1695,0.190138
1.1733,0.189722
1.1771,0.189496
1.1809,0.189125
1.1847,0.188939
1.1885,0.188477
1.1923,0.188317
1.1961,0.18795
1.1999,0.187793
1.2037,0.187512
1.2075,0.187224
1.2113,0.187133
1.2151,0.187188
1.2189,0.18717
1.2227,0.187253
1.2265,0.187221
1.2303,0.187327
1.2341,0.1871
1.2379,0.187077
1.2417,0.186988
1.2455,0.187044
1.2492,0.187043
1.253,0.187146
1.2568,0.187254
1.2606,0.187281
1.2643,0.18726
1.2681,0.187245
1.2719,0.186895
1.2757,0.186675
1.2794,0.18645
1.2832,0.186215
1.287,0.185827
1.2907,0.185498
1.2945,0.185161
1.2982,0.184919
1.302,0.184659
1.3057,0.184304
1.3095,0.183707
1.3132,0.183408
1.317,0.183177
1.3207,0.182973
1.3245,0.182885
1.3282,0.18274
1.332,0.182586
1.3357,0.182595
1.3394,0.182527
1.3432,0.182403
1.3469,0.182027
1.3506,0.181803
1.3543,0.181488
1.3581,0.181
1.3618,0.180377
1.3655,0.179811
1.3692,0.179103
1.3729,0.178553
1.3767,0.17803
1.3804,0.177595
1.3841,0.177136
1.3878,0.176787
1.3915,0.176281
1.3952,0.17593
1.3989,0.175652
1.4026,0.175393
1.4063,0.175059
1.41,0.174806
1.4136,0.174479
1.4173,0.174274
1.421,0.174121
1.4247,0.173812
1.4283,0.173421
1.432,0.173448
1.4357,0.173244
1.4394,0.173122
1.443,0.172986
1.4467,0.172958
1.4503,0.173024
1.454,0.173066
1.4577,0.173049
1.4613,0.173057
1.465,0.173149
1.4686,0.17303
1.4722,0.172674
1.4759,0.172408
1.4795,0.172018
1.4832,0.171834
1.4868,0.171571
1.4904,0.171447
1.494,0.171435
1.4977,0.171553
1.5013,0.171504
1.5049,0.17126
1.5085,0.171049
1.5121,0.170683
1.5157,0.170434
1.5193,0.170243
1.5229,0.169852
1.5265,0.169746
1.5301,0.169641
1.5337,0.169612
1.5373,0.169468
1.5408,0.16942
1.5444,0.169346
1.548,0.169239
1.5516,0.169274
1.5551,0.169131
1.5587,0.168732
1.5623,0.168464
1.5658,0.168211
1.5694,0.168127
1.5729,0.16794
1.5765,0.167572
1.58,0.167392
1.5836,0.167225
1.5871,0.16676
1.5906,0.166278
1.5942,0.165808
1.5977,0.165571
1.6012,0.165533
1.6047,0.165706
1.6082,0.165707
1.6117,0.16549
1.6152,0.165355
1.6188,0.165143
1.6222,0.164697
1.6258,0.164182
1.6292,0.163555
1.6327,0.163081
1.6362,0.162693
1.6397,0.162158
1.6432,0.161422
1.6466,0.160532
1.6501,0.159703
1.6536,0.158978
1.657,0.158373
1.6605,0.157525
1.6639,0.156651
1.6674,0.156053
1.6708,0.155233
1.6743,0.154268
1.6777,0.15325
1.6811,0.152119
1.6845,0.151008
1.688,0.149652
1.6914,0.148143
1.6948,0.146232
1.6982,0.144082
1.7016,0.142007
1.705,0.139596
1.7084,0.13752
1.7118,0.135831
1.7152,0.134766
1.7186,0.134576
1.722,0.134933
1.7253,0.135548
1.7287,0.13637
1.7321,0.137187
1.7354,0.138123
1.7388,0.138705
1.7421,0.139148
1.7455,0.139312
1.7488,0.139453
1.7522,0.139764
1.7555,0.140192
1.7588,0.140475
1.7621,0.140859
1.7655,0.141202
1.7688,0.141861
1.7721,0.142259
1.7754,0.142927
1.7787,0.143448
1.782,0.143909
1.7853,0.144343
1.7885,0.14487
1.7918,0.145077
1.7951,0.145351
1.7984,0.14548
1.8016,0.145781
1.8049,0.145704
1.8082,0.145676
1.8114,0.145284
1.8146,0.14502
1.8179,0.144611
1.8211,0.144255
1.8243,0.143779
1.8276,0.144131
1.8308,0.144583
1.834,0.14488
1.8372,0.144921
1.8404,0.145022
1.8436,0.145186
1.8468,0.145626
1.85,0.145808
1.8532,0.146057
1.8564,0.145991
1.8595,0.147003
1.8627,0.147461
1.8659,0.147568
1.869,0.14754
1.8722,0.1469
1.8753,0.145728
1.8785,0.144249
1.8816,0.142481
1.8817,0.140733
1.8845,0.138976
1.8872,0.138279
1.89,0.137642
1.8928,0.137503
1.8955,0.137465
1.8983,0.137118
1.901,0.136826
1.9038,0.136565
1.9065,0.136303
1.9092,0.135956
1.912,0.135555
1.9147,0.135317
1.9174,0.135176
1.9202,0.135011
1.9229,0.134847
1.9256,0.134737
1.9283,0.134715
1.9311,0.134671
1.9338,0.134538
1.9365,0.134294
1.9392,0.133867
1.9419,0.133571
1.9446,0.13341
1.9473,0.133172
1.95,0.133042
1.9527,0.133005
1.9554,0.133044
1.9581,0.133121
1.9608,0.133242
1.9635,0.133251
1.9662,0.133106
1.9689,0.133109
1.9716,0.133199
1.9743,0.133181
1.9769,0.133154
1.9796,0.133058
1.9823,0.132925
1.985,0.132789
1.9876,0.132704
1.9903,0.132578
1.993,0.132518
1.9956,0.132501
1.9983,0.132571
2.0009,0.132563
2.0036,0.132514
2.0062,0.132353
2.0089,0.132187
2.0115,0.132049
2.0142,0.131992
2.0168,0.131805
2.0195,0.131657
2.0221,0.131522
2.0247,0.131433
2.0273,0.131342
2.03,0.131317
2.0326,0.131235
2.0352,0.131243
2.0378,0.131238
2.0405,0.131236
2.0431,0.130995
2.0457,0.130843
2.0483,0.130619
2.0509,0.130451
2.0535,0.130286
2.0561,0.130092
2.0587,0.12992
2.0613,0.129814
2.0639,0.129734
2.0665,0.129668
2.0691,0.12943
2.0717,0.129308
2.0743,0.129293
2.0769,0.129343
2.0795,0.129274
2.082,0.129141
2.0846,0.128916
2.0872,0.128625
2.0898,0.128363
2.0923,0.128048
2.0949,0.127798
2.0975,0.12778
2.1,0.12791
2.1026,0.127991
2.1051,0.127877
2.1077,0.127647
2.1102,0.127292
2.1128,0.126901
2.1153,0.126501
2.1179,0.126039
2.1204,0.125588
2.123,0.125174
2.1255,0.12456
2.128,0.123759
2.1306,0.122777
2.1331,0.122024
2.1356,0.12139
2.1382,0.120971
2.1407,0.120789
2.1432,0.120792
2.1457,0.120898
2.1482,0.12103
2.1507,0.120899
2.1532,0.120633
2.1558,0.120312
2.1582,0.120106
2.1608,0.119841
2.1633,0.1198
2.1658,0.120029
2.1682,0.120393
2.1707,0.120773
2.1732,0.121105
2.1757,0.12132
2.1782,0.121305
2.1807,0.120921
2.1832,0.120538
2.1856,0.120272
2.1881,0.119996
2.1906,0.119809
2.1931,0.119688
2.1955,0.119671
2.198,0.119654
2.2004,0.119595
2.2029,0.119583
2.2054,0.119294
2.2078,0.119016
2.2103,0.118815
2.2127,0.118446
2.2152,0.117979
2.2176,0.117346
2.2201,0.116507
2.2225,0.115555
2.2249,0.11458
2.2274,0.113665
2.2298,0.112422
2.2322,0.11121
2.2347,0.110032
2.2371,0.108768
2.2395,0.10725
2.2419,0.105642
2.2443,0.103892
2.2468,0.102012
2.2492,0.100169
2.2516,0.098204
2.254,0.096168
2.2564,0.0942718
2.2588,0.0923005
2.2612,0.0901786
2.2636,0.0880007
2.266,0.0860276
2.2684,0.0842371
2.2708,0.0826209
2.2732,0.0812386
2.2756,0.0800035
2.2779,0.0789696
2.2803,0.077974
2.2827,0.0766263
2.2851,0.0750061
2.2874,0.0730819
2.2898,0.070917
2.2922,0.0687989
2.2946,0.0665897
2.2969,0.0643336
2.2993,0.0624133
2.3016,0.0610039
2.304,0.0602032
2.3063,0.0598878
2.3087,0.0603674
2.311,0.0612396
2.3134,0.0626208
2.3157,0.0642761
2.3181,0.0657471
2.3204,0.0670019
2.3228,0.0680422
2.3251,0.0687242
2.3274,0.0692516
2.3297,0.0693372
2.3321,0.0692208
2.3344,0.0688719
2.3367,0.0683306
2.339,0.0676255
2.3413,0.0669728
2.3437,0.0664315
2.346,0.0661545
2.3483,0.0659845
2.3506,0.0660544
2.3529,0.0661686
2.3552,0.0664202
2.3575,0.0667266
2.3598,0.066837
2.3621,0.0668024
2.3644,0.066713
2.3667,0.0664868
2.3689,0.0662016
2.3712,0.0658795
2.3735,0.0657667
2.3758,0.0658739
2.3781,0.0658201
2.3803,0.0660936
2.3826,0.0664825
2.3849,0.0668909
2.3872,0.0673343
2.3894,0.067568
2.3917,0.0677373
2.3939,0.0679967
2.3962,0.0683725
2.3984,0.0684585
2.4007,0.0682225
2.4029,0.0683118
2.4052,0.0685222
2.4074,0.0686897
2.4097,0.0688812
2.4119,0.0692288
2.4142,0.0696933
2.4164,0.0702095
2.4186,0.0705273
2.4208,0.07081
2.4231,0.0709537
2.4253,0.0712532
2.4275,0.0713615
2.4297,0.0713734
2.432,0.0714807
2.4342,0.0714905
2.4364,0.0714877
2.4386,0.0715549
2.4408,0.0712347
2.443,0.0711051
2.4452,0.0710785
2.4474,0.0712793
2.4496,0.0712879
2.4518,0.0712613
2.454,0.0714561
2.4562,0.0716004
2.4584,0.0718324
2.4606,0.0721838
2.4627,0.07246
2.4649,0.0726649
2.4671,0.0730053
2.4693,0.0731719
2.4714,0.0732491
2.4736,0.0733541
2.4758,0.0737367
2.4779,0.074128
2.4801,0.0744956
2.4823,0.0751574
2.4844,0.0762336
2.4866,0.077081
2.4887,0.0779297
2.4909,0.078039
2.493,0.0779231
2.4952,0.0779621
2.4973,0.0785366
2.4994,0.0792409
2.5016,0.0800748
2.5037,0.0810385
2.5058,0.0821318
