# Long-wave emissivity of roof tile ceramic weathered, 8.002-14 um.
#
# source: MEASURED. SLUM, the Spectral Library of impervious Urban Materials: S. Kotthaus, T. E. L. Smith, M. J. Wooster, C. S. B. Grimmond (2014), Derivation of an urban materials spectral library through emittance and reflectance spectroscopy, ISPRS J. Photogramm. Remote Sens. 94, 194-212, doi:10.1016/j.isprsjprs.2014.05.005; data doi:10.5281/zenodo.4263842 (MPL-2.0). Sample R010.
#   Copied by scripts/import_slum.py; wavelengths converted to micrometres and reflectance from percent to a fraction, otherwise unmodified.
#   Licence: Mozilla Public License 2.0, as SLUM is released; this file is a subset of it and stays under MPL-2.0 (https://mozilla.org/MPL/2.0/).
# Columns: wavelength in MICROMETRES, value.
8.00224,0.959059
8.00842,0.959034
8.01461,0.958883
8.02081,0.958175
8.02702,0.957306
8.03324,0.956938
8.03946,0.956681
8.0457,0.956662
8.05195,0.956924
8.0582,0.957372
8.06447,0.958445
8.07075,0.959475
8.07703,0.959896
8.08333,0.960065
8.08963,0.959759
8.09595,0.958896
8.10227,0.957833
8.10861,0.957126
8.11495,0.956879
8.12131,0.95691
8.12767,0.957472
8.13405,0.957912
8.14043,0.957696
8.14682,0.95696
8.15323,0.95572
8.15964,0.954337
8.16607,0.953384
8.1725,0.952966
8.17895,0.95261
8.18541,0.952743
8.19187,0.953083
8.19835,0.952897
8.20483,0.952365
8.21133,0.951433
8.21784,0.950644
8.22435,0.949873
8.23088,0.949148
8.23742,0.948894
8.24397,0.948289
8.25052,0.947526
8.25709,0.946739
8.26367,0.94578
8.27026,0.945116
8.27686,0.94467
8.28347,0.944399
8.29009,0.944325
8.29673,0.944581
8.30337,0.944891
8.31002,0.94479
8.31669,0.944748
8.32336,0.944905
8.33005,0.944903
8.33674,0.944901
8.34345,0.944851
8.35017,0.944551
8.3569,0.944174
8.36364,0.943844
8.37039,0.943626
8.37715,0.943605
8.38392,0.943675
8.3907,0.943699
8.3975,0.943803
8.4043,0.943912
8.41112,0.943594
8.41794,0.943154
8.42478,0.942972
8.43163,0.942872
8.43849,0.94285
8.44536,0.942706
8.45225,0.942576
8.45914,0.942547
8.46605,0.942421
8.47296,0.942376
8.47989,0.942292
8.48683,0.942243
8.49378,0.942271
8.50074,0.942049
8.50772,0.941855
8.5147,0.941812
8.5217,0.941671
8.52871,0.941583
8.53573,0.941796
8.54276,0.942017
8.5498,0.941669
8.55685,0.941107
8.56392,0.940831
8.571,0.94064
8.57809,0.940729
8.58519,0.940919
8.5923,0.941047
8.59943,0.941658
8.60656,0.942802
8.61371,0.943907
8.62087,0.944409
8.62804,0.944928
8.63523,0.945005
8.64242,0.9444
8.64963,0.943638
8.65685,0.94181
8.66408,0.939875
8.67133,0.938723
8.67858,0.938042
8.68585,0.937928
8.69313,0.937692
8.70043,0.937172
8.70773,0.936985
8.71505,0.936866
8.72238,0.936344
8.72972,0.936126
8.73708,0.937014
8.74444,0.938249
8.75182,0.938985
8.75921,0.94004
8.76662,0.940681
8.77403,0.940285
8.78146,0.939429
8.78891,0.937112
8.79636,0.934876
8.80383,0.934206
8.81131,0.933822
8.8188,0.932893
8.8263,0.931542
8.83382,0.930746
8.84135,0.929908
8.8489,0.929244
8.85645,0.928603
8.86402,0.927656
8.87161,0.927665
8.8792,0.927897
8.88681,0.927779
8.89443,0.926803
8.90207,0.924589
8.90971,0.922148
8.91738,0.920106
8.92505,0.918704
8.93274,0.917517
8.94044,0.916581
8.94815,0.916718
8.95588,0.917565
8.96362,0.918949
8.97137,0.920649
8.97914,0.922273
8.98692,0.923933
8.99472,0.925067
9.00252,0.925296
9.01035,0.925043
9.01818,0.925013
9.02603,0.925329
9.03389,0.925344
9.04177,0.925067
9.04966,0.924746
9.05756,0.924037
9.06548,0.92283
9.07341,0.921258
9.08136,0.919717
9.08932,0.918832
9.09729,0.918816
9.10527,0.919057
9.11328,0.919155
9.12129,0.919029
9.12932,0.918256
9.13736,0.917103
9.14542,0.916047
9.15349,0.915136
9.16158,0.914423
9.16968,0.914015
9.17779,0.913926
9.18592,0.913759
9.19407,0.913485
9.20223,0.913131
9.2104,0.912804
9.21858,0.91288
9.22679,0.913216
9.235,0.913632
9.24323,0.913879
9.25148,0.914059
9.25974,0.914254
9.26801,0.913816
9.2763,0.913088
9.28461,0.912952
9.29293,0.913463
9.30126,0.914218
9.30961,0.914721
9.31798,0.914936
9.32636,0.915066
9.33475,0.915374
9.34316,0.915781
9.35159,0.915807
9.36003,0.915366
9.36848,0.915105
9.37695,0.915084
9.38544,0.915
9.39394,0.914939
9.40246,0.915023
9.41099,0.915374
9.41954,0.916059
9.4281,0.916959
9.43668,0.91715
9.44527,0.916535
9.45388,0.915884
9.46251,0.915001
9.47115,0.914016
9.47981,0.913571
9.48848,0.913166
9.49717,0.912671
9.50587,0.912814
9.51459,0.913168
9.52333,0.912861
9.53208,0.9127
9.54085,0.913151
9.54964,0.913015
9.55844,0.912806
9.56726,0.91305
9.57609,0.912427
9.58494,0.911533
9.59381,0.9113
9.60269,0.911106
9.61159,0.910717
9.62051,0.910309
9.62944,0.910297
9.63839,0.910367
9.64736,0.910643
9.65634,0.911067
9.66534,0.91081
9.67435,0.910745
9.68339,0.911115
9.69244,0.911414
9.7015,0.911581
9.71059,0.911089
9.71969,0.9106
9.72881,0.91077
9.73794,0.911292
9.74709,0.912006
9.75626,0.912878
9.76545,0.914134
9.77465,0.9153
9.78388,0.916058
9.79311,0.916713
9.80237,0.917329
9.81164,0.918001
9.82094,0.918569
9.83024,0.918753
9.83957,0.918457
9.84892,0.917902
9.85828,0.917338
9.86766,0.916695
9.87706,0.916428
9.88647,0.916959
9.8959,0.918399
9.90536,0.92022
9.91483,0.921399
9.92431,0.922044
9.93382,0.922464
9.94334,0.922747
9.95289,0.922932
9.96245,0.923073
9.97203,0.923481
9.98162,0.923932
9.99124,0.924359
10.0009,0.924785
10.0105,0.924815
10.0202,0.924775
10.0299,0.924947
10.0396,0.92546
10.0493,0.926323
10.0591,0.927261
10.0688,0.928552
10.0786,0.929846
10.0884,0.930686
10.0983,0.931243
10.1081,0.931708
10.118,0.932049
10.1278,0.931991
10.1377,0.932008
10.1477,0.932395
10.1576,0.93293
10.1676,0.933758
10.1775,0.934434
10.1875,0.934836
10.1975,0.935169
10.2076,0.935388
10.2176,0.935574
10.2277,0.935521
10.2378,0.935665
10.2479,0.936508
10.2581,0.937823
10.2682,0.939031
10.2784,0.939823
10.2886,0.940777
10.2988,0.941459
10.3091,0.941485
10.3193,0.941559
10.3296,0.941632
10.3399,0.941894
10.3502,0.942727
10.3605,0.943934
10.3709,0.944864
10.3813,0.945656
10.3917,0.94682
10.4021,0.947518
10.4126,0.947678
10.423,0.947833
10.4335,0.947703
10.444,0.947364
10.4545,0.947082
10.4651,0.946941
10.4757,0.946643
10.4863,0.946306
10.4969,0.946374
10.5075,0.946678
10.5182,0.947162
10.5288,0.94765
10.5395,0.948109
10.5503,0.948941
10.561,0.949972
10.5718,0.950687
10.5826,0.951305
10.5934,0.951711
10.6042,0.95173
10.6151,0.951604
10.6259,0.951362
10.6368,0.9514
10.6477,0.951948
10.6587,0.9528
10.6697,0.953326
10.6806,0.953213
10.6917,0.952978
10.7027,0.952246
10.7137,0.951269
10.7248,0.9508
10.7359,0.950679
10.7471,0.951041
10.7582,0.951956
10.7694,0.953228
10.7806,0.954154
10.7918,0.954812
10.803,0.95526
10.8143,0.955094
10.8256,0.954745
10.8369,0.954207
10.8482,0.953338
10.8596,0.953175
10.871,0.95393
10.8824,0.954458
10.8938,0.954515
10.9053,0.954788
10.9167,0.955334
10.9282,0.955215
10.9398,0.954089
10.9513,0.952633
10.9629,0.9513
10.9745,0.950303
10.9861,0.94946
10.9978,0.948721
11.0095,0.948871
11.0212,0.949646
11.0329,0.950625
11.0446,0.951604
11.0564,0.952105
11.0682,0.952312
11.08,0.952622
11.0919,0.952741
11.1038,0.952917
11.1157,0.953565
11.1276,0.953975
11.1395,0.953673
11.1515,0.953572
11.1635,0.954475
11.1755,0.955356
11.1876,0.956085
11.1997,0.95704
11.2118,0.957784
11.2239,0.958385
11.2361,0.958931
11.2483,0.958947
11.2605,0.958576
11.2727,0.958465
11.285,0.958335
11.2973,0.95761
11.3096,0.956891
11.322,0.95599
11.3343,0.955159
11.3467,0.955385
11.3592,0.956102
11.3716,0.957093
11.3841,0.957505
11.3966,0.956893
11.4091,0.956108
11.4217,0.955786
11.4343,0.95605
11.4469,0.956505
11.4596,0.957537
11.4722,0.958598
11.4849,0.959431
11.4977,0.96145
11.5104,0.962586
11.5232,0.961935
11.536,0.961102
11.5489,0.959991
11.5618,0.958925
11.5747,0.958355
11.5876,0.957713
11.6006,0.956558
11.6136,0.956393
11.6266,0.958128
11.6396,0.960008
11.6527,0.961264
11.6658,0.962427
11.679,0.963263
11.6921,0.963908
11.7053,0.964569
11.7185,0.965454
11.7318,0.96674
11.7451,0.967533
11.7584,0.967456
11.7717,0.966834
11.7851,0.965798
11.7985,0.965373
11.812,0.964754
11.8254,0.963828
11.8389,0.964076
11.8525,0.964872
11.866,0.966343
11.8796,0.96711
11.8932,0.966089
11.9069,0.964291
11.9206,0.962605
11.9343,0.961908
11.9481,0.960812
11.9618,0.959584
11.9756,0.959126
11.9895,0.959577
12.0034,0.962466
12.0173,0.965681
12.0312,0.967233
12.0452,0.967807
12.0592,0.967882
12.0732,0.967762
12.0873,0.966759
12.1014,0.965219
12.1155,0.96347
12.1297,0.962166
12.1439,0.962894
12.1582,0.964831
12.1724,0.966187
12.1867,0.966588
12.2011,0.967122
12.2154,0.968986
12.2298,0.970813
12.2443,0.970446
12.2588,0.968651
12.2733,0.967411
12.2878,0.966327
12.3024,0.964191
12.317,0.961641
12.3316,0.960077
12.3463,0.960299
12.361,0.962173
12.3758,0.964005
12.3906,0.963942
12.4054,0.963789
12.4202,0.964071
12.4351,0.962246
12.4501,0.959686
12.465,0.958317
12.48,0.958476
12.4951,0.958666
12.5101,0.958417
12.5253,0.959054
12.5404,0.959453
12.5556,0.959687
12.5708,0.959576
12.5861,0.959251
12.6013,0.960511
12.6167,0.962524
12.632,0.96369
12.6474,0.963056
12.6629,0.961828
12.6784,0.961235
12.6939,0.960605
12.7094,0.959726
12.725,0.95864
12.7407,0.958401
12.7563,0.959279
12.7721,0.959569
12.7878,0.958081
12.8036,0.956031
12.8194,0.954218
12.8353,0.952695
12.8512,0.952368
12.8671,0.953783
12.8831,0.956495
12.8991,0.958897
12.9152,0.960664
12.9313,0.96181
12.9475,0.962704
12.9636,0.963161
12.9799,0.962089
12.9961,0.960672
13.0124,0.959191
13.0288,0.957545
13.0452,0.956403
13.0616,0.955832
13.0781,0.956384
13.0946,0.957812
13.1111,0.959419
13.1277,0.960266
13.1444,0.961377
13.1611,0.962781
13.1778,0.962087
13.1945,0.9606
13.2113,0.959557
13.2282,0.958313
13.2451,0.95772
13.262,0.957945
13.279,0.957336
13.296,0.95615
13.3131,0.956133
13.3302,0.956326
13.3474,0.955703
13.3646,0.955112
13.3818,0.954366
13.3991,0.953714
13.4164,0.95427
13.4338,0.955668
13.4512,0.956546
13.4687,0.956725
13.4862,0.957218
13.5038,0.957567
13.5214,0.957525
13.539,0.956548
13.5567,0.954333
13.5745,0.9523
13.5923,0.951331
13.6101,0.951774
13.628,0.952339
13.6459,0.95254
13.6639,0.953179
13.6819,0.953448
13.7,0.953504
13.7181,0.953192
13.7363,0.951821
13.7545,0.950835
13.7728,0.951805
13.7911,0.954119
13.8095,0.955975
13.8279,0.95717
13.8463,0.958018
13.8649,0.957983
13.8834,0.957724
13.902,0.957811
13.9207,0.957351
13.9394,0.956591
13.9582,0.95658
13.977,0.956675
13.9958,0.955899
