# Long-wave emissivity of roof tile cement red, 8.002-14 um.
#
# source: MEASURED. SLUM, the Spectral Library of impervious Urban Materials: S. Kotthaus, T. E. L. Smith, M. J. Wooster, C. S. B. Grimmond (2014), Derivation of an urban materials spectral library through emittance and reflectance spectroscopy, ISPRS J. Photogramm. Remote Sens. 94, 194-212, doi:10.1016/j.isprsjprs.2014.05.005; data doi:10.5281/zenodo.4263842 (MPL-2.0). Sample R008.
#   Copied by scripts/import_slum.py; wavelengths converted to micrometres and reflectance from percent to a fraction, otherwise unmodified.
#   Licence: Mozilla Public License 2.0, as SLUM is released; this file is a subset of it and stays under MPL-2.0 (https://mozilla.org/MPL/2.0/).
# Columns: wavelength in MICROMETRES, value.
8.00224,0.908343
8.00842,0.907676
8.01461,0.907051
8.02081,0.906831
8.02702,0.906825
8.03324,0.906392
8.03946,0.905721
8.0457,0.904715
8.05195,0.903978
8.0582,0.904086
8.06447,0.90387
8.07075,0.903565
8.07703,0.903664
8.08333,0.903617
8.08963,0.902824
8.09595,0.901338
8.10227,0.899963
8.10861,0.898425
8.11495,0.896742
8.12131,0.895208
8.12767,0.89371
8.13405,0.892756
8.14043,0.892358
8.14682,0.891805
8.15323,0.890915
8.15964,0.890228
8.16607,0.890075
8.1725,0.889482
8.17895,0.888154
8.18541,0.886823
8.19187,0.885877
8.19835,0.885466
8.20483,0.88547
8.21133,0.885633
8.21784,0.885832
8.22435,0.886236
8.23088,0.88672
8.23742,0.886826
8.24397,0.88666
8.25052,0.886726
8.25709,0.887128
8.26367,0.887599
8.27026,0.887987
8.27686,0.888253
8.28347,0.888494
8.29009,0.888853
8.29673,0.888985
8.30337,0.888729
8.31002,0.88871
8.31669,0.889191
8.32336,0.889763
8.33005,0.8902
8.33674,0.890558
8.34345,0.891309
8.35017,0.892462
8.3569,0.893506
8.36364,0.894216
8.37039,0.894707
8.37715,0.895529
8.38392,0.896405
8.3907,0.896931
8.3975,0.897564
8.4043,0.898172
8.41112,0.89881
8.41794,0.899467
8.42478,0.899817
8.43163,0.900136
8.43849,0.900727
8.44536,0.901772
8.45225,0.902493
8.45914,0.902624
8.46605,0.903116
8.47296,0.903663
8.47989,0.904309
8.48683,0.905393
8.49378,0.906296
8.50074,0.907114
8.50772,0.908094
8.5147,0.909266
8.5217,0.909963
8.52871,0.91017
8.53573,0.910447
8.54276,0.911034
8.5498,0.911985
8.55685,0.91325
8.56392,0.914469
8.571,0.915141
8.57809,0.916305
8.58519,0.917934
8.5923,0.919538
8.59943,0.921032
8.60656,0.922408
8.61371,0.923933
8.62087,0.924791
8.62804,0.925817
8.63523,0.926765
8.64242,0.926451
8.64963,0.925801
8.65685,0.924956
8.66408,0.924776
8.67133,0.924656
8.67858,0.923732
8.68585,0.922617
8.69313,0.921431
8.70043,0.920936
8.70773,0.920107
8.71505,0.918817
8.72238,0.918112
8.72972,0.918441
8.73708,0.920608
8.74444,0.922776
8.75182,0.924393
8.75921,0.925942
8.76662,0.926559
8.77403,0.926503
8.78146,0.92525
8.78891,0.923175
8.79636,0.921057
8.80383,0.919147
8.81131,0.918103
8.8188,0.917031
8.8263,0.915886
8.83382,0.914915
8.84135,0.914387
8.8489,0.915014
8.85645,0.915981
8.86402,0.916923
8.87161,0.918139
8.8792,0.919412
8.88681,0.920445
8.89443,0.920958
8.90207,0.920692
8.90971,0.92013
8.91738,0.91974
8.92505,0.919642
8.93274,0.919847
8.94044,0.920003
8.94815,0.920218
8.95588,0.920287
8.96362,0.920364
8.97137,0.920899
8.97914,0.921594
8.98692,0.922381
8.99472,0.923359
9.00252,0.924723
9.01035,0.926037
9.01818,0.926547
9.02603,0.927028
9.03389,0.927488
9.04177,0.927278
9.04966,0.926893
9.05756,0.92674
9.06548,0.926777
9.07341,0.92689
9.08136,0.927421
9.08932,0.928093
9.09729,0.928504
9.10527,0.929245
9.11328,0.930163
9.12129,0.93063
9.12932,0.930884
9.13736,0.931098
9.14542,0.931207
9.15349,0.9314
9.16158,0.931724
9.16968,0.931676
9.17779,0.931323
9.18592,0.931029
9.19407,0.930627
9.20223,0.930113
9.2104,0.929583
9.21858,0.929408
9.22679,0.929659
9.235,0.930338
9.24323,0.931347
9.25148,0.931922
9.25974,0.932368
9.26801,0.932912
9.2763,0.933186
9.28461,0.933446
9.29293,0.933345
9.30126,0.932946
9.30961,0.932808
9.31798,0.933208
9.32636,0.934419
9.33475,0.935797
9.34316,0.937041
9.35159,0.938399
9.36003,0.939809
9.36848,0.941058
9.37695,0.941221
9.38544,0.940682
9.39394,0.941023
9.40246,0.941859
9.41099,0.942872
9.41954,0.94436
9.4281,0.945716
9.43668,0.946873
9.44527,0.947818
9.45388,0.948282
9.46251,0.948269
9.47115,0.948048
9.47981,0.948103
9.48848,0.94814
9.49717,0.948332
9.50587,0.949255
9.51459,0.950036
9.52333,0.950757
9.53208,0.951688
9.54085,0.952394
9.54964,0.952982
9.55844,0.9529
9.56726,0.952518
9.57609,0.952263
9.58494,0.952171
9.59381,0.952429
9.60269,0.952654
9.61159,0.952908
9.62051,0.953507
9.62944,0.954544
9.63839,0.955139
9.64736,0.955157
9.65634,0.955147
9.66534,0.954533
9.67435,0.953759
9.68339,0.953774
9.69244,0.954123
9.7015,0.954056
9.71059,0.954365
9.71969,0.955211
9.72881,0.955354
9.73794,0.955236
9.74709,0.95499
9.75626,0.954332
9.76545,0.954185
9.77465,0.954402
9.78388,0.954265
9.79311,0.953976
9.80237,0.953374
9.81164,0.952161
9.82094,0.950977
9.83024,0.950411
9.83957,0.950326
9.84892,0.950763
9.85828,0.951621
9.86766,0.952132
9.87706,0.952505
9.88647,0.952912
9.8959,0.952762
9.90536,0.952573
9.91483,0.952962
9.92431,0.953408
9.93382,0.953619
9.94334,0.953928
9.95289,0.954178
9.96245,0.953995
9.97203,0.953534
9.98162,0.953081
9.99124,0.9528
10.0009,0.95283
10.0105,0.952971
10.0202,0.952878
10.0299,0.952944
10.0396,0.953336
10.0493,0.953507
10.0591,0.95332
10.0688,0.953036
10.0786,0.952887
10.0884,0.952719
10.0983,0.952804
10.1081,0.953119
10.118,0.9532
10.1278,0.953351
10.1377,0.953515
10.1477,0.953658
10.1576,0.953761
10.1676,0.953642
10.1775,0.953463
10.1875,0.953291
10.1975,0.953448
10.2076,0.953448
10.2176,0.952817
10.2277,0.95229
10.2378,0.952182
10.2479,0.952435
10.2581,0.952752
10.2682,0.952789
10.2784,0.952505
10.2886,0.952272
10.2988,0.952687
10.3091,0.953273
10.3193,0.953555
10.3296,0.954078
10.3399,0.954565
10.3502,0.954626
10.3605,0.954775
10.3709,0.954729
10.3813,0.954016
10.3917,0.953258
10.4021,0.952891
10.4126,0.952233
10.423,0.95149
10.4335,0.951278
10.444,0.951171
10.4545,0.951522
10.4651,0.952938
10.4757,0.954803
10.4863,0.955978
10.4969,0.956707
10.5075,0.957132
10.5182,0.956746
10.5288,0.956321
10.5395,0.955903
10.5503,0.955637
10.561,0.956197
10.5718,0.95689
10.5826,0.957281
10.5934,0.957176
10.6042,0.956843
10.6151,0.956751
10.6259,0.956567
10.6368,0.956501
10.6477,0.956679
10.6587,0.956981
10.6697,0.957607
10.6806,0.958161
10.6917,0.958208
10.7027,0.958077
10.7137,0.957923
10.7248,0.957647
10.7359,0.957307
10.7471,0.957225
10.7582,0.957432
10.7694,0.957584
10.7806,0.958339
10.7918,0.959362
10.803,0.959776
10.8143,0.960046
10.8256,0.95968
10.8369,0.958531
10.8482,0.957767
10.8596,0.957349
10.871,0.956834
10.8824,0.956921
10.8938,0.957793
10.9053,0.958544
10.9167,0.958794
10.9282,0.958641
10.9398,0.958501
10.9513,0.958462
10.9629,0.958831
10.9745,0.959509
10.9861,0.959994
10.9978,0.960805
11.0095,0.961736
11.0212,0.962834
11.0329,0.963728
11.0446,0.964264
11.0564,0.965316
11.0682,0.96571
11.08,0.964678
11.0919,0.96309
11.1038,0.962045
11.1157,0.962298
11.1276,0.96289
11.1395,0.963172
11.1515,0.963628
11.1635,0.964313
11.1755,0.964795
11.1876,0.964011
11.1997,0.961717
11.2118,0.960178
11.2239,0.960756
11.2361,0.962419
11.2483,0.96363
11.2605,0.964141
11.2727,0.965557
11.285,0.96749
11.2973,0.968526
11.3096,0.968722
11.322,0.968664
11.3343,0.968937
11.3467,0.96884
11.3592,0.967506
11.3716,0.965429
11.3841,0.962926
11.3966,0.960198
11.4091,0.957434
11.4217,0.954107
11.4343,0.950144
11.4469,0.946535
11.4596,0.943664
11.4722,0.941031
11.4849,0.938815
11.4977,0.937363
11.5104,0.936837
11.5232,0.937541
11.536,0.939485
11.5489,0.941835
11.5618,0.94457
11.5747,0.947963
11.5876,0.950475
11.6006,0.951315
11.6136,0.951253
11.6266,0.950941
11.6396,0.951178
11.6527,0.952168
11.6658,0.953192
11.679,0.954241
11.6921,0.956044
11.7053,0.957426
11.7185,0.957318
11.7318,0.956174
11.7451,0.955035
11.7584,0.954907
11.7717,0.955749
11.7851,0.95788
11.7985,0.959731
11.812,0.96105
11.8254,0.962972
11.8389,0.96416
11.8525,0.964393
11.866,0.963455
11.8796,0.962237
11.8932,0.961596
11.9069,0.960855
11.9206,0.96102
11.9343,0.961246
11.9481,0.961263
11.9618,0.961707
11.9756,0.961735
11.9895,0.962164
12.0034,0.963092
12.0173,0.964324
12.0312,0.966249
12.0452,0.967953
12.0592,0.969372
12.0732,0.969708
12.0873,0.968106
12.1014,0.966427
12.1155,0.965257
12.1297,0.964054
12.1439,0.962688
12.1582,0.961523
12.1724,0.961022
12.1867,0.960995
12.2011,0.961401
12.2154,0.961334
12.2298,0.961104
12.2443,0.962
12.2588,0.963129
12.2733,0.963635
12.2878,0.964046
12.3024,0.964826
12.317,0.96572
12.3316,0.966473
12.3463,0.966456
12.361,0.965174
12.3758,0.96322
12.3906,0.961213
12.4054,0.958485
12.4202,0.955438
12.4351,0.953911
12.4501,0.953577
12.465,0.953733
12.48,0.95342
12.4951,0.952373
12.5101,0.952063
12.5253,0.952742
12.5404,0.953879
12.5556,0.95408
12.5708,0.953285
12.5861,0.953293
12.6013,0.953483
12.6167,0.953175
12.632,0.953227
12.6474,0.954514
12.6629,0.956002
12.6784,0.955918
12.6939,0.954916
12.7094,0.953721
12.725,0.952357
12.7407,0.950888
12.7563,0.949212
12.7721,0.948098
12.7878,0.948819
12.8036,0.950592
12.8194,0.95082
12.8353,0.95003
12.8512,0.95036
12.8671,0.951818
12.8831,0.953507
12.8991,0.954181
12.9152,0.953781
12.9313,0.952746
12.9475,0.951613
12.9636,0.951062
12.9799,0.950445
12.9961,0.949526
13.0124,0.949206
13.0288,0.949714
13.0452,0.950595
13.0616,0.951608
13.0781,0.952183
13.0946,0.951908
13.1111,0.951929
13.1277,0.952976
13.1444,0.953107
13.1611,0.952001
13.1778,0.952023
13.1945,0.952753
13.2113,0.953135
13.2282,0.952944
13.2451,0.95212
13.262,0.9518
13.279,0.952262
13.296,0.952636
13.3131,0.952127
13.3302,0.95197
13.3474,0.952601
13.3646,0.952881
13.3818,0.952534
13.3991,0.951427
13.4164,0.949917
13.4338,0.948723
13.4512,0.94812
13.4687,0.947076
13.4862,0.945931
13.5038,0.945685
13.5214,0.945876
13.539,0.947148
13.5567,0.948766
13.5745,0.949607
13.5923,0.950303
13.6101,0.951189
13.628,0.95261
13.6459,0.953788
13.6639,0.954328
13.6819,0.954605
13.7,0.954978
13.7181,0.955811
13.7363,0.955677
13.7545,0.954495
13.7728,0.95362
13.7911,0.952782
13.8095,0.952028
13.8279,0.951703
13.8463,0.951576
13.8649,0.951763
13.8834,0.952011
13.902,0.95204
13.9207,0.951137
13.9394,0.950176
13.9582,0.94974
13.977,0.947758
13.9958,0.945453
