# Short-wave reflectance (fraction) of roof tile ceramic black, 0.3481-2.506 um.
#
# source: MEASURED. SLUM, the Spectral Library of impervious Urban Materials: S. Kotthaus, T. E. L. Smith, M. J. Wooster, C. S. B. Grimmond (2014), Derivation of an urban materials spectral library through emittance and reflectance spectroscopy, ISPRS J. Photogramm. Remote Sens. 94, 194-212, doi:10.1016/j.isprsjprs.2014.05.005; data doi:10.5281/zenodo.4263842 (MPL-2.0). Sample R007.
#   Copied by scripts/import_slum.py; wavelengths converted to micrometres and reflectance from percent to a fraction, otherwise unmodified.
#   Licence: Mozilla Public License 2.0, as SLUM is released; this file is a subset of it and stays under MPL-2.0 (https://mozilla.org/MPL/2.0/).
# Columns: wavelength in MICROMETRES, value.
0.3481,0.073535
0.3497,0.0741437
0.3513,0.0746458
0.3529,0.075041
0.3545,0.0753296
0.3561,0.0755114
0.3576,0.075458
0.3592,0.0754097
0.3608,0.0753383
0.3624,0.0752597
0.3639,0.0753426
0.3655,0.0752497
0.3671,0.075387
0.3687,0.075351
0.3702,0.0753122
0.3718,0.0754086
0.3734,0.075316
0.3749,0.0754296
0.3765,0.0755269
0.378,0.0755722
0.3796,0.0756863
0.3811,0.075716
0.3827,0.0758755
0.3842,0.0758611
0.3858,0.0759339
0.3873,0.0759991
0.3889,0.0760072
0.3904,0.0761351
0.392,0.0761381
0.3935,0.076185
0.395,0.0762119
0.3966,0.0762169
0.3981,0.0761366
0.3996,0.0760483
0.4012,0.0760081
0.4027,0.0759644
0.4042,0.0759869
0.4058,0.0759874
0.4073,0.0760037
0.4088,0.0760454
0.4104,0.0760327
0.4119,0.076035
0.4134,0.0759927
0.4149,0.076027
0.4165,0.0759888
0.418,0.075938
0.4195,0.0759003
0.421,0.0758373
0.4225,0.0758241
0.4241,0.0757723
0.4256,0.0757329
0.4271,0.0756926
0.4286,0.0756426
0.4301,0.0756296
0.4316,0.0755642
0.4331,0.0755339
0.4347,0.0754705
0.4362,0.0753927
0.4377,0.0753003
0.4392,0.075213
0.4407,0.0751569
0.4422,0.0750837
0.4437,0.0750274
0.4452,0.0749683
0.4467,0.0749085
0.4482,0.0748319
0.4497,0.0747296
0.4512,0.074654
0.4527,0.0745954
0.4542,0.0745382
0.4557,0.0744409
0.4572,0.0743636
0.4587,0.074309
0.4602,0.0742562
0.4617,0.0742143
0.4632,0.074149
0.4647,0.0740981
0.4662,0.0740623
0.4677,0.0740378
0.4692,0.0739924
0.4707,0.0739281
0.4722,0.073916
0.4737,0.0738958
0.4752,0.0738788
0.4766,0.0738557
0.4781,0.0738243
0.4796,0.0738143
0.4811,0.0737971
0.4826,0.0737758
0.4841,0.0737549
0.4856,0.0737318
0.4871,0.0737159
0.4885,0.073698
0.49,0.0736831
0.4915,0.0736625
0.493,0.0736493
0.4945,0.07364
0.4959,0.0736201
0.4974,0.073601
0.4989,0.0735719
0.5004,0.0735564
0.5019,0.0735421
0.5034,0.0735376
0.5048,0.0735286
0.5063,0.0735285
0.5078,0.0735507
0.5092,0.0735516
0.5107,0.073556
0.5122,0.0735471
0.5137,0.0735366
0.5151,0.0735522
0.5166,0.0735594
0.5181,0.0735688
0.5196,0.0735768
0.521,0.0735748
0.5225,0.0735786
0.524,0.0735647
0.5254,0.0735718
0.5269,0.0735742
0.5284,0.0735956
0.5298,0.0736233
0.5313,0.0736478
0.5328,0.0736758
0.5342,0.0736976
0.5357,0.0737243
0.5371,0.0737538
0.5386,0.0737884
0.5401,0.0738322
0.5415,0.0738814
0.543,0.0739253
0.5445,0.0739657
0.5459,0.0740057
0.5474,0.0740414
0.5488,0.0740652
0.5503,0.074106
0.5517,0.0741454
0.5532,0.074197
0.5546,0.0742494
0.5561,0.0743201
0.5575,0.0743782
0.559,0.0744435
0.5604,0.0745005
0.5619,0.0745522
0.5633,0.0746053
0.5648,0.0746726
0.5662,0.0747461
0.5677,0.0748135
0.5691,0.0748862
0.5706,0.0749729
0.572,0.0750424
0.5735,0.0751106
0.5749,0.0751627
0.5763,0.0752221
0.5778,0.0752913
0.5792,0.0753685
0.5806,0.07545
0.5821,0.0755194
0.5835,0.0755987
0.585,0.0756673
0.5864,0.0757297
0.5878,0.0757842
0.5893,0.075837
0.5907,0.0759069
0.5921,0.0759768
0.5935,0.0760566
0.595,0.0761235
0.5964,0.0761809
0.5978,0.0762371
0.5993,0.0762804
0.6007,0.0763369
0.6021,0.0763762
0.6035,0.0764217
0.605,0.0764736
0.6064,0.076516
0.6078,0.076573
0.6092,0.0766168
0.6106,0.0766705
0.6121,0.0767336
0.6135,0.0768011
0.6149,0.0768736
0.6163,0.0769381
0.6177,0.0770067
0.6191,0.0770621
0.6205,0.0771202
0.622,0.0771849
0.6234,0.0772513
0.6248,0.077321
0.6262,0.0773926
0.6276,0.0774642
0.629,0.0775314
0.6304,0.0775973
0.6318,0.0776551
0.6332,0.0777085
0.6346,0.0777609
0.636,0.0778152
0.6374,0.077878
0.6388,0.0779296
0.6402,0.0779866
0.6416,0.0780499
0.643,0.0781186
0.6444,0.0781915
0.6458,0.0782607
0.6472,0.0783363
0.6485,0.0783975
0.6499,0.0784638
0.6513,0.0785298
0.6527,0.0785979
0.6541,0.0786866
0.6555,0.078775
0.6569,0.0788755
0.6582,0.078967
0.6596,0.0790609
0.661,0.079158
0.6624,0.0792524
0.6638,0.0793517
0.6651,0.0794451
0.6665,0.0795491
0.6679,0.0796482
0.6693,0.0797398
0.6706,0.0798386
0.672,0.0799148
0.6734,0.0800028
0.6747,0.0800967
0.6761,0.080195
0.6775,0.0802903
0.6788,0.0803844
0.6802,0.0804892
0.6815,0.0805789
0.6829,0.0806779
0.6843,0.0807768
0.6856,0.0808637
0.687,0.0809676
0.6883,0.0810752
0.6897,0.081182
0.691,0.0812851
0.6924,0.0813969
0.6937,0.0815129
0.6951,0.0816292
0.6964,0.0817488
0.6978,0.0818609
0.6991,0.0819785
0.7005,0.0820997
0.7018,0.0822258
0.7032,0.0823519
0.7045,0.0824776
0.7058,0.0826101
0.7072,0.0827372
0.7085,0.0828703
0.7098,0.0829875
0.7112,0.0831053
0.7125,0.0832432
0.7138,0.0833725
0.7152,0.083498
0.7165,0.0836235
0.7178,0.0837598
0.7191,0.0838864
0.7205,0.0840502
0.7218,0.084227
0.7231,0.0844041
0.7244,0.0845996
0.7258,0.0848086
0.7271,0.0850101
0.7284,0.0852119
0.7297,0.0854082
0.731,0.08561
0.7323,0.0857863
0.7336,0.0859931
0.735,0.0861913
0.7363,0.0863845
0.7376,0.0865842
0.7389,0.0867742
0.7402,0.0869825
0.7415,0.0872043
0.7428,0.0874194
0.7441,0.0876525
0.7454,0.0878829
0.7467,0.088128
0.748,0.0883769
0.7493,0.0886241
0.7506,0.0888682
0.7519,0.0891046
0.7531,0.089353
0.7544,0.0896006
0.7557,0.0898452
0.757,0.0901128
0.7583,0.0903928
0.7596,0.0906802
0.7609,0.0909731
0.7621,0.0912672
0.7634,0.0915507
0.7647,0.0918533
0.766,0.0921404
0.7673,0.0924415
0.7685,0.0927504
0.7698,0.0930707
0.7711,0.0933924
0.7724,0.0937228
0.7736,0.0940646
0.7749,0.0943971
0.7762,0.094738
0.7774,0.0950871
0.7787,0.0954314
0.78,0.095808
0.7812,0.0961791
0.7825,0.0965466
0.7837,0.0969223
0.785,0.0973196
0.7863,0.0977275
0.7875,0.0981288
0.7888,0.0985662
0.79,0.0989826
0.7913,0.0994244
0.7925,0.0998773
0.7938,0.100333
0.795,0.100783
0.7963,0.101224
0.7975,0.101681
0.7988,0.102142
0.8,0.102618
0.8012,0.103107
0.8025,0.103581
0.8037,0.104079
0.805,0.104555
0.8062,0.105058
0.8074,0.10552
0.8087,0.10597
0.8099,0.10642
0.8111,0.106869
0.8124,0.107338
0.8136,0.107783
0.8148,0.108242
0.816,0.108682
0.8172,0.109114
0.8185,0.109568
0.8197,0.109981
0.8209,0.110397
0.8221,0.110805
0.8234,0.111213
0.8246,0.111609
0.8258,0.111992
0.827,0.112393
0.8282,0.112762
0.8294,0.113148
0.8306,0.113523
0.8318,0.113899
0.833,0.114257
0.8342,0.114599
0.8355,0.114965
0.8366,0.115296
0.8379,0.115637
0.839,0.115958
0.8402,0.116275
0.8415,0.116612
0.8426,0.116922
0.8438,0.117252
0.845,0.117551
0.8462,0.117843
0.8474,0.11816
0.8486,0.118441
0.8498,0.118726
0.851,0.118976
0.8522,0.119272
0.8533,0.119537
0.8545,0.119811
0.8557,0.120092
0.8569,0.120353
0.8581,0.120632
0.8592,0.120881
0.8604,0.121136
0.8616,0.121377
0.8628,0.121608
0.8639,0.121865
0.8651,0.122089
0.8663,0.122348
0.8674,0.122575
0.8686,0.122808
0.8698,0.123036
0.8709,0.123256
0.8721,0.123488
0.8732,0.123689
0.8744,0.123927
0.8755,0.124143
0.8767,0.124393
0.8779,0.124641
0.879,0.124899
0.8801,0.125156
0.8813,0.125391
0.8825,0.125647
0.8836,0.125857
0.8847,0.126064
0.8859,0.126278
0.887,0.126447
0.8881,0.126693
0.8893,0.126905
0.8904,0.127138
0.8916,0.127364
0.8927,0.127598
0.8938,0.127841
0.895,0.128064
0.8961,0.128322
0.8972,0.128556
0.8983,0.128818
0.8994,0.12913
0.9006,0.129398
0.9017,0.129704
0.9028,0.129987
0.9039,0.130287
0.905,0.130554
0.9061,0.130805
0.9072,0.131078
0.9083,0.131325
0.9094,0.13161
0.9105,0.131884
0.9116,0.132177
0.9128,0.132446
0.9138,0.132723
0.9149,0.133016
0.916,0.133228
0.9171,0.133493
0.9182,0.133765
0.9193,0.134057
0.9204,0.134338
0.9215,0.13462
0.9225,0.135002
0.9236,0.135316
0.9247,0.135734
0.9258,0.136079
0.9268,0.136377
0.9279,0.136735
0.929,0.137039
0.93,0.137408
0.9311,0.137714
0.9321,0.13806
0.9332,0.138382
0.9343,0.138688
0.9353,0.139072
0.9364,0.139313
0.9374,0.139651
0.9385,0.139961
0.9395,0.140336
0.9405,0.140741
0.9416,0.141093
0.9426,0.141535
0.9436,0.141874
0.9447,0.142327
0.9457,0.142777
0.9467,0.14313
0.9477,0.143632
0.9488,0.144042
0.9498,0.144541
0.9508,0.14498
0.9518,0.145433
0.9528,0.145853
0.9538,0.146213
0.9548,0.146664
0.9558,0.146963
0.9568,0.147323
0.9578,0.14772
0.9587,0.148156
0.9597,0.148581
0.9607,0.149085
0.9617,0.149638
0.9626,0.149999
0.9636,0.150623
0.9646,0.151194
0.9655,0.151788
0.9665,0.152464
0.9675,0.153107
0.9684,0.153872
0.9694,0.154534
0.9703,0.155145
0.9712,0.15561
0.9722,0.155966
0.9731,0.156531
0.974,0.156839
0.9749,0.157171
0.9759,0.157296
0.9768,0.15707
0.9777,0.157125
0.9786,0.157644
0.9795,0.158624
0.9816,0.159957
0.9854,0.162019
0.9893,0.164254
0.9931,0.166992
0.997,0.169674
1.0008,0.171899
1.0047,0.173508
1.0085,0.175092
1.0124,0.176321
1.0162,0.177794
1.0201,0.179218
1.0239,0.181193
1.0278,0.183327
1.0316,0.18632
1.0354,0.189335
1.0393,0.192739
1.0431,0.19617
1.047,0.1995
1.0508,0.202589
1.0547,0.205913
1.0585,0.209052
1.0623,0.212273
1.0662,0.215336
1.07,0.218713
1.0738,0.222069
1.0777,0.22563
1.0815,0.228845
1.0853,0.232279
1.0892,0.235684
1.093,0.238916
1.0968,0.242245
1.1007,0.245785
1.1045,0.249235
1.1083,0.253192
1.1122,0.257065
1.116,0.260728
1.1198,0.263992
1.1237,0.2674
1.1275,0.270755
1.1313,0.274052
1.1351,0.277463
1.139,0.28102
1.1428,0.284354
1.1466,0.288013
1.1504,0.291345
1.1542,0.294735
1.158,0.297879
1.1619,0.301199
1.1657,0.304439
1.1695,0.307497
1.1733,0.31055
1.1771,0.313684
1.1809,0.316627
1.1847,0.319766
1.1885,0.322665
1.1923,0.325866
1.1961,0.328688
1.1999,0.33152
1.2037,0.334089
1.2075,0.336555
1.2113,0.339207
1.2151,0.341949
1.2189,0.344541
1.2227,0.347138
1.2265,0.349429
1.2303,0.351715
1.2341,0.353889
1.2379,0.356346
1.2417,0.358772
1.2455,0.36139
1.2492,0.363816
1.253,0.366282
1.2568,0.368657
1.2606,0.370654
1.2643,0.372715
1.2681,0.374852
1.2719,0.376852
1.2757,0.378752
1.2794,0.380534
1.2832,0.382275
1.287,0.38362
1.2907,0.385081
1.2945,0.38651
1.2982,0.387962
1.302,0.389709
1.3057,0.39131
1.3095,0.392596
1.3132,0.39408
1.317,0.395819
1.3207,0.397608
1.3245,0.399493
1.3282,0.401373
1.332,0.403293
1.3357,0.405213
1.3394,0.407219
1.3432,0.409202
1.3469,0.410879
1.3506,0.412681
1.3543,0.414571
1.3581,0.416238
1.3618,0.417859
1.3655,0.419454
1.3692,0.420786
1.3729,0.422166
1.3767,0.423743
1.3804,0.425198
1.3841,0.426487
1.3878,0.427737
1.3915,0.42885
1.3952,0.430025
1.3989,0.431348
1.4026,0.432643
1.4063,0.433902
1.41,0.435229
1.4136,0.436465
1.4173,0.437714
1.421,0.439006
1.4247,0.439985
1.4283,0.440825
1.432,0.442121
1.4357,0.443149
1.4394,0.444269
1.443,0.445371
1.4467,0.446375
1.4503,0.447625
1.454,0.448898
1.4577,0.450029
1.4613,0.451175
1.465,0.452553
1.4686,0.453743
1.4722,0.454637
1.4759,0.455527
1.4795,0.456227
1.4832,0.45713
1.4868,0.458082
1.4904,0.459111
1.494,0.460182
1.4977,0.461453
1.5013,0.462821
1.5049,0.463944
1.5085,0.465022
1.5121,0.465728
1.5157,0.466744
1.5193,0.467825
1.5229,0.468547
1.5265,0.469494
1.5301,0.470398
1.5337,0.471448
1.5373,0.472563
1.5408,0.473594
1.5444,0.474487
1.548,0.475341
1.5516,0.476466
1.5551,0.477164
1.5587,0.47748
1.5623,0.477985
1.5658,0.47868
1.5694,0.479611
1.5729,0.480368
1.5765,0.480863
1.58,0.481681
1.5836,0.482442
1.5871,0.482699
1.5906,0.482719
1.5942,0.482738
1.5977,0.483176
1.6012,0.484003
1.6047,0.484899
1.6082,0.485589
1.6117,0.486092
1.6152,0.48672
1.6188,0.487193
1.6222,0.487467
1.6258,0.487352
1.6292,0.487236
1.6327,0.48746
1.6362,0.488044
1.6397,0.488475
1.6432,0.488854
1.6466,0.489285
1.6501,0.489932
1.6536,0.490808
1.657,0.491903
1.6605,0.492442
1.6639,0.493031
1.6674,0.493938
1.6708,0.494947
1.6743,0.495809
1.6777,0.496799
1.6811,0.498006
1.6845,0.499487
1.688,0.500822
1.6914,0.502395
1.6948,0.503778
1.6982,0.505211
1.7016,0.506956
1.705,0.50841
1.7084,0.509853
1.7118,0.51121
1.7152,0.51268
1.7186,0.514342
1.722,0.515662
1.7253,0.516905
1.7287,0.517992
1.7321,0.519182
1.7354,0.520646
1.7388,0.521816
1.7421,0.523079
1.7455,0.524263
1.7488,0.525491
1.7522,0.52665
1.7555,0.527783
1.7588,0.528731
1.7621,0.529593
1.7655,0.530583
1.7688,0.53181
1.7721,0.53292
1.7754,0.534496
1.7787,0.535869
1.782,0.536934
1.7853,0.53791
1.7885,0.538934
1.7918,0.539446
1.7951,0.540184
1.7984,0.540951
1.8016,0.541839
1.8049,0.543064
1.8082,0.544505
1.8114,0.545337
1.8146,0.54594
1.8179,0.546583
1.8211,0.546969
1.8243,0.546978
1.8276,0.547284
1.8308,0.547245
1.834,0.547089
1.8372,0.546942
1.8404,0.546997
1.8436,0.546443
1.8468,0.546115
1.85,0.546229
1.8532,0.546892
1.8564,0.547873
1.8595,0.549579
1.8627,0.551405
1.8659,0.55267
1.869,0.552479
1.8722,0.553489
1.8753,0.554376
1.8785,0.555805
1.8816,0.55769
1.8817,0.560058
1.8845,0.562498
1.8872,0.565036
1.89,0.56674
1.8928,0.567223
1.8955,0.566479
1.8983,0.566945
1.901,0.567064
1.9038,0.567104
1.9065,0.567328
1.9092,0.567811
1.912,0.568367
1.9147,0.569083
1.9174,0.569777
1.9202,0.57069
1.9229,0.571584
1.9256,0.572467
1.9283,0.572996
1.9311,0.573413
1.9338,0.574116
1.9365,0.575031
1.9392,0.575865
1.9419,0.576738
1.9446,0.577319
1.9473,0.577692
1.95,0.578067
1.9527,0.578574
1.9554,0.579183
1.9581,0.579728
1.9608,0.580768
1.9635,0.581728
1.9662,0.582519
1.9689,0.5833
1.9716,0.583926
1.9743,0.584397
1.9769,0.585092
1.9796,0.585992
1.9823,0.586875
1.985,0.587515
1.9876,0.588466
1.9903,0.58891
1.993,0.589521
1.9956,0.590298
1.9983,0.590992
2.0009,0.591678
2.0036,0.592399
2.0062,0.593034
2.0089,0.59364
2.0115,0.594197
2.0142,0.594871
2.0168,0.595215
2.0195,0.596149
2.0221,0.597263
2.0247,0.598364
2.0273,0.599542
2.03,0.600359
2.0326,0.601059
2.0352,0.601607
2.0378,0.602002
2.0405,0.60233
2.0431,0.60256
2.0457,0.603006
2.0483,0.603299
2.0509,0.603708
2.0535,0.604127
2.0561,0.604543
2.0587,0.604953
2.0613,0.60521
2.0639,0.605933
2.0665,0.606854
2.0691,0.607768
2.0717,0.608483
2.0743,0.608888
2.0769,0.609294
2.0795,0.609552
2.082,0.609928
2.0846,0.610129
2.0872,0.610598
2.0898,0.611425
2.0923,0.612299
2.0949,0.61306
2.0975,0.613655
2.1,0.614318
2.1026,0.615002
2.1051,0.615551
2.1077,0.616437
2.1102,0.61717
2.1128,0.617901
2.1153,0.618714
2.1179,0.619733
2.1204,0.620664
2.123,0.621765
2.1255,0.622968
2.128,0.623809
2.1306,0.624363
2.1331,0.624503
2.1356,0.624136
2.1382,0.623834
2.1407,0.623696
2.1432,0.623486
2.1457,0.623427
2.1482,0.623476
2.1507,0.623436
2.1532,0.623348
2.1558,0.623024
2.1582,0.622483
2.1608,0.621948
2.1633,0.621485
2.1658,0.621061
2.1682,0.621099
2.1707,0.621007
2.1732,0.620638
2.1757,0.620328
2.1782,0.620098
2.1807,0.619716
2.1832,0.619512
2.1856,0.619012
2.1881,0.618959
2.1906,0.619108
2.1931,0.619421
2.1955,0.619004
2.198,0.61857
2.2004,0.618266
2.2029,0.618113
2.2054,0.618167
2.2078,0.618814
2.2103,0.619668
2.2127,0.62107
2.2152,0.622054
2.2176,0.622095
2.2201,0.621656
2.2225,0.621664
2.2249,0.621961
2.2274,0.62229
2.2298,0.622837
2.2322,0.623999
2.2347,0.625199
2.2371,0.626227
2.2395,0.626581
2.2419,0.626351
2.2443,0.626016
2.2468,0.626351
2.2492,0.626639
2.2516,0.627465
2.254,0.628535
2.2564,0.629878
2.2588,0.631011
2.2612,0.632047
2.2636,0.632981
2.266,0.633776
2.2684,0.634135
2.2708,0.634442
2.2732,0.634916
2.2756,0.635632
2.2779,0.635971
2.2803,0.635845
2.2827,0.635565
2.2851,0.636006
2.2874,0.63665
2.2898,0.637731
2.2922,0.638765
2.2946,0.639659
2.2969,0.640769
2.2993,0.641661
2.3016,0.642195
2.304,0.642526
2.3063,0.64271
2.3087,0.643169
2.311,0.64406
2.3134,0.644921
2.3157,0.645204
2.3181,0.645382
2.3204,0.645507
2.3228,0.646534
2.3251,0.64753
2.3274,0.648303
2.3297,0.648837
2.3321,0.649507
2.3344,0.650517
2.3367,0.650804
2.339,0.650488
2.3413,0.650404
2.3437,0.650688
2.346,0.652007
2.3483,0.652907
2.3506,0.65346
2.3529,0.654338
2.3552,0.655337
2.3575,0.656048
2.3598,0.656323
2.3621,0.655777
2.3644,0.65595
2.3667,0.656332
2.3689,0.656681
2.3712,0.657131
2.3735,0.658168
2.3758,0.659147
2.3781,0.659864
2.3803,0.660258
2.3826,0.660534
2.3849,0.660659
2.3872,0.661414
2.3894,0.661839
2.3917,0.662065
2.3939,0.663103
2.3962,0.664265
2.3984,0.66445
2.4007,0.664611
2.4029,0.664685
2.4052,0.664894
2.4074,0.665199
2.4097,0.665416
2.4119,0.665756
2.4142,0.666387
2.4164,0.668152
2.4186,0.66975
2.4208,0.670927
2.4231,0.672011
2.4253,0.672378
2.4275,0.672698
2.4297,0.672285
2.432,0.671601
2.4342,0.670788
2.4364,0.669852
2.4386,0.670118
2.4408,0.67075
2.443,0.67195
2.4452,0.672592
2.4474,0.672201
2.4496,0.671997
2.4518,0.671337
2.454,0.670361
2.4562,0.669573
2.4584,0.669556
2.4606,0.67139
2.4627,0.673854
2.4649,0.676421
2.4671,0.677714
2.4693,0.676733
2.4714,0.67593
2.4736,0.674596
2.4758,0.673266
2.4779,0.672889
2.4801,0.672428
2.4823,0.672329
2.4844,0.672935
2.4866,0.674665
2.4887,0.676604
2.4909,0.677025
2.493,0.677783
2.4952,0.679103
2.4973,0.680838
2.4994,0.682803
2.5016,0.685
2.5037,0.687428
2.5058,0.690088
