# Short-wave reflectance (fraction) of roof tile ceramic red, 0.3481-2.506 um.
#
# source: MEASURED. SLUM, the Spectral Library of impervious Urban Materials: S. Kotthaus, T. E. L. Smith, M. J. Wooster, C. S. B. Grimmond (2014), Derivation of an urban materials spectral library through emittance and reflectance spectroscopy, ISPRS J. Photogramm. Remote Sens. 94, 194-212, doi:10.1016/j.isprsjprs.2014.05.005; data doi:10.5281/zenodo.4263842 (MPL-2.0). Sample R001.
#   Copied by scripts/import_slum.py; wavelengths converted to micrometres and reflectance from percent to a fraction, otherwise unmodified.
#   Licence: Mozilla Public License 2.0, as SLUM is released; this file is a subset of it and stays under MPL-2.0 (https://mozilla.org/MPL/2.0/).
# Columns: wavelength in MICROMETRES, value.
0.3481,0.107181
0.3497,0.106763
0.3513,0.106368
0.3529,0.105998
0.3545,0.105651
0.3561,0.105329
0.3576,0.105496
0.3592,0.105289
0.3608,0.104735
0.3624,0.104199
0.3639,0.102856
0.3655,0.101648
0.3671,0.10035
0.3687,0.0997411
0.3702,0.0998452
0.3718,0.0998293
0.3734,0.100331
0.3749,0.100577
0.3765,0.100725
0.378,0.100521
0.3796,0.0998604
0.3811,0.099169
0.3827,0.0982948
0.3842,0.097782
0.3858,0.0973994
0.3873,0.0970877
0.3889,0.0972038
0.3904,0.0972149
0.392,0.0972195
0.3935,0.0970566
0.395,0.0965922
0.3966,0.0961945
0.3981,0.0956117
0.3996,0.0952249
0.4012,0.0948636
0.4027,0.09462
0.4042,0.0946839
0.4058,0.0947583
0.4073,0.0949831
0.4088,0.0951964
0.4104,0.0953394
0.4119,0.0954866
0.4134,0.0954171
0.4149,0.0953121
0.4165,0.0950669
0.418,0.0948064
0.4195,0.0946333
0.421,0.0944183
0.4225,0.0943706
0.4241,0.0943948
0.4256,0.0945383
0.4271,0.094732
0.4286,0.0948851
0.4301,0.0951205
0.4316,0.0952377
0.4331,0.0953968
0.4347,0.0955058
0.4362,0.0955146
0.4377,0.0955066
0.4392,0.0954431
0.4407,0.0954373
0.4422,0.0954288
0.4437,0.095446
0.4452,0.0956225
0.4467,0.0957724
0.4482,0.0960387
0.4497,0.0963165
0.4512,0.0965962
0.4527,0.0969011
0.4542,0.0971497
0.4557,0.0974009
0.4572,0.0975903
0.4587,0.0977315
0.4602,0.097885
0.4617,0.0979361
0.4632,0.0980114
0.4647,0.0980447
0.4662,0.0980821
0.4677,0.0981715
0.4692,0.0982346
0.4707,0.0983754
0.4722,0.0985131
0.4737,0.0986986
0.4752,0.098929
0.4766,0.0991354
0.4781,0.0993962
0.4796,0.0996485
0.4811,0.0998855
0.4826,0.100146
0.4841,0.100383
0.4856,0.100678
0.4871,0.100936
0.4885,0.101248
0.49,0.101574
0.4915,0.101915
0.493,0.102316
0.4945,0.102722
0.4959,0.103154
0.4974,0.103621
0.4989,0.104094
0.5004,0.104639
0.5019,0.10518
0.5034,0.105751
0.5048,0.10633
0.5063,0.106918
0.5078,0.107533
0.5092,0.108135
0.5107,0.108755
0.5122,0.109365
0.5137,0.109974
0.5151,0.110637
0.5166,0.111281
0.5181,0.111943
0.5196,0.112621
0.521,0.113315
0.5225,0.114062
0.524,0.114835
0.5254,0.115673
0.5269,0.116543
0.5284,0.117464
0.5298,0.118454
0.5313,0.119466
0.5328,0.120558
0.5342,0.121678
0.5357,0.122863
0.5371,0.124149
0.5386,0.125509
0.5401,0.126972
0.5415,0.128494
0.543,0.130113
0.5445,0.131829
0.5459,0.133613
0.5474,0.135515
0.5488,0.137472
0.5503,0.139567
0.5517,0.141799
0.5532,0.144167
0.5546,0.146683
0.5561,0.149299
0.5575,0.152073
0.559,0.154964
0.5604,0.157953
0.5619,0.161092
0.5633,0.164344
0.5648,0.167759
0.5662,0.171292
0.5677,0.174948
0.5691,0.178706
0.5706,0.182524
0.572,0.186445
0.5735,0.190379
0.5749,0.194364
0.5763,0.198431
0.5778,0.202539
0.5792,0.206681
0.5806,0.210814
0.5821,0.214934
0.5835,0.219042
0.585,0.223075
0.5864,0.227078
0.5878,0.230926
0.5893,0.23477
0.5907,0.238548
0.5921,0.242214
0.5935,0.245818
0.595,0.249286
0.5964,0.252627
0.5978,0.25585
0.5993,0.258903
0.6007,0.261858
0.6021,0.264617
0.6035,0.267324
0.605,0.269895
0.6064,0.272306
0.6078,0.27473
0.6092,0.277026
0.6106,0.279273
0.6121,0.281435
0.6135,0.283484
0.6149,0.285471
0.6163,0.287327
0.6177,0.2891
0.6191,0.290759
0.6205,0.292297
0.622,0.293874
0.6234,0.295356
0.6248,0.296842
0.6262,0.298249
0.6276,0.299592
0.629,0.300915
0.6304,0.302203
0.6318,0.303486
0.6332,0.304713
0.6346,0.305911
0.636,0.307114
0.6374,0.308248
0.6388,0.309352
0.6402,0.310443
0.6416,0.311539
0.643,0.312671
0.6444,0.313814
0.6458,0.315017
0.6472,0.316193
0.6485,0.317369
0.6499,0.318537
0.6513,0.319636
0.6527,0.320757
0.6541,0.32193
0.6555,0.323122
0.6569,0.324337
0.6582,0.325555
0.6596,0.326836
0.661,0.328069
0.6624,0.329326
0.6638,0.330539
0.6651,0.331747
0.6665,0.33298
0.6679,0.334228
0.6693,0.335486
0.6706,0.336703
0.672,0.337979
0.6734,0.339278
0.6747,0.340543
0.6761,0.341843
0.6775,0.343097
0.6788,0.344393
0.6802,0.345704
0.6815,0.347021
0.6829,0.348328
0.6843,0.349613
0.6856,0.350912
0.687,0.352204
0.6883,0.353466
0.6897,0.354749
0.691,0.356045
0.6924,0.357367
0.6937,0.358704
0.6951,0.359991
0.6964,0.361362
0.6978,0.362708
0.6991,0.364009
0.7005,0.36535
0.7018,0.366635
0.7032,0.367971
0.7045,0.369327
0.7058,0.370619
0.7072,0.371921
0.7085,0.373172
0.7098,0.374486
0.7112,0.375712
0.7125,0.376902
0.7138,0.378077
0.7152,0.379193
0.7165,0.38037
0.7178,0.381497
0.7191,0.382588
0.7205,0.383735
0.7218,0.384857
0.7231,0.386045
0.7244,0.387174
0.7258,0.388322
0.7271,0.389479
0.7284,0.390605
0.7297,0.391741
0.731,0.39273
0.7323,0.393725
0.7336,0.394613
0.735,0.395403
0.7363,0.396186
0.7376,0.396836
0.7389,0.397537
0.7402,0.39823
0.7415,0.398884
0.7428,0.399524
0.7441,0.400109
0.7454,0.400751
0.7467,0.401271
0.748,0.401751
0.7493,0.402201
0.7506,0.402557
0.7519,0.402924
0.7531,0.403255
0.7544,0.403518
0.7557,0.40374
0.757,0.403956
0.7583,0.404176
0.7596,0.404314
0.7609,0.404408
0.7621,0.40447
0.7634,0.404471
0.7647,0.404473
0.766,0.404466
0.7673,0.404442
0.7685,0.404371
0.7698,0.404278
0.7711,0.404172
0.7724,0.403963
0.7736,0.403787
0.7749,0.403593
0.7762,0.403342
0.7774,0.403118
0.7787,0.402855
0.78,0.402613
0.7812,0.402344
0.7825,0.402061
0.7837,0.40177
0.785,0.401403
0.7863,0.401107
0.7875,0.400734
0.7888,0.400347
0.79,0.399955
0.7913,0.399516
0.7925,0.399137
0.7938,0.398742
0.795,0.398343
0.7963,0.397934
0.7975,0.397482
0.7988,0.397137
0.8,0.396721
0.8012,0.39634
0.8025,0.395917
0.8037,0.39552
0.805,0.395174
0.8062,0.394719
0.8074,0.394306
0.8087,0.393824
0.8099,0.393335
0.8111,0.392911
0.8124,0.392366
0.8136,0.391888
0.8148,0.391381
0.816,0.390911
0.8172,0.390477
0.8185,0.389961
0.8197,0.389572
0.8209,0.389114
0.8221,0.388655
0.8234,0.388224
0.8246,0.387693
0.8258,0.387251
0.827,0.386832
0.8282,0.386398
0.8294,0.385996
0.8306,0.385577
0.8318,0.385293
0.833,0.384971
0.8342,0.384587
0.8355,0.384215
0.8366,0.383798
0.8379,0.383463
0.839,0.383145
0.8402,0.382767
0.8415,0.382447
0.8426,0.382096
0.8438,0.381859
0.845,0.38156
0.8462,0.381212
0.8474,0.380943
0.8486,0.38064
0.8498,0.38042
0.851,0.380161
0.8522,0.379923
0.8533,0.379733
0.8545,0.379452
0.8557,0.37927
0.8569,0.379054
0.8581,0.378859
0.8592,0.378678
0.8604,0.378439
0.8616,0.37832
0.8628,0.378059
0.8639,0.377946
0.8651,0.377753
0.8663,0.377524
0.8674,0.377405
0.8686,0.377299
0.8698,0.37725
0.8709,0.377201
0.8721,0.377096
0.8732,0.377069
0.8744,0.376948
0.8755,0.376967
0.8767,0.376874
0.8779,0.376819
0.879,0.376833
0.8801,0.376793
0.8813,0.376861
0.8825,0.376899
0.8836,0.376848
0.8847,0.376865
0.8859,0.376829
0.887,0.376828
0.8881,0.376809
0.8893,0.376792
0.8904,0.376849
0.8916,0.37685
0.8927,0.377033
0.8938,0.377178
0.895,0.377324
0.8961,0.377422
0.8972,0.377495
0.8983,0.37771
0.8994,0.377836
0.9006,0.378057
0.9017,0.3783
0.9028,0.378514
0.9039,0.378799
0.905,0.379011
0.9061,0.379282
0.9072,0.379449
0.9083,0.379638
0.9094,0.379937
0.9105,0.380048
0.9116,0.380358
0.9128,0.380619
0.9138,0.380855
0.9149,0.381142
0.916,0.381376
0.9171,0.38175
0.9182,0.382138
0.9193,0.382425
0.9204,0.382669
0.9215,0.382875
0.9225,0.383229
0.9236,0.383524
0.9247,0.383816
0.9258,0.384155
0.9268,0.384362
0.9279,0.384903
0.929,0.385368
0.93,0.385769
0.9311,0.386176
0.9321,0.386529
0.9332,0.386959
0.9343,0.387243
0.9353,0.387548
0.9364,0.38782
0.9374,0.387999
0.9385,0.388466
0.9395,0.388749
0.9405,0.389169
0.9416,0.389683
0.9426,0.389961
0.9436,0.390591
0.9447,0.390934
0.9457,0.391532
0.9467,0.392066
0.9477,0.392333
0.9488,0.392745
0.9498,0.392969
0.9508,0.393505
0.9518,0.394027
0.9528,0.394297
0.9538,0.394861
0.9548,0.395083
0.9558,0.395873
0.9568,0.396425
0.9578,0.396729
0.9587,0.397232
0.9597,0.397356
0.9607,0.397959
0.9617,0.398439
0.9626,0.398861
0.9636,0.399366
0.9646,0.399428
0.9655,0.400283
0.9665,0.400843
0.9675,0.401403
0.9684,0.402418
0.9694,0.403031
0.9703,0.403997
0.9712,0.40447
0.9722,0.405012
0.9731,0.405468
0.974,0.405369
0.9749,0.405717
0.9759,0.405785
0.9768,0.405986
0.9777,0.406532
0.9786,0.407114
0.9795,0.407916
0.9816,0.408427
0.9854,0.409441
0.9893,0.41046
0.9931,0.411797
0.997,0.413044
1.0008,0.41462
1.0047,0.416029
1.0085,0.417409
1.0124,0.41913
1.0162,0.420628
1.0201,0.421738
1.0239,0.422972
1.0278,0.424008
1.0316,0.425692
1.0354,0.426891
1.0393,0.428525
1.0431,0.429702
1.047,0.43076
1.0508,0.431867
1.0547,0.432833
1.0585,0.43363
1.0623,0.434728
1.0662,0.435469
1.07,0.436432
1.0738,0.436906
1.0777,0.437586
1.0815,0.437945
1.0853,0.438348
1.0892,0.438847
1.093,0.439301
1.0968,0.439714
1.1007,0.440416
1.1045,0.440842
1.1083,0.441383
1.1122,0.441748
1.116,0.442144
1.1198,0.442344
1.1237,0.442465
1.1275,0.442513
1.1313,0.442429
1.1351,0.442358
1.139,0.442554
1.1428,0.442957
1.1466,0.443462
1.1504,0.443811
1.1542,0.444237
1.158,0.444531
1.1619,0.444731
1.1657,0.444734
1.1695,0.444618
1.1733,0.444509
1.1771,0.444563
1.1809,0.444597
1.1847,0.444587
1.1885,0.444313
1.1923,0.444434
1.1961,0.444326
1.1999,0.444241
1.2037,0.443956
1.2075,0.443691
1.2113,0.443708
1.2151,0.44375
1.2189,0.443558
1.2227,0.443325
1.2265,0.443109
1.2303,0.443104
1.2341,0.442831
1.2379,0.442759
1.2417,0.442693
1.2455,0.442858
1.2492,0.443135
1.253,0.442933
1.2568,0.442483
1.2606,0.442126
1.2643,0.441958
1.2681,0.441922
1.2719,0.441883
1.2757,0.441951
1.2794,0.44212
1.2832,0.442348
1.287,0.442403
1.2907,0.441966
1.2945,0.441359
1.2982,0.440999
1.302,0.440673
1.3057,0.440376
1.3095,0.439851
1.3132,0.43955
1.317,0.439595
1.3207,0.439712
1.3245,0.439945
1.3282,0.440044
1.332,0.44007
1.3357,0.440379
1.3394,0.440584
1.3432,0.440572
1.3469,0.440323
1.3506,0.440308
1.3543,0.440415
1.3581,0.440271
1.3618,0.440134
1.3655,0.440052
1.3692,0.439796
1.3729,0.439719
1.3767,0.439661
1.3804,0.439556
1.3841,0.43949
1.3878,0.439399
1.3915,0.439087
1.3952,0.438929
1.3989,0.439005
1.4026,0.439057
1.4063,0.438992
1.41,0.438982
1.4136,0.438936
1.4173,0.438979
1.421,0.439132
1.4247,0.439032
1.4283,0.438809
1.432,0.439125
1.4357,0.439122
1.4394,0.439184
1.443,0.439202
1.4467,0.439258
1.4503,0.439586
1.454,0.439867
1.4577,0.440115
1.4613,0.440482
1.465,0.440994
1.4686,0.441195
1.4722,0.441069
1.4759,0.441037
1.4795,0.440799
1.4832,0.440843
1.4868,0.440895
1.4904,0.440935
1.494,0.441123
1.4977,0.441512
1.5013,0.441798
1.5049,0.441814
1.5085,0.441914
1.5121,0.441829
1.5157,0.441847
1.5193,0.441955
1.5229,0.441804
1.5265,0.441905
1.5301,0.442066
1.5337,0.442401
1.5373,0.44271
1.5408,0.443106
1.5444,0.443506
1.548,0.443893
1.5516,0.444353
1.5551,0.444458
1.5587,0.444251
1.5623,0.444163
1.5658,0.444155
1.5694,0.444424
1.5729,0.444606
1.5765,0.44456
1.58,0.444942
1.5836,0.445333
1.5871,0.445332
1.5906,0.445202
1.5942,0.4451
1.5977,0.445241
1.6012,0.445625
1.6047,0.446279
1.6082,0.446788
1.6117,0.447085
1.6152,0.447663
1.6188,0.44813
1.6222,0.44842
1.6258,0.44834
1.6292,0.448053
1.6327,0.447932
1.6362,0.448106
1.6397,0.448196
1.6432,0.448288
1.6466,0.448436
1.6501,0.448862
1.6536,0.449467
1.657,0.450205
1.6605,0.450271
1.6639,0.450221
1.6674,0.450553
1.6708,0.450838
1.6743,0.450915
1.6777,0.451076
1.6811,0.451304
1.6845,0.451803
1.688,0.452098
1.6914,0.452535
1.6948,0.452717
1.6982,0.452922
1.7016,0.453457
1.705,0.453538
1.7084,0.453629
1.7118,0.453602
1.7152,0.453621
1.7186,0.453853
1.722,0.453958
1.7253,0.454036
1.7287,0.453923
1.7321,0.453781
1.7354,0.453953
1.7388,0.453986
1.7421,0.454164
1.7455,0.454332
1.7488,0.454626
1.7522,0.455169
1.7555,0.455813
1.7588,0.456195
1.7621,0.456216
1.7655,0.456151
1.7688,0.4563
1.7721,0.456334
1.7754,0.456511
1.7787,0.456513
1.782,0.456622
1.7853,0.456826
1.7885,0.457149
1.7918,0.457146
1.7951,0.4571
1.7984,0.457815
1.8016,0.458874
1.8049,0.45987
1.8082,0.46071
1.8114,0.460944
1.8146,0.461019
1.8179,0.460649
1.8211,0.459954
1.8243,0.458859
1.8276,0.458432
1.8308,0.458819
1.834,0.45908
1.8372,0.458867
1.8404,0.458846
1.8436,0.458907
1.8468,0.458979
1.85,0.459177
1.8532,0.45957
1.8564,0.460079
1.8595,0.461507
1.8627,0.462339
1.8659,0.462256
1.869,0.461553
1.8722,0.461487
1.8753,0.461348
1.8785,0.460816
1.8816,0.460478
1.8817,0.460346
1.8845,0.460419
1.8872,0.460652
1.89,0.460109
1.8928,0.459424
1.8955,0.459049
1.8983,0.459287
1.901,0.459206
1.9038,0.459129
1.9065,0.459254
1.9092,0.459664
1.912,0.459986
1.9147,0.46018
1.9174,0.460542
1.9202,0.461077
1.9229,0.461522
1.9256,0.461864
1.9283,0.462083
1.9311,0.462483
1.9338,0.462767
1.9365,0.463233
1.9392,0.463579
1.9419,0.464115
1.9446,0.464418
1.9473,0.464462
1.95,0.464601
1.9527,0.464841
1.9554,0.465344
1.9581,0.465694
1.9608,0.466183
1.9635,0.466752
1.9662,0.46727
1.9689,0.467867
1.9716,0.468191
1.9743,0.468403
1.9769,0.468882
1.9796,0.469388
1.9823,0.469944
1.985,0.470288
1.9876,0.470847
1.9903,0.471055
1.993,0.471561
1.9956,0.472285
1.9983,0.472881
2.0009,0.473091
2.0036,0.473219
2.0062,0.473307
2.0089,0.473551
2.0115,0.473627
2.0142,0.473747
2.0168,0.473587
2.0195,0.47403
2.0221,0.474628
2.0247,0.475199
2.0273,0.475586
2.03,0.476006
2.0326,0.476512
2.0352,0.476946
2.0378,0.477039
2.0405,0.477072
2.0431,0.477022
2.0457,0.477276
2.0483,0.477524
2.0509,0.477604
2.0535,0.477753
2.0561,0.478256
2.0587,0.478679
2.0613,0.478675
2.0639,0.478813
2.0665,0.479114
2.0691,0.47927
2.0717,0.479489
2.0743,0.479642
2.0769,0.479701
2.0795,0.479723
2.082,0.479944
2.0846,0.480132
2.0872,0.480634
2.0898,0.481249
2.0923,0.481673
2.0949,0.481912
2.0975,0.482341
2.1,0.482749
2.1026,0.483016
2.1051,0.483002
2.1077,0.483407
2.1102,0.484009
2.1128,0.484882
2.1153,0.485386
2.1179,0.485941
2.1204,0.48675
2.123,0.48735
2.1255,0.487679
2.128,0.48781
2.1306,0.487774
2.1331,0.488069
2.1356,0.488001
2.1382,0.488086
2.1407,0.488221
2.1432,0.48874
2.1457,0.489252
2.1482,0.489256
2.1507,0.488783
2.1532,0.488368
2.1558,0.487727
2.1582,0.48713
2.1608,0.486371
2.1633,0.486054
2.1658,0.485946
2.1682,0.486125
2.1707,0.486034
2.1732,0.4859
2.1757,0.485555
2.1782,0.485671
2.1807,0.485645
2.1832,0.485575
2.1856,0.485741
2.1881,0.486414
2.1906,0.486936
2.1931,0.487437
2.1955,0.487854
2.198,0.488593
2.2004,0.488808
2.2029,0.489141
2.2054,0.489261
2.2078,0.48932
2.2103,0.489757
2.2127,0.490199
2.2152,0.490162
2.2176,0.490788
2.2201,0.491389
2.2225,0.492018
2.2249,0.491801
2.2274,0.491679
2.2298,0.491541
2.2322,0.491885
2.2347,0.492219
2.2371,0.49202
2.2395,0.491881
2.2419,0.492659
2.2443,0.493376
2.2468,0.494104
2.2492,0.494409
2.2516,0.494698
2.254,0.494722
2.2564,0.495155
2.2588,0.495316
2.2612,0.494452
2.2636,0.49367
2.266,0.493679
2.2684,0.494017
2.2708,0.494747
2.2732,0.495449
2.2756,0.496182
2.2779,0.496949
2.2803,0.497979
2.2827,0.498726
2.2851,0.498782
2.2874,0.498915
2.2898,0.499452
2.2922,0.499751
2.2946,0.500339
2.2969,0.500649
2.2993,0.501044
2.3016,0.501226
2.304,0.501302
2.3063,0.501388
2.3087,0.501472
2.311,0.501221
2.3134,0.501154
2.3157,0.501224
2.3181,0.501969
2.3204,0.502526
2.3228,0.503296
2.3251,0.503796
2.3274,0.504833
2.3297,0.505629
2.3321,0.505877
2.3344,0.50601
2.3367,0.506406
2.339,0.506997
2.3413,0.50793
2.3437,0.508175
2.346,0.50836
2.3483,0.508302
2.3506,0.508969
2.3529,0.509072
2.3552,0.50924
2.3575,0.509525
2.3598,0.509619
2.3621,0.509502
2.3644,0.509804
2.3667,0.509917
2.3689,0.511
2.3712,0.511671
2.3735,0.51268
2.3758,0.513203
2.3781,0.514449
2.3803,0.514985
2.3826,0.514917
2.3849,0.514622
2.3872,0.514633
2.3894,0.514831
2.3917,0.515837
2.3939,0.516147
2.3962,0.516555
2.3984,0.516949
2.4007,0.51806
2.4029,0.518519
2.4052,0.518625
2.4074,0.518595
2.4097,0.518059
2.4119,0.517757
2.4142,0.517879
2.4164,0.518092
2.4186,0.518589
2.4208,0.519209
2.4231,0.519935
2.4253,0.520347
2.4275,0.520513
2.4297,0.520647
2.432,0.520566
2.4342,0.520455
2.4364,0.520406
2.4386,0.520383
2.4408,0.520634
2.443,0.521072
2.4452,0.520953
2.4474,0.520837
2.4496,0.520803
2.4518,0.520982
2.454,0.521148
2.4562,0.521159
2.4584,0.521208
2.4606,0.521117
2.4627,0.52158
2.4649,0.522508
2.4671,0.522916
2.4693,0.522726
2.4714,0.521876
2.4736,0.521375
2.4758,0.521337
2.4779,0.521117
2.4801,0.521451
2.4823,0.522416
2.4844,0.524462
2.4866,0.526868
2.4887,0.528522
2.4909,0.528116
2.493,0.526921
2.4952,0.526471
2.4973,0.526042
2.4994,0.525474
2.5016,0.524767
2.5037,0.523921
2.5058,0.522936
