# Long-wave emissivity of roof tile cement grey, 8.002-14 um.
#
# source: MEASURED. SLUM, the Spectral Library of impervious Urban Materials: S. Kotthaus, T. E. L. Smith, M. J. Wooster, C. S. B. Grimmond (2014), Derivation of an urban materials spectral library through emittance and reflectance spectroscopy, ISPRS J. Photogramm. Remote Sens. 94, 194-212, doi:10.1016/j.isprsjprs.2014.05.005; data doi:10.5281/zenodo.4263842 (MPL-2.0). Sample R006.
#   Copied by scripts/import_slum.py; wavelengths converted to micrometres and reflectance from percent to a fraction, otherwise unmodified.
#   Licence: Mozilla Public License 2.0, as SLUM is released; this file is a subset of it and stays under MPL-2.0 (https://mozilla.org/MPL/2.0/).
# Columns: wavelength in MICROMETRES, value.
8.00224,0.895083
8.00842,0.894319
8.01461,0.893599
8.02081,0.893065
8.02702,0.892841
8.03324,0.89269
8.03946,0.892392
8.0457,0.891821
8.05195,0.891395
8.0582,0.891094
8.06447,0.890362
8.07075,0.8893
8.07703,0.888065
8.08333,0.886751
8.08963,0.885538
8.09595,0.884485
8.10227,0.883539
8.10861,0.882593
8.11495,0.881606
8.12131,0.880495
8.12767,0.879257
8.13405,0.877648
8.14043,0.875786
8.14682,0.874272
8.15323,0.873053
8.15964,0.872179
8.16607,0.871784
8.1725,0.871566
8.17895,0.871263
8.18541,0.870971
8.19187,0.87094
8.19835,0.870764
8.20483,0.870461
8.21133,0.870487
8.21784,0.870666
8.22435,0.870729
8.23088,0.870837
8.23742,0.871083
8.24397,0.871171
8.25052,0.871308
8.25709,0.871695
8.26367,0.872076
8.27026,0.872475
8.27686,0.873135
8.28347,0.873978
8.29009,0.874532
8.29673,0.875109
8.30337,0.876022
8.31002,0.876746
8.31669,0.877347
8.32336,0.878092
8.33005,0.878748
8.33674,0.87949
8.34345,0.880631
8.35017,0.881854
8.3569,0.882951
8.36364,0.883808
8.37039,0.884471
8.37715,0.885156
8.38392,0.885989
8.3907,0.886986
8.3975,0.887831
8.4043,0.888733
8.41112,0.889804
8.41794,0.890788
8.42478,0.891555
8.43163,0.891876
8.43849,0.891933
8.44536,0.892139
8.45225,0.892713
8.45914,0.893411
8.46605,0.894032
8.47296,0.894685
8.47989,0.895459
8.48683,0.896253
8.49378,0.89677
8.50074,0.897283
8.50772,0.897858
8.5147,0.898386
8.5217,0.899043
8.52871,0.899591
8.53573,0.90021
8.54276,0.901009
8.5498,0.901736
8.55685,0.902562
8.56392,0.903337
8.571,0.904269
8.57809,0.905768
8.58519,0.907676
8.5923,0.910016
8.59943,0.912349
8.60656,0.914477
8.61371,0.916595
8.62087,0.918223
8.62804,0.918836
8.63523,0.918089
8.64242,0.916851
8.64963,0.916018
8.65685,0.915082
8.66408,0.913959
8.67133,0.912781
8.67858,0.911704
8.68585,0.91083
8.69313,0.909899
8.70043,0.908705
8.70773,0.907641
8.71505,0.907958
8.72238,0.909018
8.72972,0.909676
8.73708,0.909892
8.74444,0.909725
8.75182,0.909772
8.75921,0.90941
8.76662,0.908438
8.77403,0.90758
8.78146,0.907027
8.78891,0.90716
8.79636,0.907302
8.80383,0.907447
8.81131,0.907894
8.8188,0.908329
8.8263,0.908944
8.83382,0.90888
8.84135,0.908251
8.8489,0.907825
8.85645,0.907423
8.86402,0.907286
8.87161,0.907568
8.8792,0.908377
8.88681,0.909497
8.89443,0.91037
8.90207,0.91061
8.90971,0.909965
8.91738,0.909017
8.92505,0.908164
8.93274,0.90724
8.94044,0.906515
8.94815,0.906134
8.95588,0.906063
8.96362,0.906325
8.97137,0.907003
8.97914,0.907756
8.98692,0.90808
8.99472,0.908414
9.00252,0.909028
9.01035,0.909581
9.01818,0.910211
9.02603,0.910862
9.03389,0.911208
9.04177,0.911632
9.04966,0.912181
9.05756,0.912365
9.06548,0.912336
9.07341,0.912535
9.08136,0.912939
9.08932,0.913276
9.09729,0.913695
9.10527,0.913952
9.11328,0.91379
9.12129,0.913869
9.12932,0.914061
9.13736,0.913742
9.14542,0.9134
9.15349,0.913338
9.16158,0.913086
9.16968,0.912555
9.17779,0.91212
9.18592,0.91206
9.19407,0.912247
9.20223,0.912664
9.2104,0.91308
9.21858,0.913235
9.22679,0.913577
9.235,0.913944
9.24323,0.913737
9.25148,0.913183
9.25974,0.912715
9.26801,0.912604
9.2763,0.912945
9.28461,0.913356
9.29293,0.913622
9.30126,0.914277
9.30961,0.915201
9.31798,0.915855
9.32636,0.916394
9.33475,0.91693
9.34316,0.917486
9.35159,0.918207
9.36003,0.919449
9.36848,0.920747
9.37695,0.92183
9.38544,0.923295
9.39394,0.924924
9.40246,0.926536
9.41099,0.92798
9.41954,0.929193
9.4281,0.930435
9.43668,0.931693
9.44527,0.933032
9.45388,0.934115
9.46251,0.935035
9.47115,0.936355
9.47981,0.937673
9.48848,0.938332
9.49717,0.938566
9.50587,0.938901
9.51459,0.939127
9.52333,0.939019
9.53208,0.938795
9.54085,0.938422
9.54964,0.938102
9.55844,0.938093
9.56726,0.937958
9.57609,0.937898
9.58494,0.938461
9.59381,0.939045
9.60269,0.93904
9.61159,0.938857
9.62051,0.938741
9.62944,0.938544
9.63839,0.938635
9.64736,0.939001
9.65634,0.939514
9.66534,0.940369
9.67435,0.940783
9.68339,0.940426
9.69244,0.939824
9.7015,0.939324
9.71059,0.938901
9.71969,0.938591
9.72881,0.938823
9.73794,0.939582
9.74709,0.9407
9.75626,0.941694
9.76545,0.942217
9.77465,0.942655
9.78388,0.943234
9.79311,0.943517
9.80237,0.943362
9.81164,0.943056
9.82094,0.942624
9.83024,0.942381
9.83957,0.942236
9.84892,0.941699
9.85828,0.94112
9.86766,0.940937
9.87706,0.941053
9.88647,0.941193
9.8959,0.941452
9.90536,0.941895
9.91483,0.942192
9.92431,0.942441
9.93382,0.942662
9.94334,0.942542
9.95289,0.94234
9.96245,0.942382
9.97203,0.942341
9.98162,0.942259
9.99124,0.94238
10.0009,0.94266
10.0105,0.942908
10.0202,0.943063
10.0299,0.94318
10.0396,0.943158
10.0493,0.943238
10.0591,0.943287
10.0688,0.943053
10.0786,0.94282
10.0884,0.942831
10.0983,0.943037
10.1081,0.943187
10.118,0.943387
10.1278,0.943562
10.1377,0.94357
10.1477,0.943672
10.1576,0.943657
10.1676,0.943484
10.1775,0.943427
10.1875,0.943519
10.1975,0.94365
10.2076,0.943748
10.2176,0.943936
10.2277,0.944162
10.2378,0.944276
10.2479,0.94425
10.2581,0.944251
10.2682,0.944349
10.2784,0.94459
10.2886,0.94492
10.2988,0.945151
10.3091,0.945298
10.3193,0.945296
10.3296,0.944998
10.3399,0.944458
10.3502,0.944081
10.3605,0.944093
10.3709,0.944365
10.3813,0.94477
10.3917,0.94521
10.4021,0.945872
10.4126,0.946756
10.423,0.947384
10.4335,0.947581
10.444,0.947626
10.4545,0.947879
10.4651,0.94821
10.4757,0.948398
10.4863,0.948417
10.4969,0.94831
10.5075,0.948333
10.5182,0.948383
10.5288,0.948265
10.5395,0.948292
10.5503,0.948379
10.561,0.948455
10.5718,0.948644
10.5826,0.948534
10.5934,0.948378
10.6042,0.948615
10.6151,0.948967
10.6259,0.949389
10.6368,0.950178
10.6477,0.951108
10.6587,0.951633
10.6697,0.951957
10.6806,0.95232
10.6917,0.952173
10.7027,0.951676
10.7137,0.951444
10.7248,0.951312
10.7359,0.951317
10.7471,0.951703
10.7582,0.952037
10.7694,0.952363
10.7806,0.953002
10.7918,0.953825
10.803,0.954337
10.8143,0.954304
10.8256,0.954419
10.8369,0.954472
10.8482,0.954245
10.8596,0.954114
10.871,0.953854
10.8824,0.953564
10.8938,0.953305
10.9053,0.952871
10.9167,0.952553
10.9282,0.952405
10.9398,0.95249
10.9513,0.952717
10.9629,0.953128
10.9745,0.953951
10.9861,0.954726
10.9978,0.955351
11.0095,0.956012
11.0212,0.956556
11.0329,0.957177
11.0446,0.957766
11.0564,0.957899
11.0682,0.958147
11.08,0.958184
11.0919,0.957718
11.1038,0.957355
11.1157,0.957054
11.1276,0.956942
11.1395,0.956989
11.1515,0.957103
11.1635,0.95749
11.1755,0.957867
11.1876,0.95803
11.1997,0.957593
11.2118,0.956951
11.2239,0.95676
11.2361,0.956274
11.2483,0.95557
11.2605,0.954984
11.2727,0.95456
11.285,0.954505
11.2973,0.954517
11.3096,0.95422
11.322,0.953657
11.3343,0.953484
11.3467,0.953865
11.3592,0.95413
11.3716,0.954401
11.3841,0.954661
11.3966,0.954691
11.4091,0.954871
11.4217,0.955187
11.4343,0.955062
11.4469,0.954181
11.4596,0.953498
11.4722,0.953424
11.4849,0.953348
11.4977,0.953207
11.5104,0.953167
11.5232,0.953292
11.536,0.953995
11.5489,0.955558
11.5618,0.957034
11.5747,0.957701
11.5876,0.958037
11.6006,0.958291
11.6136,0.958639
11.6266,0.959235
11.6396,0.960033
11.6527,0.960871
11.6658,0.96185
11.679,0.96292
11.6921,0.963412
11.7053,0.963214
11.7185,0.9629
11.7318,0.962842
11.7451,0.962901
11.7584,0.96331
11.7717,0.964344
11.7851,0.965799
11.7985,0.967107
11.812,0.968167
11.8254,0.968795
11.8389,0.968591
11.8525,0.968405
11.866,0.96835
11.8796,0.967486
11.8932,0.966255
11.9069,0.965555
11.9206,0.965374
11.9343,0.965025
11.9481,0.964768
11.9618,0.964918
11.9756,0.965328
11.9895,0.966578
12.0034,0.967765
12.0173,0.968826
12.0312,0.970406
12.0452,0.971672
12.0592,0.972065
12.0732,0.971237
12.0873,0.970184
12.1014,0.969479
12.1155,0.96876
12.1297,0.968383
12.1439,0.968845
12.1582,0.971163
12.1724,0.97398
12.1867,0.975283
12.2011,0.975143
12.2154,0.973873
12.2298,0.97225
12.2443,0.970433
12.2588,0.968286
12.2733,0.966409
12.2878,0.965828
12.3024,0.966192
12.317,0.96656
12.3316,0.966855
12.3463,0.966518
12.361,0.965778
12.3758,0.965612
12.3906,0.965613
12.4054,0.964835
12.4202,0.963424
12.4351,0.962208
12.4501,0.960941
12.465,0.959712
12.48,0.958925
12.4951,0.957431
12.5101,0.955886
12.5253,0.955657
12.5404,0.955595
12.5556,0.955674
12.5708,0.956251
12.5861,0.957073
12.6013,0.958264
12.6167,0.959339
12.632,0.960135
12.6474,0.960047
12.6629,0.959532
12.6784,0.958729
12.6939,0.956822
12.7094,0.954861
12.725,0.953252
12.7407,0.951808
12.7563,0.950933
12.7721,0.950309
12.7878,0.949682
12.8036,0.949379
12.8194,0.949519
12.8353,0.949787
12.8512,0.950071
12.8671,0.950789
12.8831,0.951942
12.8991,0.952954
12.9152,0.953893
12.9313,0.954722
12.9475,0.954929
12.9636,0.955249
12.9799,0.956193
12.9961,0.957266
13.0124,0.957988
13.0288,0.958353
13.0452,0.958718
13.0616,0.959106
13.0781,0.959329
13.0946,0.959337
13.1111,0.959026
13.1277,0.958534
13.1444,0.958543
13.1611,0.95861
13.1778,0.95791
13.1945,0.95688
13.2113,0.956162
13.2282,0.955734
13.2451,0.955685
13.262,0.956279
13.279,0.956548
13.296,0.956261
13.3131,0.956284
13.3302,0.956478
13.3474,0.956443
13.3646,0.956292
13.3818,0.956512
13.3991,0.956519
13.4164,0.956481
13.4338,0.957177
13.4512,0.957548
13.4687,0.957149
13.4862,0.95664
13.5038,0.956645
13.5214,0.956744
13.539,0.955997
13.5567,0.954907
13.5745,0.954069
13.5923,0.953728
13.6101,0.954017
13.628,0.954177
13.6459,0.954007
13.6639,0.954453
13.6819,0.955494
13.7,0.956053
13.7181,0.955604
13.7363,0.955199
13.7545,0.956063
13.7728,0.957113
13.7911,0.957673
13.8095,0.958646
13.8279,0.960072
13.8463,0.961471
13.8649,0.962505
13.8834,0.962899
13.902,0.962629
13.9207,0.962209
13.9394,0.961776
13.9582,0.960716
13.977,0.959629
13.9958,0.959397
