# Short-wave reflectance (fraction) of roof tile cement red, 0.3481-2.506 um.
#
# source: MEASURED. SLUM, the Spectral Library of impervious Urban Materials: S. Kotthaus, T. E. L. Smith, M. J. Wooster, C. S. B. Grimmond (2014), Derivation of an urban materials spectral library through emittance and reflectance spectroscopy, ISPRS J. Photogramm. Remote Sens. 94, 194-212, doi:10.1016/j.isprsjprs.2014.05.005; data doi:10.5281/zenodo.4263842 (MPL-2.0). Sample R008.
#   Copied by scripts/import_slum.py; wavelengths converted to micrometres and reflectance from percent to a fraction, otherwise unmodified.
#   Licence: Mozilla Public License 2.0, as SLUM is released; this file is a subset of it and stays under MPL-2.0 (https://mozilla.org/MPL/2.0/).
# Columns: wavelength in MICROMETRES, value.
0.3481,0.11992
0.3497,0.118284
0.3513,0.116844
0.3529,0.115602
0.3545,0.114557
0.3561,0.11371
0.3576,0.113774
0.3592,0.113381
0.3608,0.112834
0.3624,0.111944
0.3639,0.11106
0.3655,0.109961
0.3671,0.109073
0.3687,0.108476
0.3702,0.108231
0.3718,0.108234
0.3734,0.108383
0.3749,0.108474
0.3765,0.108599
0.378,0.10836
0.3796,0.107932
0.3811,0.107294
0.3827,0.106764
0.3842,0.106259
0.3858,0.105933
0.3873,0.105697
0.3889,0.105691
0.3904,0.105825
0.392,0.105847
0.3935,0.10564
0.395,0.105307
0.3966,0.104835
0.3981,0.104412
0.3996,0.103997
0.4012,0.103702
0.4027,0.103434
0.4042,0.10336
0.4058,0.10337
0.4073,0.103418
0.4088,0.103498
0.4104,0.103566
0.4119,0.103526
0.4134,0.103428
0.4149,0.103264
0.4165,0.103014
0.418,0.102734
0.4195,0.102468
0.421,0.102267
0.4225,0.10216
0.4241,0.102136
0.4256,0.1022
0.4271,0.102263
0.4286,0.10238
0.4301,0.102523
0.4316,0.102628
0.4331,0.102733
0.4347,0.102751
0.4362,0.102755
0.4377,0.102729
0.4392,0.102668
0.4407,0.102625
0.4422,0.102563
0.4437,0.102563
0.4452,0.102566
0.4467,0.102641
0.4482,0.102737
0.4497,0.102816
0.4512,0.102964
0.4527,0.10311
0.4542,0.103222
0.4557,0.103312
0.4572,0.103395
0.4587,0.103458
0.4602,0.103502
0.4617,0.103561
0.4632,0.103596
0.4647,0.103628
0.4662,0.103709
0.4677,0.103791
0.4692,0.103873
0.4707,0.103984
0.4722,0.104156
0.4737,0.104314
0.4752,0.104475
0.4766,0.104635
0.4781,0.10479
0.4796,0.104949
0.4811,0.105107
0.4826,0.105245
0.4841,0.105366
0.4856,0.105503
0.4871,0.105636
0.4885,0.105763
0.49,0.105879
0.4915,0.106024
0.493,0.106197
0.4945,0.106387
0.4959,0.106605
0.4974,0.10681
0.4989,0.10703
0.5004,0.107278
0.5019,0.107541
0.5034,0.107812
0.5048,0.108066
0.5063,0.108334
0.5078,0.108587
0.5092,0.108835
0.5107,0.109077
0.5122,0.109307
0.5137,0.109534
0.5151,0.109763
0.5166,0.109995
0.5181,0.11022
0.5196,0.110456
0.521,0.110684
0.5225,0.110937
0.524,0.111228
0.5254,0.111547
0.5269,0.111912
0.5284,0.112305
0.5298,0.112726
0.5313,0.113186
0.5328,0.113682
0.5342,0.114215
0.5357,0.114772
0.5371,0.1154
0.5386,0.116078
0.5401,0.116834
0.5415,0.117663
0.543,0.11857
0.5445,0.119552
0.5459,0.120628
0.5474,0.121795
0.5488,0.123049
0.5503,0.124455
0.5517,0.126022
0.5532,0.127764
0.5546,0.129715
0.5561,0.131867
0.5575,0.134236
0.559,0.136835
0.5604,0.139662
0.5619,0.142725
0.5633,0.146045
0.5648,0.149666
0.5662,0.153539
0.5677,0.157663
0.5691,0.162022
0.5706,0.16661
0.572,0.171367
0.5735,0.176274
0.5749,0.181329
0.5763,0.186518
0.5778,0.19182
0.5792,0.197174
0.5806,0.202553
0.5821,0.207912
0.5835,0.213234
0.585,0.218464
0.5864,0.223525
0.5878,0.228408
0.5893,0.233144
0.5907,0.237707
0.5921,0.24206
0.5935,0.24619
0.595,0.250101
0.5964,0.253763
0.5978,0.2572
0.5993,0.260361
0.6007,0.263277
0.6021,0.265951
0.6035,0.268425
0.605,0.270715
0.6064,0.272781
0.6078,0.274719
0.6092,0.276518
0.6106,0.278191
0.6121,0.27974
0.6135,0.281177
0.6149,0.282508
0.6163,0.283729
0.6177,0.284847
0.6191,0.285865
0.6205,0.286781
0.622,0.287662
0.6234,0.288494
0.6248,0.289282
0.6262,0.290026
0.6276,0.290765
0.629,0.291444
0.6304,0.292078
0.6318,0.292669
0.6332,0.293278
0.6346,0.293957
0.636,0.294672
0.6374,0.295458
0.6388,0.296206
0.6402,0.296972
0.6416,0.297723
0.643,0.29841
0.6444,0.298996
0.6458,0.299507
0.6472,0.30006
0.6485,0.300618
0.6499,0.301185
0.6513,0.301779
0.6527,0.302334
0.6541,0.302922
0.6555,0.303503
0.6569,0.304091
0.6582,0.304619
0.6596,0.305151
0.661,0.305715
0.6624,0.306269
0.6638,0.306864
0.6651,0.307448
0.6665,0.308095
0.6679,0.308745
0.6693,0.309412
0.6706,0.310096
0.672,0.310779
0.6734,0.311462
0.6747,0.312196
0.6761,0.312931
0.6775,0.313639
0.6788,0.314345
0.6802,0.315087
0.6815,0.315819
0.6829,0.316581
0.6843,0.317339
0.6856,0.318105
0.687,0.318878
0.6883,0.319677
0.6897,0.320404
0.691,0.321087
0.6924,0.321786
0.6937,0.322448
0.6951,0.323128
0.6964,0.323822
0.6978,0.324497
0.6991,0.325168
0.7005,0.325861
0.7018,0.326522
0.7032,0.327151
0.7045,0.327772
0.7058,0.328367
0.7072,0.328922
0.7085,0.329506
0.7098,0.330074
0.7112,0.330616
0.7125,0.331175
0.7138,0.331734
0.7152,0.332268
0.7165,0.332789
0.7178,0.33325
0.7191,0.333711
0.7205,0.334182
0.7218,0.334675
0.7231,0.33516
0.7244,0.33562
0.7258,0.336102
0.7271,0.336535
0.7284,0.336904
0.7297,0.337222
0.731,0.337475
0.7323,0.337746
0.7336,0.338011
0.735,0.338283
0.7363,0.338535
0.7376,0.338769
0.7389,0.339011
0.7402,0.339207
0.7415,0.339375
0.7428,0.339516
0.7441,0.339665
0.7454,0.339784
0.7467,0.339887
0.748,0.339958
0.7493,0.339974
0.7506,0.339975
0.7519,0.339927
0.7531,0.339877
0.7544,0.33982
0.7557,0.339765
0.757,0.339715
0.7583,0.339638
0.7596,0.339567
0.7609,0.339474
0.7621,0.339381
0.7634,0.339244
0.7647,0.33909
0.766,0.33898
0.7673,0.338846
0.7685,0.338707
0.7698,0.33853
0.7711,0.338377
0.7724,0.338231
0.7736,0.338076
0.7749,0.337899
0.7762,0.33766
0.7774,0.337457
0.7787,0.337235
0.78,0.337047
0.7812,0.336847
0.7825,0.336641
0.7837,0.336447
0.785,0.336248
0.7863,0.336029
0.7875,0.335786
0.7888,0.335555
0.79,0.335316
0.7913,0.335069
0.7925,0.334862
0.7938,0.33464
0.795,0.334411
0.7963,0.33415
0.7975,0.333882
0.7988,0.333629
0.8,0.333427
0.8012,0.333247
0.8025,0.333048
0.8037,0.332885
0.805,0.332679
0.8062,0.332526
0.8074,0.332297
0.8087,0.332046
0.8099,0.331795
0.8111,0.331531
0.8124,0.331288
0.8136,0.331029
0.8148,0.330799
0.816,0.330548
0.8172,0.330291
0.8185,0.330049
0.8197,0.329747
0.8209,0.329511
0.8221,0.329266
0.8234,0.329018
0.8246,0.328807
0.8258,0.32856
0.827,0.328376
0.8282,0.328149
0.8294,0.327934
0.8306,0.327736
0.8318,0.327561
0.833,0.327353
0.8342,0.327189
0.8355,0.327044
0.8366,0.326887
0.8379,0.32673
0.839,0.326601
0.8402,0.326449
0.8415,0.326341
0.8426,0.326275
0.8438,0.326154
0.845,0.325991
0.8462,0.325905
0.8474,0.325783
0.8486,0.325736
0.8498,0.325674
0.851,0.325635
0.8522,0.325608
0.8533,0.325568
0.8545,0.325572
0.8557,0.325492
0.8569,0.325547
0.8581,0.325519
0.8592,0.325525
0.8604,0.325567
0.8616,0.325565
0.8628,0.325624
0.8639,0.325644
0.8651,0.325634
0.8663,0.325641
0.8674,0.325626
0.8686,0.325731
0.8698,0.325741
0.8709,0.32583
0.8721,0.325829
0.8732,0.325905
0.8744,0.325984
0.8755,0.326101
0.8767,0.326191
0.8779,0.326214
0.879,0.326342
0.8801,0.326431
0.8813,0.32658
0.8825,0.326688
0.8836,0.326774
0.8847,0.326856
0.8859,0.326926
0.887,0.327062
0.8881,0.327125
0.8893,0.327169
0.8904,0.327256
0.8916,0.327341
0.8927,0.327514
0.8938,0.327623
0.895,0.327774
0.8961,0.327881
0.8972,0.328079
0.8983,0.328301
0.8994,0.328509
0.9006,0.328722
0.9017,0.328948
0.9028,0.329228
0.9039,0.329454
0.905,0.329669
0.9061,0.329813
0.9072,0.33003
0.9083,0.330214
0.9094,0.330352
0.9105,0.330567
0.9116,0.330747
0.9128,0.33103
0.9138,0.33117
0.9149,0.33136
0.916,0.331576
0.9171,0.331706
0.9182,0.331958
0.9193,0.332134
0.9204,0.332424
0.9215,0.332684
0.9225,0.33298
0.9236,0.333296
0.9247,0.333499
0.9258,0.333856
0.9268,0.334149
0.9279,0.334467
0.929,0.334789
0.93,0.335124
0.9311,0.335494
0.9321,0.335775
0.9332,0.336144
0.9343,0.336359
0.9353,0.336615
0.9364,0.336773
0.9374,0.336958
0.9385,0.337198
0.9395,0.337315
0.9405,0.337611
0.9416,0.337825
0.9426,0.338286
0.9436,0.338636
0.9447,0.338846
0.9457,0.339206
0.9467,0.339489
0.9477,0.339883
0.9488,0.340126
0.9498,0.340375
0.9508,0.340567
0.9518,0.340653
0.9528,0.340917
0.9538,0.340904
0.9548,0.341219
0.9558,0.34155
0.9568,0.341997
0.9578,0.342366
0.9587,0.342631
0.9597,0.342961
0.9607,0.342965
0.9617,0.343481
0.9626,0.343938
0.9636,0.344311
0.9646,0.344765
0.9655,0.344813
0.9665,0.345064
0.9675,0.34485
0.9684,0.345028
0.9694,0.344861
0.9703,0.345025
0.9712,0.345652
0.9722,0.346133
0.9731,0.346477
0.974,0.346854
0.9749,0.34739
0.9759,0.347958
0.9768,0.348144
0.9777,0.348552
0.9786,0.348178
0.9795,0.348194
0.9816,0.348074
0.9854,0.348332
0.9893,0.348088
0.9931,0.348103
0.997,0.348318
1.0008,0.348605
1.0047,0.348548
1.0085,0.348482
1.0124,0.348202
1.0162,0.34844
1.0201,0.348906
1.0239,0.349748
1.0278,0.350018
1.0316,0.350682
1.0354,0.351193
1.0393,0.351587
1.0431,0.351457
1.047,0.351197
1.0508,0.350909
1.0547,0.351128
1.0585,0.351386
1.0623,0.351962
1.0662,0.35235
1.07,0.352996
1.0738,0.353263
1.0777,0.353504
1.0815,0.353535
1.0853,0.353542
1.0892,0.353537
1.093,0.353587
1.0968,0.35353
1.1007,0.353696
1.1045,0.353554
1.1083,0.353617
1.1122,0.353616
1.116,0.353725
1.1198,0.353676
1.1237,0.35361
1.1275,0.353771
1.1313,0.354186
1.1351,0.354548
1.139,0.354997
1.1428,0.355124
1.1466,0.355333
1.1504,0.355348
1.1542,0.355188
1.158,0.354838
1.1619,0.354754
1.1657,0.355003
1.1695,0.355263
1.1733,0.355382
1.1771,0.35566
1.1809,0.355703
1.1847,0.355861
1.1885,0.355735
1.1923,0.355757
1.1961,0.355653
1.1999,0.355677
1.2037,0.355437
1.2075,0.355186
1.2113,0.355154
1.2151,0.355236
1.2189,0.355165
1.2227,0.355161
1.2265,0.355226
1.2303,0.355525
1.2341,0.355599
1.2379,0.355822
1.2417,0.355968
1.2455,0.356365
1.2492,0.356635
1.253,0.356725
1.2568,0.356703
1.2606,0.356623
1.2643,0.356516
1.2681,0.356531
1.2719,0.356496
1.2757,0.356518
1.2794,0.356555
1.2832,0.356682
1.287,0.356685
1.2907,0.356618
1.2945,0.356458
1.2982,0.356359
1.302,0.356149
1.3057,0.356015
1.3095,0.355715
1.3132,0.355628
1.317,0.355727
1.3207,0.35589
1.3245,0.35622
1.3282,0.356384
1.332,0.356513
1.3357,0.356909
1.3394,0.357288
1.3432,0.35754
1.3469,0.357573
1.3506,0.35781
1.3543,0.357995
1.3581,0.357879
1.3618,0.357572
1.3655,0.357221
1.3692,0.356677
1.3729,0.356213
1.3767,0.355755
1.3804,0.355288
1.3841,0.354759
1.3878,0.354267
1.3915,0.353493
1.3952,0.352696
1.3989,0.351963
1.4026,0.351313
1.4063,0.350639
1.41,0.349973
1.4136,0.34937
1.4173,0.349098
1.421,0.349042
1.4247,0.348862
1.4283,0.348613
1.432,0.348794
1.4357,0.348722
1.4394,0.34879
1.443,0.348826
1.4467,0.348831
1.4503,0.349034
1.454,0.349257
1.4577,0.349443
1.4613,0.349678
1.465,0.350153
1.4686,0.350404
1.4722,0.350448
1.4759,0.350654
1.4795,0.350781
1.4832,0.351172
1.4868,0.351559
1.4904,0.352001
1.494,0.352549
1.4977,0.353306
1.5013,0.353972
1.5049,0.354323
1.5085,0.354721
1.5121,0.354905
1.5157,0.355312
1.5193,0.355749
1.5229,0.355856
1.5265,0.356168
1.5301,0.356527
1.5337,0.35701
1.5373,0.357407
1.5408,0.357812
1.5444,0.358174
1.548,0.358541
1.5516,0.359113
1.5551,0.359367
1.5587,0.359259
1.5623,0.359392
1.5658,0.359802
1.5694,0.360402
1.5729,0.360803
1.5765,0.360912
1.58,0.361241
1.5836,0.361464
1.5871,0.361233
1.5906,0.360904
1.5942,0.36062
1.5977,0.3608
1.6012,0.361361
1.6047,0.362065
1.6082,0.36264
1.6117,0.362967
1.6152,0.363358
1.6188,0.363549
1.6222,0.363564
1.6258,0.36333
1.6292,0.36297
1.6327,0.362805
1.6362,0.362919
1.6397,0.362973
1.6432,0.363072
1.6466,0.363119
1.6501,0.363389
1.6536,0.36394
1.657,0.36456
1.6605,0.364526
1.6639,0.364405
1.6674,0.364529
1.6708,0.364558
1.6743,0.364344
1.6777,0.364126
1.6811,0.364076
1.6845,0.364477
1.688,0.364786
1.6914,0.365038
1.6948,0.365053
1.6982,0.365231
1.7016,0.365716
1.705,0.365765
1.7084,0.365819
1.7118,0.365689
1.7152,0.36582
1.7186,0.366268
1.722,0.366638
1.7253,0.366869
1.7287,0.367053
1.7321,0.367301
1.7354,0.367748
1.7388,0.367858
1.7421,0.36799
1.7455,0.367823
1.7488,0.367742
1.7522,0.367812
1.7555,0.368031
1.7588,0.367835
1.7621,0.367544
1.7655,0.367244
1.7688,0.36718
1.7721,0.367014
1.7754,0.367123
1.7787,0.366943
1.782,0.366807
1.7853,0.36688
1.7885,0.367027
1.7918,0.366889
1.7951,0.366922
1.7984,0.366929
1.8016,0.367086
1.8049,0.367159
1.8082,0.36707
1.8114,0.366582
1.8146,0.366126
1.8179,0.365836
1.8211,0.365585
1.8243,0.365322
1.8276,0.365393
1.8308,0.365666
1.834,0.366006
1.8372,0.365476
1.8404,0.364438
1.8436,0.363331
1.8468,0.362712
1.85,0.362118
1.8532,0.361327
1.8564,0.360493
1.8595,0.36045
1.8627,0.36028
1.8659,0.359304
1.869,0.357709
1.8722,0.355466
1.8753,0.352677
1.8785,0.349479
1.8816,0.345525
1.8817,0.341331
1.8845,0.337182
1.8872,0.333477
1.89,0.329483
1.8928,0.325611
1.8955,0.322309
1.8983,0.318673
1.901,0.314751
1.9038,0.310721
1.9065,0.307214
1.9092,0.304295
1.912,0.30177
1.9147,0.29976
1.9174,0.298388
1.9202,0.297451
1.9229,0.296795
1.9256,0.296226
1.9283,0.295722
1.9311,0.295517
1.9338,0.295595
1.9365,0.295823
1.9392,0.29607
1.9419,0.296545
1.9446,0.297086
1.9473,0.29734
1.95,0.29769
1.9527,0.2982
1.9554,0.29892
1.9581,0.299593
1.9608,0.30032
1.9635,0.301139
1.9662,0.301918
1.9689,0.30276
1.9716,0.303607
1.9743,0.304282
1.9769,0.305286
1.9796,0.306247
1.9823,0.307043
1.985,0.307622
1.9876,0.308366
1.9903,0.308973
1.993,0.309536
1.9956,0.310126
1.9983,0.310815
2.0009,0.311519
2.0036,0.31244
2.0062,0.313194
2.0089,0.314134
2.0115,0.314986
2.0142,0.315889
2.0168,0.316456
2.0195,0.31706
2.0221,0.317643
2.0247,0.318145
2.0273,0.318621
2.03,0.319155
2.0326,0.319716
2.0352,0.320465
2.0378,0.320878
2.0405,0.32119
2.0431,0.321348
2.0457,0.321681
2.0483,0.322002
2.0509,0.322202
2.0535,0.32236
2.0561,0.322625
2.0587,0.322914
2.0613,0.323243
2.0639,0.323462
2.0665,0.323688
2.0691,0.324136
2.0717,0.324739
2.0743,0.325195
2.0769,0.325741
2.0795,0.326165
2.082,0.326561
2.0846,0.326793
2.0872,0.326977
2.0898,0.327178
2.0923,0.327445
2.0949,0.327646
2.0975,0.327937
2.1,0.328155
2.1026,0.328548
2.1051,0.328752
2.1077,0.329178
2.1102,0.329486
2.1128,0.32979
2.1153,0.33017
2.1179,0.330633
2.1204,0.330933
2.123,0.33143
2.1255,0.331739
2.128,0.331756
2.1306,0.331624
2.1331,0.331556
2.1356,0.331166
2.1382,0.330864
2.1407,0.330614
2.1432,0.330469
2.1457,0.330092
2.1482,0.329775
2.1507,0.329506
2.1532,0.329279
2.1558,0.328827
2.1582,0.328188
2.1608,0.327536
2.1633,0.327164
2.1658,0.326642
2.1682,0.326148
2.1707,0.325533
2.1732,0.32514
2.1757,0.324869
2.1782,0.324643
2.1807,0.323956
2.1832,0.32326
2.1856,0.32276
2.1881,0.322536
2.1906,0.32221
2.1931,0.321905
2.1955,0.321523
2.198,0.321245
2.2004,0.320774
2.2029,0.320334
2.2054,0.319735
2.2078,0.319486
2.2103,0.3194
2.2127,0.319502
2.2152,0.319499
2.2176,0.319568
2.2201,0.31943
2.2225,0.319217
2.2249,0.318679
2.2274,0.318261
2.2298,0.317838
2.2322,0.317418
2.2347,0.316748
2.2371,0.316239
2.2395,0.315894
2.2419,0.315916
2.2443,0.315755
2.2468,0.315647
2.2492,0.315526
2.2516,0.315462
2.254,0.315332
2.2564,0.314968
2.2588,0.314463
2.2612,0.313997
2.2636,0.313272
2.266,0.312695
2.2684,0.312183
2.2708,0.312053
2.2732,0.311783
2.2756,0.311729
2.2779,0.311643
2.2803,0.311675
2.2827,0.311539
2.2851,0.31112
2.2874,0.310291
2.2898,0.30965
2.2922,0.3092
2.2946,0.309074
2.2969,0.308663
2.2993,0.308504
2.3016,0.308042
2.304,0.307762
2.3063,0.307274
2.3087,0.306703
2.311,0.305832
2.3134,0.305126
2.3157,0.304758
2.3181,0.304845
2.3204,0.304733
2.3228,0.304459
2.3251,0.303882
2.3274,0.303787
2.3297,0.303352
2.3321,0.302577
2.3344,0.301642
2.3367,0.301
2.339,0.300563
2.3413,0.300455
2.3437,0.300056
2.346,0.299795
2.3483,0.299611
2.3506,0.299755
2.3529,0.299368
2.3552,0.299003
2.3575,0.299006
2.3598,0.299375
2.3621,0.299692
2.3644,0.300038
2.3667,0.300052
2.3689,0.300052
2.3712,0.299724
2.3735,0.299187
2.3758,0.298492
2.3781,0.29754
2.3803,0.296755
2.3826,0.296417
2.3849,0.295883
2.3872,0.295478
2.3894,0.294857
2.3917,0.294411
2.3939,0.294073
2.3962,0.293758
2.3984,0.293344
2.4007,0.292618
2.4029,0.291716
2.4052,0.291395
2.4074,0.290664
2.4097,0.290015
2.4119,0.289245
2.4142,0.288846
2.4164,0.287928
2.4186,0.286656
2.4208,0.285495
2.4231,0.284726
2.4253,0.283501
2.4275,0.282892
2.4297,0.28243
2.432,0.282234
2.4342,0.281915
2.4364,0.281674
2.4386,0.28085
2.4408,0.280045
2.443,0.279296
2.4452,0.278666
2.4474,0.277514
2.4496,0.276537
2.4518,0.275703
2.454,0.275468
2.4562,0.275153
2.4584,0.274796
2.4606,0.274223
2.4627,0.273507
2.4649,0.272691
2.4671,0.271613
2.4693,0.269936
2.4714,0.268243
2.4736,0.26675
2.4758,0.266086
2.4779,0.265729
2.4801,0.265157
2.4823,0.264543
2.4844,0.263911
2.4866,0.263393
2.4887,0.262875
2.4909,0.262239
2.493,0.262015
2.4952,0.261925
2.4973,0.262026
2.4994,0.262332
2.5016,0.262844
2.5037,0.263561
2.5058,0.264485
