# Long-wave emissivity of slate roof, 8.002-14 um.
#
# source: MEASURED. SLUM, the Spectral Library of impervious Urban Materials: S. Kotthaus, T. E. L. Smith, M. J. Wooster, C. S. B. Grimmond (2014), Derivation of an urban materials spectral library through emittance and reflectance spectroscopy, ISPRS J. Photogramm. Remote Sens. 94, 194-212, doi:10.1016/j.isprsjprs.2014.05.005; data doi:10.5281/zenodo.4263842 (MPL-2.0). Sample L001d.
#   Copied by scripts/import_slum.py; wavelengths converted to micrometres and reflectance from percent to a fraction, otherwise unmodified.
#   Licence: Mozilla Public License 2.0, as SLUM is released; this file is a subset of it and stays under MPL-2.0 (https://mozilla.org/MPL/2.0/).
# Columns: wavelength in MICROMETRES, value.
8.00224,0.909987
8.00842,0.909718
8.01461,0.909208
8.02081,0.90867
8.02702,0.908045
8.03324,0.907146
8.03946,0.90617
8.0457,0.905564
8.05195,0.905029
8.0582,0.904299
8.06447,0.903406
8.07075,0.902042
8.07703,0.900546
8.08333,0.899317
8.08963,0.897953
8.09595,0.896408
8.10227,0.895156
8.10861,0.89438
8.11495,0.893567
8.12131,0.892438
8.12767,0.891199
8.13405,0.889799
8.14043,0.888347
8.14682,0.887105
8.15323,0.885767
8.15964,0.884231
8.16607,0.882941
8.1725,0.881956
8.17895,0.881145
8.18541,0.880481
8.19187,0.880028
8.19835,0.879646
8.20483,0.879136
8.21133,0.878814
8.21784,0.878737
8.22435,0.878608
8.23088,0.878529
8.23742,0.878561
8.24397,0.878585
8.25052,0.878565
8.25709,0.878534
8.26367,0.878499
8.27026,0.87826
8.27686,0.877896
8.28347,0.877677
8.29009,0.877565
8.29673,0.877443
8.30337,0.87728
8.31002,0.87716
8.31669,0.877182
8.32336,0.877421
8.33005,0.877794
8.33674,0.877927
8.34345,0.877796
8.35017,0.877502
8.3569,0.876884
8.36364,0.876116
8.37039,0.875464
8.37715,0.874992
8.38392,0.874606
8.3907,0.874271
8.3975,0.874036
8.4043,0.873756
8.41112,0.873404
8.41794,0.872979
8.42478,0.8724
8.43163,0.871915
8.43849,0.871639
8.44536,0.871204
8.45225,0.870607
8.45914,0.870006
8.46605,0.869285
8.47296,0.868541
8.47989,0.867931
8.48683,0.867541
8.49378,0.867226
8.50074,0.866887
8.50772,0.866445
8.5147,0.865748
8.5217,0.865248
8.52871,0.864901
8.53573,0.864441
8.54276,0.864209
8.5498,0.864261
8.55685,0.864614
8.56392,0.86536
8.571,0.866578
8.57809,0.868124
8.58519,0.870096
8.5923,0.872831
8.59943,0.876066
8.60656,0.879279
8.61371,0.882086
8.62087,0.884427
8.62804,0.885862
8.63523,0.886244
8.64242,0.885528
8.64963,0.883415
8.65685,0.880644
8.66408,0.877659
8.67133,0.874514
8.67858,0.871186
8.68585,0.868005
8.69313,0.865641
8.70043,0.863793
8.70773,0.862407
8.71505,0.861049
8.72238,0.85947
8.72972,0.858091
8.73708,0.856418
8.74444,0.854573
8.75182,0.852815
8.75921,0.851047
8.76662,0.849709
8.77403,0.848852
8.78146,0.848217
8.78891,0.847418
8.79636,0.846559
8.80383,0.845713
8.81131,0.844743
8.8188,0.844157
8.8263,0.84357
8.83382,0.842624
8.84135,0.841829
8.8489,0.841323
8.85645,0.841016
8.86402,0.840794
8.87161,0.840586
8.8792,0.840359
8.88681,0.840225
8.89443,0.840084
8.90207,0.839601
8.90971,0.838858
8.91738,0.837999
8.92505,0.837292
8.93274,0.836742
8.94044,0.836091
8.94815,0.835493
8.95588,0.835019
8.96362,0.834676
8.97137,0.834334
8.97914,0.834049
8.98692,0.833839
8.99472,0.833526
9.00252,0.833255
9.01035,0.832955
9.01818,0.832445
9.02603,0.831955
9.03389,0.831532
9.04177,0.831104
9.04966,0.830526
9.05756,0.829813
9.06548,0.829326
9.07341,0.828896
9.08136,0.828437
9.08932,0.82795
9.09729,0.82733
9.10527,0.826773
9.11328,0.826203
9.12129,0.825386
9.12932,0.824365
9.13736,0.82345
9.14542,0.822866
9.15349,0.82247
9.16158,0.822254
9.16968,0.822238
9.17779,0.822199
9.18592,0.822044
9.19407,0.821789
9.20223,0.82142
9.2104,0.820959
9.21858,0.82058
9.22679,0.820309
9.235,0.820241
9.24323,0.820486
9.25148,0.820746
9.25974,0.820797
9.26801,0.82098
9.2763,0.821461
9.28461,0.821818
9.29293,0.822128
9.30126,0.822704
9.30961,0.823429
9.31798,0.824227
9.32636,0.825153
9.33475,0.826001
9.34316,0.826782
9.35159,0.828029
9.36003,0.829799
9.36848,0.831971
9.37695,0.834899
9.38544,0.838309
9.39394,0.841569
9.40246,0.844736
9.41099,0.847704
9.41954,0.850071
9.4281,0.852173
9.43668,0.854293
9.44527,0.856073
9.45388,0.85759
9.46251,0.859024
9.47115,0.860088
9.47981,0.860508
9.48848,0.860519
9.49717,0.860229
9.50587,0.859587
9.51459,0.858976
9.52333,0.858212
9.53208,0.856905
9.54085,0.855267
9.54964,0.853345
9.55844,0.851179
9.56726,0.848964
9.57609,0.846923
9.58494,0.845397
9.59381,0.84429
9.60269,0.843338
9.61159,0.842435
9.62051,0.84165
9.62944,0.841077
9.63839,0.8407
9.64736,0.840541
9.65634,0.840745
9.66534,0.841419
9.67435,0.842413
9.68339,0.84352
9.69244,0.844485
9.7015,0.845216
9.71059,0.846123
9.71969,0.847285
9.72881,0.848252
9.73794,0.849095
9.74709,0.84996
9.75626,0.850805
9.76545,0.85159
9.77465,0.852404
9.78388,0.85339
9.79311,0.854324
9.80237,0.855263
9.81164,0.85605
9.82094,0.856377
9.83024,0.8567
9.83957,0.856987
9.84892,0.857166
9.85828,0.857441
9.86766,0.857736
9.87706,0.858262
9.88647,0.858861
9.8959,0.859488
9.90536,0.860209
9.91483,0.860825
9.92431,0.861507
9.93382,0.862131
9.94334,0.862519
9.95289,0.862785
9.96245,0.862956
9.97203,0.863131
9.98162,0.863284
9.99124,0.863375
10.0009,0.863479
10.0105,0.863571
10.0202,0.863676
10.0299,0.863832
10.0396,0.863904
10.0493,0.86386
10.0591,0.863881
10.0688,0.863908
10.0786,0.863854
10.0884,0.863765
10.0983,0.863678
10.1081,0.863721
10.118,0.863972
10.1278,0.864573
10.1377,0.865264
10.1477,0.865816
10.1576,0.866509
10.1676,0.867296
10.1775,0.868093
10.1875,0.868959
10.1975,0.869865
10.2076,0.870819
10.2176,0.871897
10.2277,0.873076
10.2378,0.874161
10.2479,0.875173
10.2581,0.876244
10.2682,0.877392
10.2784,0.87862
10.2886,0.879932
10.2988,0.881404
10.3091,0.882787
10.3193,0.884003
10.3296,0.885298
10.3399,0.886593
10.3502,0.887915
10.3605,0.889236
10.3709,0.890492
10.3813,0.891739
10.3917,0.893161
10.4021,0.89473
10.4126,0.895942
10.423,0.896983
10.4335,0.898146
10.444,0.899181
10.4545,0.90012
10.4651,0.900944
10.4757,0.901745
10.4863,0.902695
10.4969,0.9037
10.5075,0.904595
10.5182,0.905313
10.5288,0.906062
10.5395,0.906766
10.5503,0.907304
10.561,0.907905
10.5718,0.908622
10.5826,0.909453
10.5934,0.910239
10.6042,0.91075
10.6151,0.910994
10.6259,0.911095
10.6368,0.911171
10.6477,0.911004
10.6587,0.910729
10.6697,0.910814
10.6806,0.911161
10.6917,0.911625
10.7027,0.912104
10.7137,0.912436
10.7248,0.912586
10.7359,0.912687
10.7471,0.91292
10.7582,0.912955
10.7694,0.913014
10.7806,0.913382
10.7918,0.913702
10.803,0.914145
10.8143,0.914674
10.8256,0.915044
10.8369,0.915473
10.8482,0.916033
10.8596,0.916448
10.871,0.916674
10.8824,0.916814
10.8938,0.916823
10.9053,0.916706
10.9167,0.916529
10.9282,0.916497
10.9398,0.916674
10.9513,0.916901
10.9629,0.91716
10.9745,0.917518
10.9861,0.917934
10.9978,0.918027
11.0095,0.91797
11.0212,0.918084
11.0329,0.918227
11.0446,0.918633
11.0564,0.919077
11.0682,0.919067
11.08,0.919072
11.0919,0.919695
11.1038,0.920077
11.1157,0.920048
11.1276,0.920592
11.1395,0.921833
11.1515,0.923293
11.1635,0.924237
11.1755,0.924666
11.1876,0.924952
11.1997,0.925334
11.2118,0.925645
11.2239,0.925493
11.2361,0.925761
11.2483,0.926767
11.2605,0.927867
11.2727,0.928836
11.285,0.929433
11.2973,0.92987
11.3096,0.930316
11.322,0.930673
11.3343,0.930766
11.3467,0.93065
11.3592,0.930619
11.3716,0.930545
11.3841,0.930492
11.3966,0.93083
11.4091,0.931388
11.4217,0.931726
11.4343,0.93225
11.4469,0.933191
11.4596,0.933928
11.4722,0.934528
11.4849,0.934976
11.4977,0.935253
11.5104,0.935506
11.5232,0.935265
11.536,0.934803
11.5489,0.934744
11.5618,0.935263
11.5747,0.935884
11.5876,0.936516
11.6006,0.937605
11.6136,0.938828
11.6266,0.939637
11.6396,0.940099
11.6527,0.940457
11.6658,0.940537
11.679,0.940819
11.6921,0.941743
11.7053,0.942781
11.7185,0.943819
11.7318,0.944456
11.7451,0.944766
11.7584,0.944716
11.7717,0.944079
11.7851,0.94367
11.7985,0.943216
11.812,0.943581
11.8254,0.94593
11.8389,0.948371
11.8525,0.949368
11.866,0.949878
11.8796,0.950596
11.8932,0.951028
11.9069,0.951098
11.9206,0.95164
11.9343,0.952418
11.9481,0.953152
11.9618,0.954417
11.9756,0.954823
11.9895,0.953871
12.0034,0.953487
12.0173,0.953733
12.0312,0.953477
12.0452,0.953265
12.0592,0.953527
12.0732,0.953548
12.0873,0.953655
12.1014,0.954176
12.1155,0.954207
12.1297,0.954208
12.1439,0.955017
12.1582,0.955979
12.1724,0.956546
12.1867,0.957421
12.2011,0.958888
12.2154,0.960243
12.2298,0.96128
12.2443,0.961386
12.2588,0.960447
12.2733,0.959881
12.2878,0.959636
12.3024,0.958924
12.317,0.957936
12.3316,0.956984
12.3463,0.956458
12.361,0.956091
12.3758,0.955711
12.3906,0.955411
12.4054,0.955364
12.4202,0.956019
12.4351,0.956586
12.4501,0.956466
12.465,0.955488
12.48,0.953624
12.4951,0.952106
12.5101,0.950506
12.5253,0.94861
12.5404,0.947185
12.5556,0.945804
12.5708,0.94487
12.5861,0.944806
12.6013,0.94545
12.6167,0.945827
12.632,0.94544
12.6474,0.945669
12.6629,0.94634
12.6784,0.946558
12.6939,0.946448
12.7094,0.945532
12.725,0.944086
12.7407,0.943011
12.7563,0.942352
12.7721,0.941338
12.7878,0.939734
12.8036,0.938854
12.8194,0.939015
12.8353,0.939046
12.8512,0.938926
12.8671,0.939077
12.8831,0.939269
12.8991,0.939605
12.9152,0.940462
12.9313,0.941474
12.9475,0.941768
12.9636,0.941602
12.9799,0.941625
12.9961,0.941574
13.0124,0.941483
13.0288,0.941873
13.0452,0.942603
13.0616,0.943408
13.0781,0.944284
13.0946,0.944903
13.1111,0.944977
13.1277,0.94461
13.1444,0.944249
13.1611,0.943867
13.1778,0.943581
13.1945,0.943712
13.2113,0.94379
13.2282,0.943461
13.2451,0.942851
13.262,0.94227
13.279,0.941953
13.296,0.942099
13.3131,0.942435
13.3302,0.94264
13.3474,0.942819
13.3646,0.942844
13.3818,0.942328
13.3991,0.941228
13.4164,0.940178
13.4338,0.93944
13.4512,0.939076
13.4687,0.939278
13.4862,0.939449
13.5038,0.939589
13.5214,0.939994
13.539,0.940485
13.5567,0.941198
13.5745,0.941944
13.5923,0.942475
13.6101,0.942828
13.628,0.943584
13.6459,0.944698
13.6639,0.945654
13.6819,0.946878
13.7,0.948095
13.7181,0.948877
13.7363,0.949455
13.7545,0.949469
13.7728,0.948681
13.7911,0.947545
13.8095,0.946934
13.8279,0.947025
13.8463,0.947536
13.8649,0.948236
13.8834,0.94899
13.902,0.950044
13.9207,0.950873
13.9394,0.951526
13.9582,0.952067
13.977,0.951946
13.9958,0.951567
