# Spectral emissivity of magnesium polished, normal incidence, 0.248-24.8 um.
#
# source: COMPUTED from data/nk/magnesium.csv (see its source block) as the normal-incidence Fresnel
#   emissivity of a smooth surface, eps = 1 - |(n + ik - 1)/(n + ik + 1)|^2, on 400 log-spaced wavelengths
#   with n and k interpolated linearly in wavelength; scripts/import_material_spectra.py.
#   A polished laboratory surface: real parts are rougher and more oxidised, and both raise eps (section 4.5).
# Columns: wavelength in MICROMETRES, emissivity.
0.248,0.0848248
0.250879,0.0836515
0.253791,0.0824909
0.256737,0.0813428
0.259718,0.080207
0.262733,0.0790842
0.265783,0.0779741
0.268868,0.076877
0.271989,0.0757928
0.275147,0.0747211
0.278341,0.0736626
0.281572,0.0726171
0.284841,0.0715843
0.288147,0.0705647
0.291492,0.0695578
0.294876,0.0685637
0.298299,0.0675825
0.301762,0.066614
0.305265,0.0656583
0.308809,0.0647151
0.312394,0.0639857
0.31602,0.0633609
0.319689,0.0627382
0.3234,0.0621182
0.327154,0.0615008
0.330952,0.0608861
0.334794,0.0602743
0.33868,0.0596657
0.342612,0.05906
0.346589,0.0584578
0.350613,0.0578588
0.354683,0.0572633
0.3588,0.0566715
0.362965,0.0560833
0.367179,0.0554987
0.371441,0.0549181
0.375753,0.0543413
0.380115,0.0537685
0.384528,0.0531997
0.388992,0.052635
0.393507,0.0520745
0.398076,0.051518
0.402697,0.0509659
0.407371,0.0504181
0.4121,0.0498745
0.416884,0.049747
0.421724,0.049745
0.426619,0.0497276
0.431572,0.0496956
0.436582,0.0496496
0.44165,0.04959
0.446777,0.0495173
0.451963,0.0494323
0.45721,0.0493352
0.462518,0.0492266
0.467887,0.0491071
0.473318,0.0489769
0.478813,0.0488367
0.484371,0.0486868
0.489994,0.0485276
0.495682,0.0483596
0.501437,0.0481831
0.507258,0.0479985
0.513146,0.0478063
0.519103,0.0476066
0.525129,0.0474
0.531225,0.0471866
0.537392,0.0469669
0.54363,0.0467412
0.549941,0.0465097
0.556325,0.0462728
0.562784,0.0460307
0.569317,0.0457838
0.575926,0.0455322
0.582611,0.0452762
0.589375,0.0450161
0.596217,0.0447521
0.603138,0.0444845
0.610139,0.0442135
0.617222,0.0439392
0.624387,0.0441201
0.631636,0.0445481
0.638968,0.0449435
0.646386,0.0453078
0.653889,0.0456421
0.66148,0.0459475
0.669159,0.0462252
0.676927,0.0464763
0.684785,0.0467018
0.692735,0.0469028
0.700776,0.0470801
0.708912,0.0472348
0.717141,0.0473677
0.725466,0.0474797
0.733888,0.0475716
0.742407,0.0476443
0.751026,0.0476986
0.759744,0.0477351
0.768563,0.0477547
0.777485,0.047758
0.786511,0.0477456
0.795641,0.0477184
0.804878,0.0476768
0.814221,0.0476215
0.823673,0.047553
0.833235,0.048655
0.842908,0.0501981
0.852693,0.0516482
0.862591,0.0530093
0.872605,0.0542853
0.882735,0.0554798
0.892982,0.0565962
0.903348,0.057638
0.913835,0.0586084
0.924443,0.0595104
0.935175,0.0603471
0.946031,0.0611213
0.957013,0.0618356
0.968123,0.0624927
0.979361,0.0630951
0.99073,0.0636452
1.00223,0.0641452
1.01387,0.0645977
1.02564,0.0650043
1.03754,0.0653669
1.04959,0.0656882
1.06177,0.0659694
1.0741,0.0662126
1.08656,0.0664193
1.09918,0.0665914
1.11194,0.0667303
1.12485,0.0668376
1.1379,0.0669146
1.15111,0.0669629
1.16448,0.0669837
1.17799,0.0669783
1.19167,0.0669479
1.2055,0.0668938
1.2195,0.0668169
1.23365,0.0667186
1.24798,0.067692
1.26246,0.069419
1.27712,0.0710067
1.29194,0.0724597
1.30694,0.0737865
1.32211,0.0749924
1.33746,0.0760842
1.35299,0.0770678
1.36869,0.0779481
1.38458,0.0797391
1.40066,0.0827927
1.41692,0.0856431
1.43336,0.0882938
1.45,0.0907517
1.46684,0.0930209
1.48386,0.0951036
1.50109,0.0970086
1.51852,0.0987403
1.53614,0.100304
1.55398,0.102676
1.57202,0.108515
1.59026,0.114566
1.60872,0.120824
1.6274,0.12727
1.64629,0.133878
1.6654,0.140623
1.68474,0.147473
1.70429,0.154379
1.72408,0.161304
1.74409,0.168188
1.76434,0.174976
1.78482,0.179258
1.80554,0.182471
1.8265,0.185798
1.8477,0.18924
1.86915,0.192798
1.89085,0.196465
1.9128,0.19891
1.93501,0.197382
1.95747,0.195345
1.98019,0.192734
2.00318,0.189479
2.02643,0.185506
2.04996,0.180738
2.07375,0.173336
2.09783,0.161951
2.12218,0.15064
2.14682,0.139473
2.17174,0.128527
2.19695,0.11786
2.22245,0.107527
2.24825,0.0975669
2.27435,0.0929747
2.30075,0.0899579
2.32746,0.0870685
2.35448,0.0843003
2.38181,0.0816474
2.40946,0.0791036
2.43743,0.0766635
2.46573,0.0743217
2.49435,0.0726042
2.52331,0.0714563
2.5526,0.070331
2.58223,0.0692274
2.61221,0.068145
2.64253,0.0670835
2.67321,0.0660421
2.70424,0.0650206
2.73564,0.0640181
2.76739,0.0631369
2.79952,0.062426
2.83202,0.0617215
2.86489,0.0610235
2.89815,0.0603318
2.93179,0.0596468
2.96583,0.058968
3.00026,0.0582958
3.03509,0.0576302
3.07032,0.0569712
3.10596,0.0563861
3.14202,0.0561369
3.17849,0.0558808
3.21539,0.0556179
3.25272,0.0553487
3.29048,0.0550734
3.32867,0.0547924
3.36732,0.0545059
3.40641,0.0542142
3.44595,0.0539177
3.48595,0.0536164
3.52642,0.0533108
3.56736,0.0531405
3.60877,0.0530487
3.65066,0.0529484
3.69304,0.0528399
3.73591,0.0527235
3.77928,0.0525992
3.82315,0.0524674
3.86753,0.0523283
3.91243,0.052182
3.95785,0.0520289
4.00379,0.0518691
4.05027,0.0517028
4.09729,0.0515302
4.14485,0.0513687
4.19297,0.0512529
4.24165,0.0511302
4.29089,0.051001
4.3407,0.0508653
4.39109,0.0507234
4.44206,0.0505755
4.49363,0.0504216
4.54579,0.050262
4.59856,0.0500968
4.65195,0.0499262
4.70595,0.0497503
4.76058,0.0495693
4.81584,0.0493835
4.87175,0.0491928
4.9283,0.0489975
4.98551,0.0488294
5.04339,0.048695
5.10193,0.0485581
5.16116,0.0484186
5.22108,0.0482764
5.28168,0.0481318
5.343,0.0479846
5.40502,0.0478349
5.46777,0.0476828
5.53124,0.0475283
5.59545,0.0473714
5.66041,0.0472121
5.72612,0.0470506
5.79259,0.0468867
5.85983,0.0467206
5.92786,0.0465523
5.99667,0.0463818
6.06629,0.0462092
6.13671,0.0460345
6.20795,0.0458614
6.28001,0.0457127
6.35291,0.0455626
6.42666,0.045411
6.50127,0.045258
6.57674,0.0451035
6.65309,0.0449477
6.73032,0.0447904
6.80845,0.0446318
6.88749,0.0444718
6.96744,0.0443104
7.04832,0.0441477
7.13014,0.0439837
7.21292,0.0438184
7.29665,0.0436517
7.38135,0.0434839
7.46704,0.0433147
7.55372,0.0431443
7.64141,0.0429727
7.73012,0.0427998
7.81985,0.0426258
7.91063,0.0424506
8.00246,0.0422743
8.09536,0.0420968
8.18934,0.0419182
8.2844,0.041715
8.38057,0.041413
8.47786,0.0411118
8.57628,0.0408115
8.67584,0.0405121
8.77655,0.0402137
8.87843,0.0399161
8.9815,0.0396195
9.08576,0.0393239
9.19124,0.0390292
9.29794,0.0387355
9.40587,0.0384428
9.51506,0.0381512
9.62552,0.0378606
9.73726,0.037571
9.85029,0.0372825
9.96464,0.0369951
10.0803,0.0367088
10.1973,0.0364236
10.3157,0.0361395
10.4355,0.0358564
10.5566,0.0355746
10.6792,0.0352939
10.8031,0.0350145
10.9285,0.0347362
11.0554,0.034459
11.1837,0.0341832
11.3136,0.0339084
11.4449,0.033635
11.5778,0.0333627
11.7122,0.0330917
11.8481,0.0328221
11.9857,0.0325535
12.1248,0.0322864
12.2656,0.0320205
12.4079,0.0317664
12.552,0.0316907
12.6977,0.0316144
12.8451,0.0315376
12.9942,0.0314603
13.1451,0.0313824
13.2977,0.031304
13.452,0.0312251
13.6082,0.0311457
13.7662,0.0310657
13.926,0.0309853
14.0876,0.0309043
14.2512,0.0308228
14.4166,0.0307408
14.584,0.0306582
14.7533,0.0305751
14.9245,0.0304915
15.0978,0.0304074
15.273,0.0303228
15.4503,0.0302377
15.6297,0.030152
15.8111,0.0300658
15.9947,0.0299791
16.1804,0.0298919
16.3682,0.0298042
16.5582,0.029716
16.7504,0.0296272
16.9449,0.029538
17.1416,0.0294482
17.3406,0.029358
17.5419,0.0292673
17.7455,0.029176
17.9515,0.0290843
18.1599,0.0289921
18.3707,0.0288994
18.584,0.0288061
18.7997,0.0287125
19.0179,0.0286183
19.2387,0.0285236
19.462,0.0284285
19.688,0.0283329
19.9165,0.0282368
20.1477,0.0281403
20.3816,0.0280433
20.6182,0.0279458
20.8576,0.0278478
21.0997,0.0277495
21.3446,0.0276506
21.5924,0.0275513
21.8431,0.0274516
22.0966,0.0273515
22.3532,0.0272508
22.6126,0.0271498
22.8752,0.0270483
23.1407,0.0269464
23.4093,0.0268441
23.6811,0.0267414
23.956,0.0266383
24.2341,0.0265347
24.5154,0.0264308
24.8,0.0263265
