# Spectral reflectance of cinder block, 0.35-2.5 um.
#
# source: MEASURED. USGS Spectral Library Version 7 (Kokaly et al. 2017, U.S. Geological Survey Data Series 1035, doi:10.3133/ds1035; data doi:10.5066/F7RR1WDJ), splib07a, public domain.
#   Record: splib07a Record=18548: Cinder_Block GDS356 Lg Grey ASDFRa AREF (splib07a_Cinder_Block_GDS356_Lg_Grey_ASDFRa_AREF.txt); deleted channels dropped, otherwise unmodified.
#   Copied by scripts/import_paired_spectra.py. Directional reflectance of the sample as
#   measured; for an opaque surface the emissivity is 1 - reflectance (Kirchhoff).
# Columns: wavelength in MICROMETRES, reflectance.
0.35,0.277317
0.351,0.277334
0.352,0.277353
0.353,0.27757
0.354,0.277857
0.355,0.27811
0.356,0.278308
0.357,0.278462
0.358,0.278598
0.359,0.278745
0.36,0.278922
0.361,0.279142
0.362,0.27942
0.363,0.279735
0.364,0.28005
0.365,0.280329
0.366,0.28058
0.367,0.280833
0.368,0.281118
0.369,0.281448
0.37,0.281826
0.371,0.282249
0.372,0.282706
0.373,0.283174
0.374,0.283635
0.375,0.284085
0.376,0.284532
0.377,0.284987
0.378,0.285463
0.379,0.285974
0.38,0.286534
0.381,0.287134
0.382,0.28775
0.383,0.28836
0.384,0.288956
0.385,0.289535
0.386,0.290095
0.387,0.29064
0.388,0.291178
0.389,0.291717
0.39,0.292261
0.391,0.292809
0.392,0.293361
0.393,0.29391
0.394,0.294441
0.395,0.294942
0.396,0.295421
0.397,0.295891
0.398,0.296368
0.399,0.296845
0.4,0.297303
0.401,0.297728
0.402,0.298128
0.403,0.298529
0.404,0.298952
0.405,0.299396
0.406,0.299841
0.407,0.300273
0.408,0.300687
0.409,0.301091
0.41,0.301489
0.411,0.301885
0.412,0.302283
0.413,0.302684
0.414,0.303089
0.415,0.303492
0.416,0.303892
0.417,0.30429
0.418,0.304694
0.419,0.30511
0.42,0.305533
0.421,0.305954
0.422,0.306364
0.423,0.306767
0.424,0.307177
0.425,0.307606
0.426,0.308054
0.427,0.308517
0.428,0.30899
0.429,0.309466
0.43,0.309941
0.431,0.310409
0.432,0.310872
0.433,0.311335
0.434,0.311803
0.435,0.312273
0.436,0.312742
0.437,0.313204
0.438,0.313659
0.439,0.314106
0.44,0.314546
0.441,0.314979
0.442,0.315403
0.443,0.315818
0.444,0.316221
0.445,0.316609
0.446,0.31698
0.447,0.317337
0.448,0.317685
0.449,0.318031
0.45,0.318372
0.451,0.3187
0.452,0.319007
0.453,0.319296
0.454,0.319574
0.455,0.319845
0.456,0.320109
0.457,0.320359
0.458,0.32059
0.459,0.320805
0.46,0.321011
0.461,0.321214
0.462,0.321416
0.463,0.321613
0.464,0.321806
0.465,0.321992
0.466,0.322176
0.467,0.322356
0.468,0.322537
0.469,0.32272
0.47,0.322906
0.471,0.323095
0.472,0.323287
0.473,0.323482
0.474,0.323681
0.475,0.323887
0.476,0.324101
0.477,0.324326
0.478,0.32456
0.479,0.324805
0.48,0.325059
0.481,0.325324
0.482,0.325599
0.483,0.325887
0.484,0.326187
0.485,0.326502
0.486,0.326829
0.487,0.327162
0.488,0.327495
0.489,0.327832
0.49,0.328175
0.491,0.32853
0.492,0.328895
0.493,0.329265
0.494,0.329636
0.495,0.330009
0.496,0.330387
0.497,0.330773
0.498,0.331165
0.499,0.331556
0.5,0.33194
0.501,0.332317
0.502,0.332693
0.503,0.33307
0.504,0.333449
0.505,0.333825
0.506,0.334195
0.507,0.33456
0.508,0.334927
0.509,0.335299
0.51,0.335676
0.511,0.336053
0.512,0.336425
0.513,0.336792
0.514,0.337158
0.515,0.337526
0.516,0.337898
0.517,0.338274
0.518,0.338655
0.519,0.339038
0.52,0.339422
0.521,0.339803
0.522,0.340182
0.523,0.340562
0.524,0.340944
0.525,0.341329
0.526,0.341715
0.527,0.3421
0.528,0.342485
0.529,0.34287
0.53,0.343258
0.531,0.343645
0.532,0.344029
0.533,0.344407
0.534,0.34478
0.535,0.345153
0.536,0.345527
0.537,0.345903
0.538,0.346278
0.539,0.34665
0.54,0.347018
0.541,0.347385
0.542,0.347753
0.543,0.348123
0.544,0.348495
0.545,0.348867
0.546,0.349239
0.547,0.349609
0.548,0.349975
0.549,0.350338
0.55,0.350702
0.551,0.35107
0.552,0.351442
0.553,0.351816
0.554,0.352189
0.555,0.352561
0.556,0.352933
0.557,0.353304
0.558,0.353677
0.559,0.354053
0.56,0.354432
0.561,0.354815
0.562,0.3552
0.563,0.355586
0.564,0.355973
0.565,0.356356
0.566,0.356736
0.567,0.35711
0.568,0.357481
0.569,0.357848
0.57,0.358213
0.571,0.358574
0.572,0.358932
0.573,0.359285
0.574,0.359631
0.575,0.359967
0.576,0.360294
0.577,0.360611
0.578,0.360918
0.579,0.361215
0.58,0.361501
0.581,0.361773
0.582,0.362034
0.583,0.362281
0.584,0.362517
0.585,0.362743
0.586,0.362961
0.587,0.363175
0.588,0.363383
0.589,0.363584
0.59,0.363777
0.591,0.363961
0.592,0.364141
0.593,0.364319
0.594,0.364494
0.595,0.364661
0.596,0.364819
0.597,0.364967
0.598,0.365108
0.599,0.365244
0.6,0.365375
0.601,0.365499
0.602,0.365614
0.603,0.365719
0.604,0.365819
0.605,0.365915
0.606,0.366007
0.607,0.366095
0.608,0.366177
0.609,0.366251
0.61,0.366319
0.611,0.366379
0.612,0.366433
0.613,0.366487
0.614,0.366542
0.615,0.366597
0.616,0.366647
0.617,0.366686
0.618,0.366717
0.619,0.366742
0.62,0.366765
0.621,0.366786
0.622,0.366802
0.623,0.366811
0.624,0.366815
0.625,0.366819
0.626,0.366826
0.627,0.366836
0.628,0.366846
0.629,0.366851
0.63,0.366852
0.631,0.366851
0.632,0.366851
0.633,0.36685
0.634,0.366848
0.635,0.366842
0.636,0.366833
0.637,0.366824
0.638,0.366818
0.639,0.366815
0.64,0.366813
0.641,0.366809
0.642,0.366806
0.643,0.366804
0.644,0.366806
0.645,0.36681
0.646,0.366814
0.647,0.366816
0.648,0.366815
0.649,0.366815
0.65,0.366817
0.651,0.366821
0.652,0.366826
0.653,0.366833
0.654,0.366839
0.655,0.366843
0.656,0.366845
0.657,0.366846
0.658,0.366851
0.659,0.366861
0.66,0.366876
0.661,0.36689
0.662,0.366897
0.663,0.366898
0.664,0.366898
0.665,0.366901
0.666,0.366907
0.667,0.366916
0.668,0.366927
0.669,0.366938
0.67,0.366947
0.671,0.366952
0.672,0.366955
0.673,0.366958
0.674,0.366965
0.675,0.366976
0.676,0.366988
0.677,0.366998
0.678,0.367005
0.679,0.36701
0.68,0.367012
0.681,0.367013
0.682,0.367012
0.683,0.367009
0.684,0.367006
0.685,0.367003
0.686,0.367004
0.687,0.367006
0.688,0.367007
0.689,0.367003
0.69,0.366997
0.691,0.36699
0.692,0.366986
0.693,0.366984
0.694,0.366984
0.695,0.366985
0.696,0.366986
0.697,0.366988
0.698,0.366988
0.699,0.366988
0.7,0.366985
0.701,0.36698
0.702,0.366973
0.703,0.366964
0.704,0.366951
0.705,0.366936
0.706,0.366924
0.707,0.366915
0.708,0.36691
0.709,0.366906
0.71,0.366902
0.711,0.366895
0.712,0.366888
0.713,0.366879
0.714,0.366868
0.715,0.366854
0.716,0.366839
0.717,0.366822
0.718,0.366806
0.719,0.366792
0.72,0.366779
0.721,0.366765
0.722,0.36675
0.723,0.366732
0.724,0.366713
0.725,0.366695
0.726,0.366676
0.727,0.366653
0.728,0.366625
0.729,0.366592
0.73,0.366558
0.731,0.366526
0.732,0.366496
0.733,0.366468
0.734,0.36644
0.735,0.366414
0.736,0.366387
0.737,0.366358
0.738,0.366328
0.739,0.366294
0.74,0.366256
0.741,0.366215
0.742,0.366172
0.743,0.366128
0.744,0.366085
0.745,0.366041
0.746,0.365995
0.747,0.365949
0.748,0.365905
0.749,0.365864
0.75,0.365824
0.751,0.365784
0.752,0.365741
0.753,0.365694
0.754,0.365644
0.755,0.365591
0.756,0.365537
0.757,0.365483
0.758,0.365428
0.759,0.365372
0.76,0.365313
0.761,0.365248
0.762,0.365179
0.763,0.365109
0.764,0.36504
0.765,0.364972
0.766,0.364904
0.767,0.364835
0.768,0.364763
0.769,0.364688
0.77,0.36461
0.771,0.36453
0.772,0.364454
0.773,0.364383
0.774,0.364318
0.775,0.364252
0.776,0.364182
0.777,0.364106
0.778,0.364027
0.779,0.363947
0.78,0.363866
0.781,0.363785
0.782,0.363705
0.783,0.363626
0.784,0.363546
0.785,0.363465
0.786,0.363383
0.787,0.3633
0.788,0.363217
0.789,0.363133
0.79,0.363048
0.791,0.362961
0.792,0.362873
0.793,0.362785
0.794,0.362697
0.795,0.362608
0.796,0.362518
0.797,0.362426
0.798,0.362334
0.799,0.362242
0.8,0.362153
0.801,0.362066
0.802,0.361978
0.803,0.361888
0.804,0.361795
0.805,0.361702
0.806,0.36161
0.807,0.361519
0.808,0.361426
0.809,0.36133
0.81,0.361231
0.811,0.361131
0.812,0.361033
0.813,0.360936
0.814,0.360839
0.815,0.360739
0.816,0.360638
0.817,0.360537
0.818,0.360441
0.819,0.360346
0.82,0.360253
0.821,0.36016
0.822,0.360064
0.823,0.359967
0.824,0.359867
0.825,0.359765
0.826,0.359663
0.827,0.359561
0.828,0.359461
0.829,0.359363
0.83,0.359269
0.831,0.359176
0.832,0.359081
0.833,0.35898
0.834,0.358875
0.835,0.35877
0.836,0.358669
0.837,0.358571
0.838,0.358474
0.839,0.358376
0.84,0.358277
0.841,0.358178
0.842,0.358079
0.843,0.357982
0.844,0.357887
0.845,0.357797
0.846,0.357709
0.847,0.357619
0.848,0.357526
0.849,0.357428
0.85,0.357327
0.851,0.357225
0.852,0.357122
0.853,0.357018
0.854,0.356913
0.855,0.356807
0.856,0.356702
0.857,0.356597
0.858,0.356496
0.859,0.356402
0.86,0.35632
0.861,0.356244
0.862,0.356167
0.863,0.35608
0.864,0.355984
0.865,0.355883
0.866,0.355781
0.867,0.35568
0.868,0.355583
0.869,0.355493
0.87,0.355409
0.871,0.355329
0.872,0.355248
0.873,0.355166
0.874,0.355081
0.875,0.354989
0.876,0.354895
0.877,0.3548
0.878,0.354709
0.879,0.354623
0.88,0.354541
0.881,0.35446
0.882,0.354382
0.883,0.354306
0.884,0.354235
0.885,0.354165
0.886,0.354095
0.887,0.354022
0.888,0.353946
0.889,0.353869
0.89,0.353794
0.891,0.35372
0.892,0.353648
0.893,0.353577
0.894,0.353506
0.895,0.353434
0.896,0.353361
0.897,0.353288
0.898,0.353215
0.899,0.353146
0.9,0.35308
0.901,0.353016
0.902,0.352953
0.903,0.352889
0.904,0.352823
0.905,0.352754
0.906,0.352682
0.907,0.35261
0.908,0.35254
0.909,0.352472
0.91,0.352403
0.911,0.352331
0.912,0.35226
0.913,0.352194
0.914,0.352139
0.915,0.35209
0.916,0.35204
0.917,0.35198
0.918,0.351913
0.919,0.351848
0.92,0.351794
0.921,0.35175
0.922,0.35171
0.923,0.351668
0.924,0.351622
0.925,0.351572
0.926,0.351516
0.927,0.351458
0.928,0.351404
0.929,0.351356
0.93,0.351315
0.931,0.351275
0.932,0.351231
0.933,0.351186
0.934,0.351143
0.935,0.351106
0.936,0.351072
0.937,0.351035
0.938,0.35099
0.939,0.350939
0.94,0.350889
0.941,0.350846
0.942,0.350809
0.943,0.350772
0.944,0.350729
0.945,0.350683
0.946,0.35064
0.947,0.350607
0.948,0.350582
0.949,0.350556
0.95,0.350524
0.951,0.350486
0.952,0.350447
0.953,0.350412
0.954,0.350382
0.955,0.35035
0.956,0.350314
0.957,0.350272
0.958,0.350227
0.959,0.350178
0.96,0.350131
0.961,0.350088
0.962,0.350053
0.963,0.350022
0.964,0.34999
0.965,0.34995
0.966,0.349906
0.967,0.349869
0.968,0.349849
0.969,0.349842
0.97,0.349834
0.971,0.349815
0.972,0.349786
0.973,0.349757
0.974,0.349735
0.975,0.34972
0.976,0.349707
0.977,0.349689
0.978,0.349668
0.979,0.349645
0.98,0.349624
0.981,0.349604
0.982,0.349584
0.983,0.349562
0.984,0.349536
0.985,0.349505
0.986,0.349464
0.987,0.349419
0.988,0.349377
0.989,0.349346
0.99,0.349323
0.991,0.349305
0.992,0.349284
0.993,0.34926
0.994,0.34923
0.995,0.349196
0.996,0.349157
0.997,0.349112
0.998,0.349064
0.999,0.349024
1,0.34901
1.001,0.349036
1.002,0.349093
1.003,0.349159
1.004,0.349211
1.005,0.349231
1.006,0.349214
1.007,0.349158
1.008,0.349068
1.009,0.348971
1.01,0.348897
1.011,0.348863
1.012,0.348852
1.013,0.348848
1.014,0.348837
1.015,0.348818
1.016,0.348792
1.017,0.348759
1.018,0.348725
1.019,0.348693
1.02,0.348659
1.021,0.348608
1.022,0.348519
1.023,0.348392
1.024,0.348269
1.025,0.348201
1.026,0.348208
1.027,0.348244
1.028,0.348255
1.029,0.348213
1.03,0.34815
1.031,0.348105
1.032,0.348099
1.033,0.348108
1.034,0.348103
1.035,0.348069
1.036,0.348022
1.037,0.347984
1.038,0.347965
1.039,0.347953
1.04,0.347935
1.041,0.347903
1.042,0.34786
1.043,0.347814
1.044,0.347766
1.045,0.347717
1.046,0.347663
1.047,0.347605
1.048,0.347547
1.049,0.347494
1.05,0.347447
1.051,0.347404
1.052,0.34736
1.053,0.347314
1.054,0.347273
1.055,0.347245
1.056,0.34723
1.057,0.347219
1.058,0.3472
1.059,0.347166
1.06,0.347118
1.061,0.347062
1.062,0.347004
1.063,0.346951
1.064,0.346913
1.065,0.346893
1.066,0.346879
1.067,0.346855
1.068,0.346815
1.069,0.34677
1.07,0.346734
1.071,0.346712
1.072,0.346692
1.073,0.34666
1.074,0.346612
1.075,0.346561
1.076,0.346527
1.077,0.346515
1.078,0.346513
1.079,0.346502
1.08,0.346475
1.081,0.346438
1.082,0.346401
1.083,0.346371
1.084,0.346347
1.085,0.346326
1.086,0.346307
1.087,0.346285
1.088,0.346258
1.089,0.346227
1.09,0.3462
1.091,0.346189
1.092,0.346196
1.093,0.346208
1.094,0.346211
1.095,0.346195
1.096,0.346168
1.097,0.34614
1.098,0.346117
1.099,0.346098
1.1,0.346082
1.101,0.346067
1.102,0.346052
1.103,0.346038
1.104,0.346024
1.105,0.34601
1.106,0.345996
1.107,0.345983
1.108,0.345974
1.109,0.345974
1.11,0.345983
1.111,0.345996
1.112,0.346006
1.113,0.346012
1.114,0.346012
1.115,0.346006
1.116,0.345995
1.117,0.345983
1.118,0.34597
1.119,0.34596
1.12,0.345956
1.121,0.345959
1.122,0.345971
1.123,0.345984
1.124,0.345991
1.125,0.345988
1.126,0.34598
1.127,0.345975
1.128,0.345978
1.129,0.345988
1.13,0.346004
1.131,0.346024
1.132,0.346043
1.133,0.346057
1.134,0.346064
1.135,0.346067
1.136,0.346069
1.137,0.346073
1.138,0.346075
1.139,0.346071
1.14,0.34606
1.141,0.34605
1.142,0.346052
1.143,0.346069
1.144,0.346091
1.145,0.346104
1.146,0.346103
1.147,0.346095
1.148,0.346089
1.149,0.346089
1.15,0.346087
1.151,0.346074
1.152,0.346046
1.153,0.346013
1.154,0.345986
1.155,0.345973
1.156,0.345968
1.157,0.345963
1.158,0.345953
1.159,0.345942
1.16,0.345932
1.161,0.345924
1.162,0.345914
1.163,0.345897
1.164,0.345873
1.165,0.345846
1.166,0.345822
1.167,0.345804
1.168,0.345791
1.169,0.34578
1.17,0.34577
1.171,0.345759
1.172,0.345747
1.173,0.345732
1.174,0.345718
1.175,0.345705
1.176,0.345695
1.177,0.345687
1.178,0.345682
1.179,0.345677
1.18,0.34567
1.181,0.345658
1.182,0.34564
1.183,0.345624
1.184,0.345616
1.185,0.345621
1.186,0.345632
1.187,0.345641
1.188,0.345645
1.189,0.345644
1.19,0.345637
1.191,0.345626
1.192,0.345616
1.193,0.34561
1.194,0.345609
1.195,0.345608
1.196,0.3456
1.197,0.345583
1.198,0.345561
1.199,0.345541
1.2,0.345528
1.201,0.345523
1.202,0.345526
1.203,0.345536
1.204,0.345545
1.205,0.345546
1.206,0.345536
1.207,0.345522
1.208,0.345513
1.209,0.345513
1.21,0.345515
1.211,0.345513
1.212,0.345502
1.213,0.345487
1.214,0.345472
1.215,0.34546
1.216,0.345449
1.217,0.345438
1.218,0.345425
1.219,0.345413
1.22,0.345404
1.221,0.3454
1.222,0.345401
1.223,0.345407
1.224,0.345418
1.225,0.345426
1.226,0.345428
1.227,0.345419
1.228,0.345403
1.229,0.345386
1.23,0.345369
1.231,0.345355
1.232,0.345346
1.233,0.345342
1.234,0.345341
1.235,0.345338
1.236,0.345334
1.237,0.345327
1.238,0.34532
1.239,0.345313
1.24,0.345309
1.241,0.345312
1.242,0.34532
1.243,0.34533
1.244,0.345338
1.245,0.345338
1.246,0.345335
1.247,0.34533
1.248,0.345326
1.249,0.345323
1.25,0.345321
1.251,0.345322
1.252,0.345322
1.253,0.345321
1.254,0.345318
1.255,0.345314
1.256,0.345309
1.257,0.345304
1.258,0.3453
1.259,0.345295
1.26,0.345288
1.261,0.345282
1.262,0.345277
1.263,0.345274
1.264,0.345271
1.265,0.345265
1.266,0.345254
1.267,0.345244
1.268,0.345235
1.269,0.345231
1.27,0.345229
1.271,0.34523
1.272,0.345232
1.273,0.345234
1.274,0.345237
1.275,0.345238
1.276,0.345237
1.277,0.345229
1.278,0.345214
1.279,0.345197
1.28,0.345186
1.281,0.345184
1.282,0.345187
1.283,0.34519
1.284,0.345189
1.285,0.345184
1.286,0.345174
1.287,0.34516
1.288,0.345144
1.289,0.345129
1.29,0.345117
1.291,0.345106
1.292,0.345096
1.293,0.345085
1.294,0.345073
1.295,0.345061
1.296,0.345049
1.297,0.345036
1.298,0.345023
1.299,0.345011
1.3,0.345
1.301,0.34499
1.302,0.344982
1.303,0.344975
1.304,0.34497
1.305,0.344965
1.306,0.344961
1.307,0.344961
1.308,0.344962
1.309,0.344962
1.31,0.344956
1.311,0.344943
1.312,0.344928
1.313,0.344918
1.314,0.344914
1.315,0.344915
1.316,0.344919
1.317,0.344925
1.318,0.344928
1.319,0.344929
1.32,0.344927
1.321,0.344921
1.322,0.344913
1.323,0.344901
1.324,0.344887
1.325,0.344869
1.326,0.344849
1.327,0.344832
1.328,0.344822
1.329,0.344823
1.33,0.344827
1.331,0.344826
1.332,0.344817
1.333,0.344806
1.334,0.344801
1.335,0.344807
1.336,0.344819
1.337,0.344831
1.338,0.344839
1.339,0.344843
1.34,0.344844
1.341,0.344842
1.342,0.34484
1.343,0.34484
1.344,0.344842
1.345,0.344845
1.346,0.344846
1.347,0.344845
1.348,0.34484
1.349,0.344833
1.35,0.344826
1.351,0.344823
1.352,0.344827
1.353,0.344839
1.354,0.344853
1.355,0.344858
1.356,0.344852
1.357,0.344837
1.358,0.344817
1.359,0.344796
1.36,0.344772
1.361,0.344745
1.362,0.344714
1.363,0.344679
1.364,0.344639
1.365,0.344593
1.366,0.34454
1.367,0.344479
1.368,0.34441
1.369,0.344328
1.37,0.344234
1.371,0.344125
1.372,0.344004
1.373,0.343874
1.374,0.343735
1.375,0.343587
1.376,0.343427
1.377,0.343254
1.378,0.343066
1.379,0.342866
1.38,0.342649
1.381,0.342412
1.382,0.342152
1.383,0.341866
1.384,0.34156
1.385,0.341238
1.386,0.340905
1.387,0.34056
1.388,0.340205
1.389,0.339841
1.39,0.339473
1.391,0.339107
1.392,0.338748
1.393,0.338401
1.394,0.338068
1.395,0.337753
1.396,0.337447
1.397,0.337143
1.398,0.336836
1.399,0.336521
1.4,0.336193
1.401,0.335849
1.402,0.335482
1.403,0.335083
1.404,0.334651
1.405,0.334199
1.406,0.333739
1.407,0.333287
1.408,0.332855
1.409,0.332459
1.41,0.332113
1.411,0.331835
1.412,0.331641
1.413,0.331542
1.414,0.331536
1.415,0.331618
1.416,0.331779
1.417,0.332007
1.418,0.332284
1.419,0.332596
1.42,0.332926
1.421,0.333256
1.422,0.333574
1.423,0.333875
1.424,0.334155
1.425,0.334413
1.426,0.334647
1.427,0.334855
1.428,0.335038
1.429,0.335199
1.43,0.335341
1.431,0.335467
1.432,0.335582
1.433,0.335687
1.434,0.335785
1.435,0.335881
1.436,0.335977
1.437,0.336074
1.438,0.33617
1.439,0.336261
1.44,0.336343
1.441,0.336422
1.442,0.336499
1.443,0.336577
1.444,0.336654
1.445,0.33673
1.446,0.336803
1.447,0.336874
1.448,0.336947
1.449,0.33702
1.45,0.337094
1.451,0.337167
1.452,0.337236
1.453,0.337302
1.454,0.337366
1.455,0.337427
1.456,0.337488
1.457,0.337549
1.458,0.337612
1.459,0.337677
1.46,0.337743
1.461,0.337809
1.462,0.337877
1.463,0.337949
1.464,0.338025
1.465,0.338103
1.466,0.338182
1.467,0.338259
1.468,0.338335
1.469,0.338408
1.47,0.338477
1.471,0.338547
1.472,0.338624
1.473,0.338708
1.474,0.338798
1.475,0.33889
1.476,0.338981
1.477,0.339072
1.478,0.339165
1.479,0.33926
1.48,0.339357
1.481,0.339454
1.482,0.339552
1.483,0.339649
1.484,0.339748
1.485,0.339846
1.486,0.339946
1.487,0.340044
1.488,0.340143
1.489,0.340242
1.49,0.340343
1.491,0.340446
1.492,0.340549
1.493,0.340646
1.494,0.340736
1.495,0.34082
1.496,0.340899
1.497,0.340976
1.498,0.341052
1.499,0.341128
1.5,0.341206
1.501,0.341285
1.502,0.341362
1.503,0.341437
1.504,0.341511
1.505,0.341583
1.506,0.341655
1.507,0.341725
1.508,0.341794
1.509,0.341863
1.51,0.341932
1.511,0.342004
1.512,0.342079
1.513,0.342157
1.514,0.342234
1.515,0.342308
1.516,0.342383
1.517,0.342458
1.518,0.342536
1.519,0.342613
1.52,0.342688
1.521,0.342759
1.522,0.34283
1.523,0.342899
1.524,0.342967
1.525,0.343033
1.526,0.343093
1.527,0.343146
1.528,0.343197
1.529,0.343251
1.53,0.343308
1.531,0.343369
1.532,0.343431
1.533,0.343491
1.534,0.34355
1.535,0.343604
1.536,0.343655
1.537,0.343703
1.538,0.343749
1.539,0.343794
1.54,0.343839
1.541,0.343884
1.542,0.343928
1.543,0.343974
1.544,0.344022
1.545,0.344074
1.546,0.344126
1.547,0.344179
1.548,0.34423
1.549,0.344283
1.55,0.344341
1.551,0.344404
1.552,0.344466
1.553,0.344519
1.554,0.344561
1.555,0.344596
1.556,0.344632
1.557,0.344672
1.558,0.344715
1.559,0.344757
1.56,0.344798
1.561,0.344837
1.562,0.344875
1.563,0.344914
1.564,0.344954
1.565,0.344994
1.566,0.345035
1.567,0.345075
1.568,0.345113
1.569,0.34515
1.57,0.345191
1.571,0.345239
1.572,0.345297
1.573,0.345356
1.574,0.345407
1.575,0.345445
1.576,0.345473
1.577,0.345496
1.578,0.345517
1.579,0.34554
1.58,0.345567
1.581,0.345602
1.582,0.345641
1.583,0.345681
1.584,0.34572
1.585,0.345756
1.586,0.34579
1.587,0.345819
1.588,0.345843
1.589,0.34586
1.59,0.345869
1.591,0.345878
1.592,0.345891
1.593,0.345914
1.594,0.345941
1.595,0.345967
1.596,0.345988
1.597,0.346008
1.598,0.346026
1.599,0.346046
1.6,0.346069
1.601,0.346098
1.602,0.346132
1.603,0.346166
1.604,0.346197
1.605,0.34622
1.606,0.346237
1.607,0.346248
1.608,0.346256
1.609,0.346264
1.61,0.346272
1.611,0.346283
1.612,0.346298
1.613,0.346318
1.614,0.346341
1.615,0.346366
1.616,0.346388
1.617,0.346405
1.618,0.34642
1.619,0.346433
1.62,0.346446
1.621,0.346459
1.622,0.346474
1.623,0.34649
1.624,0.346505
1.625,0.346519
1.626,0.34653
1.627,0.346541
1.628,0.346553
1.629,0.346569
1.63,0.346584
1.631,0.346597
1.632,0.346606
1.633,0.346612
1.634,0.346618
1.635,0.346626
1.636,0.346636
1.637,0.346651
1.638,0.346671
1.639,0.34669
1.64,0.346701
1.641,0.346703
1.642,0.346701
1.643,0.346702
1.644,0.346711
1.645,0.346726
1.646,0.346743
1.647,0.346759
1.648,0.346772
1.649,0.34678
1.65,0.346781
1.651,0.346778
1.652,0.346775
1.653,0.346775
1.654,0.346777
1.655,0.346781
1.656,0.346787
1.657,0.346795
1.658,0.346808
1.659,0.346825
1.66,0.34684
1.661,0.346849
1.662,0.346849
1.663,0.346843
1.664,0.346835
1.665,0.346828
1.666,0.346817
1.667,0.346802
1.668,0.346781
1.669,0.346761
1.67,0.346746
1.671,0.34674
1.672,0.346734
1.673,0.346719
1.674,0.346691
1.675,0.346661
1.676,0.346641
1.677,0.346638
1.678,0.346646
1.679,0.346658
1.68,0.346671
1.681,0.346681
1.682,0.346689
1.683,0.346692
1.684,0.346693
1.685,0.346691
1.686,0.346689
1.687,0.346686
1.688,0.346682
1.689,0.346677
1.69,0.346669
1.691,0.346658
1.692,0.346642
1.693,0.346626
1.694,0.346612
1.695,0.3466
1.696,0.346588
1.697,0.34657
1.698,0.346547
1.699,0.346525
1.7,0.346512
1.701,0.346511
1.702,0.346511
1.703,0.346501
1.704,0.346474
1.705,0.346442
1.706,0.346416
1.707,0.346402
1.708,0.346392
1.709,0.346377
1.71,0.346351
1.711,0.346324
1.712,0.346305
1.713,0.3463
1.714,0.346297
1.715,0.346285
1.716,0.346257
1.717,0.346218
1.718,0.346175
1.719,0.346131
1.72,0.346086
1.721,0.346036
1.722,0.345982
1.723,0.345924
1.724,0.345865
1.725,0.345808
1.726,0.345752
1.727,0.3457
1.728,0.345648
1.729,0.345596
1.73,0.345538
1.731,0.345472
1.732,0.345405
1.733,0.345344
1.734,0.345291
1.735,0.345237
1.736,0.345176
1.737,0.345102
1.738,0.345021
1.739,0.344938
1.74,0.344858
1.741,0.344782
1.742,0.344712
1.743,0.344645
1.744,0.344578
1.745,0.344502
1.746,0.344417
1.747,0.344332
1.748,0.344259
1.749,0.344201
1.75,0.344146
1.751,0.344079
1.752,0.343995
1.753,0.343903
1.754,0.343815
1.755,0.34374
1.756,0.343674
1.757,0.343612
1.758,0.343552
1.759,0.343493
1.76,0.343434
1.761,0.343376
1.762,0.34332
1.763,0.343267
1.764,0.343218
1.765,0.343172
1.766,0.343128
1.767,0.343082
1.768,0.343029
1.769,0.34296
1.77,0.342876
1.771,0.342795
1.772,0.342737
1.773,0.342712
1.774,0.342705
1.775,0.342698
1.776,0.342678
1.777,0.342646
1.778,0.342604
1.779,0.342554
1.78,0.342503
1.781,0.342454
1.782,0.34241
1.783,0.342374
1.784,0.342344
1.785,0.342321
1.786,0.342302
1.787,0.342285
1.788,0.342268
1.789,0.342249
1.79,0.342228
1.791,0.342204
1.792,0.342176
1.793,0.342143
1.794,0.342105
1.795,0.342063
1.796,0.34202
1.797,0.341978
1.798,0.341946
1.799,0.341931
1.8,0.341939
1.801,0.341962
1.802,0.341992
1.803,0.342021
1.804,0.34204
1.805,0.342043
1.806,0.342022
1.807,0.341982
1.808,0.341935
1.809,0.341893
1.81,0.341855
1.811,0.341819
1.812,0.341778
1.813,0.341736
1.814,0.3417
1.815,0.341678
1.816,0.341662
1.817,0.341642
1.818,0.341607
1.819,0.341567
1.82,0.341541
1.821,0.341546
1.822,0.341569
1.823,0.341578
1.824,0.341545
1.825,0.341476
1.826,0.341398
1.827,0.341337
1.828,0.341295
1.829,0.341262
1.83,0.341229
1.831,0.341191
1.832,0.341144
1.833,0.341086
1.834,0.341021
1.835,0.340952
1.836,0.340887
1.837,0.340824
1.838,0.340765
1.839,0.340708
1.84,0.340648
1.841,0.340581
1.842,0.340502
1.843,0.340412
1.844,0.340315
1.845,0.340215
1.846,0.340111
1.847,0.340003
1.848,0.339886
1.849,0.339764
1.85,0.339643
1.851,0.339526
1.852,0.33941
1.853,0.339284
1.854,0.339141
1.855,0.338982
1.856,0.338815
1.857,0.338646
1.858,0.338471
1.859,0.338276
1.86,0.338051
1.861,0.337796
1.862,0.337519
1.863,0.337226
1.864,0.336918
1.865,0.336589
1.866,0.336237
1.867,0.335852
1.868,0.335425
1.869,0.334946
1.87,0.334419
1.871,0.333855
1.872,0.333264
1.873,0.332648
1.874,0.332005
1.875,0.331332
1.876,0.330631
1.877,0.329903
1.878,0.329155
1.879,0.328387
1.88,0.327602
1.881,0.326805
1.882,0.325993
1.883,0.325164
1.884,0.324314
1.885,0.323439
1.886,0.322533
1.887,0.321591
1.888,0.320608
1.889,0.319581
1.89,0.318506
1.891,0.31739
1.892,0.316244
1.893,0.315081
1.894,0.313898
1.895,0.312686
1.896,0.311436
1.897,0.310153
1.898,0.308853
1.899,0.307549
1.9,0.306249
1.901,0.304958
1.902,0.303682
1.903,0.302425
1.904,0.30119
1.905,0.299978
1.906,0.298801
1.907,0.297669
1.908,0.296593
1.909,0.295577
1.91,0.294613
1.911,0.293699
1.912,0.292831
1.913,0.29201
1.914,0.291235
1.915,0.29051
1.916,0.289841
1.917,0.289234
1.918,0.288685
1.919,0.288186
1.92,0.287728
1.921,0.287314
1.922,0.286951
1.923,0.286645
1.924,0.28639
1.925,0.286171
1.926,0.285977
1.927,0.285811
1.928,0.285685
1.929,0.285608
1.93,0.285573
1.931,0.28556
1.932,0.285552
1.933,0.285547
1.934,0.285553
1.935,0.285578
1.936,0.285623
1.937,0.285688
1.938,0.285771
1.939,0.285872
1.94,0.285989
1.941,0.286122
1.942,0.286266
1.943,0.286412
1.944,0.286555
1.945,0.286698
1.946,0.28685
1.947,0.287017
1.948,0.287198
1.949,0.287386
1.95,0.287573
1.951,0.287761
1.952,0.287954
1.953,0.288159
1.954,0.28837
1.955,0.288577
1.956,0.288771
1.957,0.288955
1.958,0.289137
1.959,0.289328
1.96,0.289528
1.961,0.289736
1.962,0.289949
1.963,0.290165
1.964,0.290382
1.965,0.290599
1.966,0.290817
1.967,0.29104
1.968,0.291274
1.969,0.291518
1.97,0.291768
1.971,0.29202
1.972,0.292277
1.973,0.292539
1.974,0.292809
1.975,0.293087
1.976,0.293368
1.977,0.293648
1.978,0.293933
1.979,0.294232
1.98,0.29455
1.981,0.294882
1.982,0.295213
1.983,0.29553
1.984,0.295827
1.985,0.296109
1.986,0.296379
1.987,0.296644
1.988,0.296915
1.989,0.297203
1.99,0.297506
1.991,0.297816
1.992,0.298123
1.993,0.298426
1.994,0.298721
1.995,0.299007
1.996,0.299286
1.997,0.299565
1.998,0.299847
1.999,0.300133
2,0.30042
2.001,0.300703
2.002,0.300986
2.003,0.301273
2.004,0.30157
2.005,0.30187
2.006,0.302162
2.007,0.302435
2.008,0.302691
2.009,0.302945
2.01,0.303205
2.011,0.303473
2.012,0.303743
2.013,0.304011
2.014,0.304273
2.015,0.304531
2.016,0.304783
2.017,0.30503
2.018,0.305269
2.019,0.3055
2.02,0.30573
2.021,0.305968
2.022,0.306222
2.023,0.306487
2.024,0.30675
2.025,0.306999
2.026,0.307232
2.027,0.307448
2.028,0.307652
2.029,0.307847
2.03,0.308038
2.031,0.308231
2.032,0.308421
2.033,0.308602
2.034,0.308769
2.035,0.308928
2.036,0.309095
2.037,0.309283
2.038,0.309487
2.039,0.309689
2.04,0.309875
2.041,0.310048
2.042,0.310218
2.043,0.310399
2.044,0.310593
2.045,0.310795
2.046,0.311002
2.047,0.311208
2.048,0.311406
2.049,0.311589
2.05,0.311761
2.051,0.31193
2.052,0.312107
2.053,0.312287
2.054,0.312461
2.055,0.312619
2.056,0.312764
2.057,0.3129
2.058,0.313035
2.059,0.31317
2.06,0.313304
2.061,0.313435
2.062,0.313567
2.063,0.313703
2.064,0.313849
2.065,0.313999
2.066,0.314145
2.067,0.314279
2.068,0.3144
2.069,0.314514
2.07,0.314626
2.071,0.314738
2.072,0.314848
2.073,0.314956
2.074,0.315065
2.075,0.315178
2.076,0.315297
2.077,0.315422
2.078,0.315549
2.079,0.315677
2.08,0.3158
2.081,0.315917
2.082,0.316023
2.083,0.316118
2.084,0.316205
2.085,0.316287
2.086,0.316365
2.087,0.316438
2.088,0.316507
2.089,0.31657
2.09,0.316623
2.091,0.316664
2.092,0.316698
2.093,0.316738
2.094,0.316793
2.095,0.316859
2.096,0.316925
2.097,0.31698
2.098,0.317021
2.099,0.317056
2.1,0.31709
2.101,0.317124
2.102,0.317159
2.103,0.317195
2.104,0.317232
2.105,0.317273
2.106,0.317317
2.107,0.317363
2.108,0.317407
2.109,0.317445
2.11,0.317482
2.111,0.317524
2.112,0.317578
2.113,0.317642
2.114,0.317705
2.115,0.317761
2.116,0.317806
2.117,0.317845
2.118,0.31788
2.119,0.317907
2.12,0.317919
2.121,0.317912
2.122,0.31789
2.123,0.317863
2.124,0.317841
2.125,0.317828
2.126,0.317823
2.127,0.317828
2.128,0.317831
2.129,0.317819
2.13,0.317781
2.131,0.317722
2.132,0.317663
2.133,0.317618
2.134,0.317594
2.135,0.317586
2.136,0.317589
2.137,0.317584
2.138,0.317546
2.139,0.317453
2.14,0.317319
2.141,0.317181
2.142,0.317072
2.143,0.316989
2.144,0.31691
2.145,0.31681
2.146,0.316692
2.147,0.316565
2.148,0.316443
2.149,0.316322
2.15,0.316191
2.151,0.316039
2.152,0.31587
2.153,0.315696
2.154,0.315526
2.155,0.315363
2.156,0.315205
2.157,0.315049
2.158,0.314895
2.159,0.314749
2.16,0.314612
2.161,0.314483
2.162,0.314362
2.163,0.314243
2.164,0.314117
2.165,0.313971
2.166,0.313794
2.167,0.313595
2.168,0.313397
2.169,0.313218
2.17,0.313056
2.171,0.312895
2.172,0.312719
2.173,0.312523
2.174,0.312312
2.175,0.312087
2.176,0.311851
2.177,0.31161
2.178,0.311366
2.179,0.311118
2.18,0.310862
2.181,0.310591
2.182,0.310308
2.183,0.310016
2.184,0.309719
2.185,0.309419
2.186,0.309119
2.187,0.308822
2.188,0.308531
2.189,0.308249
2.19,0.307979
2.191,0.307713
2.192,0.307443
2.193,0.307157
2.194,0.306862
2.195,0.306569
2.196,0.306289
2.197,0.306024
2.198,0.305767
2.199,0.305511
2.2,0.30526
2.201,0.305025
2.202,0.304814
2.203,0.304622
2.204,0.304435
2.205,0.304244
2.206,0.30406
2.207,0.303906
2.208,0.303803
2.209,0.303749
2.21,0.303726
2.211,0.303715
2.212,0.303707
2.213,0.303694
2.214,0.303669
2.215,0.303636
2.216,0.3036
2.217,0.303568
2.218,0.303535
2.219,0.303491
2.22,0.303426
2.221,0.303346
2.222,0.303264
2.223,0.303194
2.224,0.303134
2.225,0.303076
2.226,0.303012
2.227,0.30294
2.228,0.302864
2.229,0.302787
2.23,0.302716
2.231,0.302657
2.232,0.302619
2.233,0.302597
2.234,0.30258
2.235,0.30256
2.236,0.302531
2.237,0.302488
2.238,0.302431
2.239,0.302364
2.24,0.302298
2.241,0.302242
2.242,0.302196
2.243,0.302153
2.244,0.302107
2.245,0.302061
2.246,0.302022
2.247,0.301996
2.248,0.301977
2.249,0.30195
2.25,0.301905
2.251,0.301848
2.252,0.301795
2.253,0.301763
2.254,0.30175
2.255,0.301741
2.256,0.301726
2.257,0.301698
2.258,0.301656
2.259,0.301601
2.26,0.30154
2.261,0.301487
2.262,0.301454
2.263,0.301438
2.264,0.301426
2.265,0.301407
2.266,0.301379
2.267,0.301351
2.268,0.301326
2.269,0.3013
2.27,0.30126
2.271,0.301195
2.272,0.301115
2.273,0.301039
2.274,0.300983
2.275,0.300941
2.276,0.300888
2.277,0.300804
2.278,0.300691
2.279,0.30057
2.28,0.300455
2.281,0.300346
2.282,0.300229
2.283,0.300091
2.284,0.29993
2.285,0.299752
2.286,0.299561
2.287,0.299367
2.288,0.299177
2.289,0.299003
2.29,0.29884
2.291,0.298679
2.292,0.298512
2.293,0.298335
2.294,0.298145
2.295,0.297942
2.296,0.297735
2.297,0.297539
2.298,0.297365
2.299,0.297206
2.3,0.297042
2.301,0.296854
2.302,0.296647
2.303,0.296434
2.304,0.296231
2.305,0.296035
2.306,0.295835
2.307,0.29562
2.308,0.295389
2.309,0.295147
2.31,0.294897
2.311,0.294647
2.312,0.294404
2.313,0.294173
2.314,0.293952
2.315,0.29373
2.316,0.293498
2.317,0.293256
2.318,0.29301
2.319,0.292766
2.32,0.292522
2.321,0.292272
2.322,0.29201
2.323,0.291735
2.324,0.291447
2.325,0.291149
2.326,0.290852
2.327,0.29057
2.328,0.290317
2.329,0.290082
2.33,0.289835
2.331,0.289554
2.332,0.289237
2.333,0.2889
2.334,0.288556
2.335,0.288216
2.336,0.287886
2.337,0.287571
2.338,0.287265
2.339,0.286959
2.34,0.286642
2.341,0.286323
2.342,0.286023
2.343,0.285759
2.344,0.285524
2.345,0.285299
2.346,0.285063
2.347,0.284821
2.348,0.284589
2.349,0.284384
2.35,0.2842
2.351,0.28402
2.352,0.283829
2.353,0.283624
2.354,0.283408
2.355,0.283183
2.356,0.282947
2.357,0.282697
2.358,0.282429
2.359,0.282157
2.36,0.281901
2.361,0.281681
2.362,0.281484
2.363,0.281279
2.364,0.281036
2.365,0.280747
2.366,0.280418
2.367,0.280055
2.368,0.279676
2.369,0.279301
2.37,0.27895
2.371,0.278618
2.372,0.278282
2.373,0.277923
2.374,0.277544
2.375,0.277157
2.376,0.276775
2.377,0.276397
2.378,0.276016
2.379,0.275622
2.38,0.275217
2.381,0.274807
2.382,0.274399
2.383,0.273992
2.384,0.27358
2.385,0.273161
2.386,0.272747
2.387,0.272358
2.388,0.27201
2.389,0.27169
2.39,0.271366
2.391,0.271007
2.392,0.270621
2.393,0.270236
2.394,0.26988
2.395,0.269551
2.396,0.269234
2.397,0.268916
2.398,0.268594
2.399,0.268275
2.4,0.267966
2.401,0.267663
2.402,0.267361
2.403,0.267055
2.404,0.266749
2.405,0.266455
2.406,0.266183
2.407,0.265931
2.408,0.265687
2.409,0.265442
2.41,0.265185
2.411,0.264907
2.412,0.264596
2.413,0.264256
2.414,0.263891
2.415,0.263509
2.416,0.263118
2.417,0.262725
2.418,0.262338
2.419,0.261962
2.42,0.261603
2.421,0.261263
2.422,0.260936
2.423,0.260607
2.424,0.260264
2.425,0.259902
2.426,0.259519
2.427,0.259116
2.428,0.258707
2.429,0.258319
2.43,0.257972
2.431,0.257665
2.432,0.257382
2.433,0.257107
2.434,0.256832
2.435,0.256553
2.436,0.256265
2.437,0.255957
2.438,0.255615
2.439,0.255227
2.44,0.254803
2.441,0.254368
2.442,0.253943
2.443,0.253546
2.444,0.253185
2.445,0.252869
2.446,0.25257
2.447,0.252243
2.448,0.251847
2.449,0.251409
2.45,0.250999
2.451,0.250677
2.452,0.250426
2.453,0.250183
2.454,0.24989
2.455,0.249561
2.456,0.24925
2.457,0.249005
2.458,0.24881
2.459,0.248612
2.46,0.248359
2.461,0.24805
2.462,0.247711
2.463,0.247371
2.464,0.247064
2.465,0.246827
2.466,0.246692
2.467,0.246615
2.468,0.246508
2.469,0.24629
2.47,0.245941
2.471,0.245477
2.472,0.244923
2.473,0.244398
2.474,0.244072
2.475,0.244089
2.476,0.244305
2.477,0.244405
2.478,0.244105
2.479,0.243435
2.48,0.242614
2.481,0.241852
2.482,0.241271
2.483,0.240936
2.484,0.240903
2.485,0.241095
2.486,0.241362
2.487,0.241561
2.488,0.241628
2.489,0.241544
2.49,0.2413
2.491,0.240937
2.492,0.24053
2.493,0.240143
2.494,0.239716
2.495,0.23912
2.496,0.238249
2.497,0.237279
2.498,0.236547
2.499,0.236361
2.5,0.236694
