# Spectral reflectance of conifer needles, 0.35-2.5 um.
#
# source: MEASURED. USGS Spectral Library Version 7 (Kokaly et al. 2017, U.S. Geological Survey Data Series 1035, doi:10.3133/ds1035; data doi:10.5066/F7RR1WDJ), splib07a, public domain.
#   Record: splib07a Record=21532: Lodgepole-Pine LP-Needles-1 ASDFRa AREF (splib07a_Lodgepole-Pine_LP-Needles-1_ASDFRa_AREF.txt); deleted channels dropped, otherwise unmodified.
#   Copied by scripts/import_paired_spectra.py. Directional reflectance of the sample as
#   measured; for an opaque surface the emissivity is 1 - reflectance (Kirchhoff).
# Columns: wavelength in MICROMETRES, reflectance.
0.35,0.0899316
0.351,0.0903208
0.352,0.0893565
0.353,0.0885872
0.354,0.0886159
0.355,0.088228
0.356,0.0880361
0.357,0.0879254
0.358,0.0876769
0.359,0.0868425
0.36,0.086086
0.361,0.0856926
0.362,0.0859207
0.363,0.0860485
0.364,0.0858505
0.365,0.085425
0.366,0.0850629
0.367,0.0848321
0.368,0.0846307
0.369,0.0846128
0.37,0.0846492
0.371,0.0846783
0.372,0.0843595
0.373,0.0841892
0.374,0.0842288
0.375,0.0841792
0.376,0.0840238
0.377,0.0838727
0.378,0.0838849
0.379,0.0835535
0.38,0.0833752
0.381,0.0835746
0.382,0.0837157
0.383,0.0836392
0.384,0.0834724
0.385,0.0833456
0.386,0.0833528
0.387,0.0834808
0.388,0.0838299
0.389,0.0837347
0.39,0.0835459
0.391,0.0835302
0.392,0.0833394
0.393,0.0832705
0.394,0.0833654
0.395,0.0835425
0.396,0.0836184
0.397,0.0836211
0.398,0.0836063
0.399,0.0836481
0.4,0.0836266
0.401,0.0835139
0.402,0.0836421
0.403,0.0837557
0.404,0.0838212
0.405,0.0840994
0.406,0.0842495
0.407,0.0843773
0.408,0.0846871
0.409,0.0848313
0.41,0.0849563
0.411,0.0851793
0.412,0.0854877
0.413,0.0859824
0.414,0.0865417
0.415,0.0869955
0.416,0.0875004
0.417,0.0880541
0.418,0.0885886
0.419,0.0892546
0.42,0.0900269
0.421,0.090839
0.422,0.0917086
0.423,0.0926389
0.424,0.0935912
0.425,0.0945393
0.426,0.0955511
0.427,0.0965983
0.428,0.0976411
0.429,0.0987608
0.43,0.099901
0.431,0.101018
0.432,0.102119
0.433,0.103268
0.434,0.104434
0.435,0.105568
0.436,0.106717
0.437,0.107824
0.438,0.108819
0.439,0.110028
0.44,0.111182
0.441,0.112175
0.442,0.113255
0.443,0.11427
0.444,0.115227
0.445,0.116225
0.446,0.11726
0.447,0.118264
0.448,0.119218
0.449,0.1201
0.45,0.120941
0.451,0.121759
0.452,0.122574
0.453,0.123331
0.454,0.124044
0.455,0.12477
0.456,0.125439
0.457,0.126081
0.458,0.126729
0.459,0.127313
0.46,0.127875
0.461,0.128432
0.462,0.128942
0.463,0.129414
0.464,0.129884
0.465,0.130404
0.466,0.130842
0.467,0.131268
0.468,0.13174
0.469,0.132194
0.47,0.132603
0.471,0.132985
0.472,0.133376
0.473,0.133781
0.474,0.134188
0.475,0.134591
0.476,0.134992
0.477,0.135382
0.478,0.135757
0.479,0.136161
0.48,0.136556
0.481,0.136935
0.482,0.137348
0.483,0.137759
0.484,0.138155
0.485,0.13853
0.486,0.138948
0.487,0.139414
0.488,0.139909
0.489,0.140428
0.49,0.140969
0.491,0.141529
0.492,0.142094
0.493,0.142765
0.494,0.143503
0.495,0.144254
0.496,0.145015
0.497,0.145826
0.498,0.146695
0.499,0.147529
0.5,0.148443
0.501,0.149441
0.502,0.150457
0.503,0.151532
0.504,0.152643
0.505,0.153771
0.506,0.154922
0.507,0.156133
0.508,0.157404
0.509,0.158726
0.51,0.160118
0.511,0.161556
0.512,0.163013
0.513,0.164552
0.514,0.166176
0.515,0.167875
0.516,0.169645
0.517,0.171448
0.518,0.173265
0.519,0.175136
0.52,0.176993
0.521,0.178812
0.522,0.180632
0.523,0.182387
0.524,0.184052
0.525,0.185639
0.526,0.187078
0.527,0.188381
0.528,0.189572
0.529,0.190591
0.53,0.191399
0.531,0.192029
0.532,0.192465
0.533,0.192689
0.534,0.192768
0.535,0.192736
0.536,0.192595
0.537,0.192422
0.538,0.192263
0.539,0.19219
0.54,0.192228
0.541,0.192376
0.542,0.192682
0.543,0.19316
0.544,0.193777
0.545,0.19452
0.546,0.195358
0.547,0.196277
0.548,0.197249
0.549,0.198255
0.55,0.199266
0.551,0.200244
0.552,0.201165
0.553,0.202027
0.554,0.202827
0.555,0.203571
0.556,0.204211
0.557,0.204757
0.558,0.205235
0.559,0.205597
0.56,0.205884
0.561,0.206114
0.562,0.206271
0.563,0.20633
0.564,0.206335
0.565,0.206311
0.566,0.206241
0.567,0.206148
0.568,0.206045
0.569,0.205922
0.57,0.205778
0.571,0.205637
0.572,0.205523
0.573,0.205396
0.574,0.205268
0.575,0.205153
0.576,0.205084
0.577,0.205009
0.578,0.204915
0.579,0.204838
0.58,0.20474
0.581,0.204608
0.582,0.204436
0.583,0.204257
0.584,0.204054
0.585,0.203812
0.586,0.203537
0.587,0.203215
0.588,0.202855
0.589,0.202477
0.59,0.202054
0.591,0.201591
0.592,0.201099
0.593,0.200556
0.594,0.199988
0.595,0.19941
0.596,0.198772
0.597,0.198109
0.598,0.197441
0.599,0.196759
0.6,0.196031
0.601,0.19528
0.602,0.194543
0.603,0.193761
0.604,0.192971
0.605,0.192197
0.606,0.191454
0.607,0.190759
0.608,0.190096
0.609,0.189453
0.61,0.188872
0.611,0.188338
0.612,0.187827
0.613,0.187396
0.614,0.187028
0.615,0.1867
0.616,0.186438
0.617,0.18624
0.618,0.186096
0.619,0.186021
0.62,0.186031
0.621,0.186102
0.622,0.186226
0.623,0.186377
0.624,0.186556
0.625,0.186764
0.626,0.18699
0.627,0.187197
0.628,0.187375
0.629,0.187535
0.63,0.187616
0.631,0.187616
0.632,0.187552
0.633,0.187365
0.634,0.187027
0.635,0.186556
0.636,0.185889
0.637,0.185021
0.638,0.184008
0.639,0.182844
0.64,0.181486
0.641,0.180021
0.642,0.17849
0.643,0.176942
0.644,0.175414
0.645,0.173915
0.646,0.172514
0.647,0.17123
0.648,0.170047
0.649,0.168988
0.65,0.168062
0.651,0.167223
0.652,0.16645
0.653,0.16575
0.654,0.165055
0.655,0.164339
0.656,0.163634
0.657,0.162833
0.658,0.161928
0.659,0.160938
0.66,0.159856
0.661,0.158693
0.662,0.15745
0.663,0.156179
0.664,0.154935
0.665,0.153727
0.666,0.1526
0.667,0.151558
0.668,0.150616
0.669,0.149818
0.67,0.14921
0.671,0.148753
0.672,0.148415
0.673,0.148297
0.674,0.148376
0.675,0.148592
0.676,0.148963
0.677,0.14952
0.678,0.150243
0.679,0.151129
0.68,0.152275
0.681,0.153669
0.682,0.155263
0.683,0.157226
0.684,0.159563
0.685,0.162205
0.686,0.165293
0.687,0.168836
0.688,0.172729
0.689,0.176979
0.69,0.181671
0.691,0.18667
0.692,0.191883
0.693,0.197428
0.694,0.20323
0.695,0.209187
0.696,0.215311
0.697,0.221681
0.698,0.228223
0.699,0.234868
0.7,0.241718
0.701,0.248764
0.702,0.255962
0.703,0.263441
0.704,0.271106
0.705,0.278879
0.706,0.286815
0.707,0.295027
0.708,0.303378
0.709,0.311744
0.71,0.320188
0.711,0.328681
0.712,0.33719
0.713,0.345576
0.714,0.353809
0.715,0.361915
0.716,0.369867
0.717,0.377503
0.718,0.384856
0.719,0.391993
0.72,0.398824
0.721,0.405393
0.722,0.411757
0.723,0.417815
0.724,0.423652
0.725,0.429328
0.726,0.434742
0.727,0.439924
0.728,0.444954
0.729,0.449869
0.73,0.45454
0.731,0.459037
0.732,0.463431
0.733,0.467663
0.734,0.471727
0.735,0.475664
0.736,0.479471
0.737,0.483084
0.738,0.486568
0.739,0.489977
0.74,0.493247
0.741,0.496384
0.742,0.49942
0.743,0.502356
0.744,0.505147
0.745,0.507822
0.746,0.510394
0.747,0.512859
0.748,0.515232
0.749,0.517518
0.75,0.519716
0.751,0.521828
0.752,0.523864
0.753,0.525818
0.754,0.527687
0.755,0.52951
0.756,0.531324
0.757,0.533021
0.758,0.534635
0.759,0.536221
0.76,0.53773
0.761,0.539196
0.762,0.540642
0.763,0.542047
0.764,0.543396
0.765,0.544707
0.766,0.545996
0.767,0.547229
0.768,0.54842
0.769,0.54959
0.77,0.55068
0.771,0.551747
0.772,0.552821
0.773,0.553874
0.774,0.554898
0.775,0.555897
0.776,0.556859
0.777,0.557809
0.778,0.558746
0.779,0.559673
0.78,0.560521
0.781,0.561372
0.782,0.562258
0.783,0.563124
0.784,0.563974
0.785,0.564817
0.786,0.565652
0.787,0.566466
0.788,0.567265
0.789,0.568053
0.79,0.568834
0.791,0.569611
0.792,0.570386
0.793,0.571169
0.794,0.571932
0.795,0.572685
0.796,0.573465
0.797,0.574213
0.798,0.574919
0.799,0.575589
0.8,0.576299
0.801,0.57703
0.802,0.577759
0.803,0.578485
0.804,0.57921
0.805,0.579922
0.806,0.580599
0.807,0.581265
0.808,0.581946
0.809,0.582641
0.81,0.583383
0.811,0.58411
0.812,0.584809
0.813,0.585502
0.814,0.586199
0.815,0.586912
0.816,0.587658
0.817,0.588366
0.818,0.589062
0.819,0.589774
0.82,0.590509
0.821,0.591261
0.822,0.592026
0.823,0.592825
0.824,0.593616
0.825,0.594399
0.826,0.595178
0.827,0.595977
0.828,0.596773
0.829,0.597554
0.83,0.59833
0.831,0.599112
0.832,0.599903
0.833,0.600711
0.834,0.601511
0.835,0.602312
0.836,0.603133
0.837,0.603937
0.838,0.60473
0.839,0.605523
0.84,0.60635
0.841,0.607155
0.842,0.607936
0.843,0.608725
0.844,0.609509
0.845,0.61028
0.846,0.611033
0.847,0.611789
0.848,0.612522
0.849,0.613224
0.85,0.613991
0.851,0.614754
0.852,0.615485
0.853,0.616191
0.854,0.616903
0.855,0.617606
0.856,0.618275
0.857,0.618912
0.858,0.619549
0.859,0.620198
0.86,0.620856
0.861,0.62148
0.862,0.622075
0.863,0.622671
0.864,0.623242
0.865,0.623798
0.866,0.62434
0.867,0.624929
0.868,0.625495
0.869,0.626014
0.87,0.626521
0.871,0.62708
0.872,0.62766
0.873,0.62817
0.874,0.628683
0.875,0.629209
0.876,0.62973
0.877,0.630235
0.878,0.630782
0.879,0.631376
0.88,0.631883
0.881,0.632393
0.882,0.63292
0.883,0.633384
0.884,0.633824
0.885,0.634283
0.886,0.634784
0.887,0.63521
0.888,0.635615
0.889,0.636039
0.89,0.636462
0.891,0.636844
0.892,0.637193
0.893,0.637501
0.894,0.637872
0.895,0.638247
0.896,0.638557
0.897,0.638947
0.898,0.639318
0.899,0.639626
0.9,0.639966
0.901,0.640242
0.902,0.640487
0.903,0.640775
0.904,0.641106
0.905,0.641411
0.906,0.641651
0.907,0.641921
0.908,0.642179
0.909,0.642409
0.91,0.642611
0.911,0.642867
0.912,0.643145
0.913,0.643383
0.914,0.643588
0.915,0.643793
0.916,0.644017
0.917,0.644195
0.918,0.644436
0.919,0.644755
0.92,0.645098
0.921,0.645399
0.922,0.645678
0.923,0.645948
0.924,0.6463
0.925,0.646658
0.926,0.646971
0.927,0.647255
0.928,0.647541
0.929,0.647844
0.93,0.648197
0.931,0.648546
0.932,0.648849
0.933,0.649028
0.934,0.649351
0.935,0.649754
0.936,0.650145
0.937,0.650538
0.938,0.650904
0.939,0.651237
0.94,0.651496
0.941,0.651647
0.942,0.651809
0.943,0.652126
0.944,0.652401
0.945,0.652586
0.946,0.652699
0.947,0.653009
0.948,0.653252
0.949,0.653398
0.95,0.653722
0.951,0.654101
0.952,0.654407
0.953,0.654607
0.954,0.654791
0.955,0.655024
0.956,0.655295
0.957,0.655341
0.958,0.655287
0.959,0.655263
0.96,0.655354
0.961,0.655374
0.962,0.655341
0.963,0.65537
0.964,0.655256
0.965,0.655053
0.966,0.654834
0.967,0.654607
0.968,0.654398
0.969,0.654187
0.97,0.653945
0.971,0.653633
0.972,0.653329
0.973,0.653139
0.974,0.65275
0.975,0.652288
0.976,0.651865
0.977,0.651587
0.978,0.651227
0.979,0.650779
0.98,0.65036
0.981,0.650108
0.982,0.64988
0.983,0.649517
0.984,0.649305
0.985,0.649041
0.986,0.648633
0.987,0.648412
0.988,0.64823
0.989,0.64806
0.99,0.64815
0.991,0.648068
0.992,0.64791
0.993,0.647844
0.994,0.647955
0.995,0.648109
0.996,0.648229
0.997,0.648219
0.998,0.648283
0.999,0.648477
1,0.648657
1.001,0.648796
1.002,0.648919
1.003,0.649054
1.004,0.649194
1.005,0.649361
1.006,0.649941
1.007,0.65059
1.008,0.650918
1.009,0.651178
1.01,0.651549
1.011,0.65199
1.012,0.65242
1.013,0.652872
1.014,0.653294
1.015,0.65363
1.016,0.653991
1.017,0.654377
1.018,0.654742
1.019,0.655071
1.02,0.655416
1.021,0.655916
1.022,0.656445
1.023,0.656838
1.024,0.657134
1.025,0.657361
1.026,0.657651
1.027,0.658118
1.028,0.65863
1.029,0.659035
1.03,0.659343
1.031,0.659612
1.032,0.659934
1.033,0.660335
1.034,0.660727
1.035,0.661028
1.036,0.661353
1.037,0.661734
1.038,0.662241
1.039,0.662703
1.04,0.662945
1.041,0.663129
1.042,0.663475
1.043,0.663946
1.044,0.664349
1.045,0.664692
1.046,0.665062
1.047,0.66549
1.048,0.665906
1.049,0.666215
1.05,0.666474
1.051,0.666848
1.052,0.667136
1.053,0.667365
1.054,0.667787
1.055,0.668094
1.056,0.668397
1.057,0.668789
1.058,0.66918
1.059,0.66957
1.06,0.669936
1.061,0.670264
1.062,0.670602
1.063,0.670945
1.064,0.671215
1.065,0.671494
1.066,0.671862
1.067,0.672122
1.068,0.672254
1.069,0.672498
1.07,0.672909
1.071,0.673334
1.072,0.673663
1.073,0.673928
1.074,0.674169
1.075,0.674442
1.076,0.674793
1.077,0.675152
1.078,0.675423
1.079,0.675651
1.08,0.67587
1.081,0.676042
1.082,0.676286
1.083,0.676645
1.084,0.676941
1.085,0.677141
1.086,0.677321
1.087,0.677471
1.088,0.677664
1.089,0.677879
1.09,0.678072
1.091,0.678275
1.092,0.678485
1.093,0.678658
1.094,0.678843
1.095,0.679041
1.096,0.67927
1.097,0.679475
1.098,0.679558
1.099,0.679712
1.1,0.679952
1.101,0.680073
1.102,0.680041
1.103,0.680049
1.104,0.680088
1.105,0.680093
1.106,0.680068
1.107,0.680057
1.108,0.680069
1.109,0.680089
1.11,0.680028
1.111,0.679885
1.112,0.679679
1.113,0.679466
1.114,0.679233
1.115,0.678962
1.116,0.678667
1.117,0.678302
1.118,0.677912
1.119,0.677443
1.12,0.676949
1.121,0.676345
1.122,0.675731
1.123,0.675132
1.124,0.674523
1.125,0.673745
1.126,0.672987
1.127,0.672233
1.128,0.671444
1.129,0.67065
1.13,0.669834
1.131,0.669007
1.132,0.668142
1.133,0.667233
1.134,0.66623
1.135,0.665222
1.136,0.66412
1.137,0.663031
1.138,0.66201
1.139,0.661002
1.14,0.660011
1.141,0.65905
1.142,0.658052
1.143,0.657063
1.144,0.65606
1.145,0.65502
1.146,0.653966
1.147,0.652893
1.148,0.651809
1.149,0.650689
1.15,0.649564
1.151,0.648361
1.152,0.647178
1.153,0.645978
1.154,0.644781
1.155,0.643508
1.156,0.642236
1.157,0.640868
1.158,0.639525
1.159,0.638184
1.16,0.636824
1.161,0.635488
1.162,0.634204
1.163,0.632976
1.164,0.631785
1.165,0.630606
1.166,0.629419
1.167,0.628221
1.168,0.626996
1.169,0.625789
1.17,0.624658
1.171,0.623542
1.172,0.622376
1.173,0.621206
1.174,0.619985
1.175,0.618774
1.176,0.617499
1.177,0.616203
1.178,0.614941
1.179,0.613692
1.18,0.61239
1.181,0.611026
1.182,0.609678
1.183,0.608339
1.184,0.607014
1.185,0.605749
1.186,0.604513
1.187,0.603398
1.188,0.602296
1.189,0.601216
1.19,0.600148
1.191,0.599205
1.192,0.598297
1.193,0.597497
1.194,0.596751
1.195,0.596047
1.196,0.595372
1.197,0.594788
1.198,0.594301
1.199,0.593873
1.2,0.593548
1.201,0.593258
1.202,0.593073
1.203,0.592906
1.204,0.592861
1.205,0.592818
1.206,0.592865
1.207,0.592913
1.208,0.593168
1.209,0.593446
1.21,0.593787
1.211,0.594144
1.212,0.594622
1.213,0.595162
1.214,0.595822
1.215,0.596583
1.216,0.597452
1.217,0.598471
1.218,0.599555
1.219,0.600799
1.22,0.602035
1.221,0.603273
1.222,0.604513
1.223,0.605893
1.224,0.607257
1.225,0.608595
1.226,0.60992
1.227,0.611267
1.228,0.612605
1.229,0.6139
1.23,0.615171
1.231,0.616408
1.232,0.617621
1.233,0.61878
1.234,0.619888
1.235,0.620957
1.236,0.62198
1.237,0.622972
1.238,0.623901
1.239,0.624825
1.24,0.625758
1.241,0.626673
1.242,0.627465
1.243,0.628249
1.244,0.629007
1.245,0.629761
1.246,0.63051
1.247,0.631251
1.248,0.631933
1.249,0.632597
1.25,0.6332
1.251,0.633765
1.252,0.634341
1.253,0.634934
1.254,0.635485
1.255,0.635988
1.256,0.636475
1.257,0.636906
1.258,0.637337
1.259,0.6378
1.26,0.638252
1.261,0.638645
1.262,0.639035
1.263,0.6394
1.264,0.639764
1.265,0.640096
1.266,0.640425
1.267,0.640754
1.268,0.641082
1.269,0.641378
1.27,0.641663
1.271,0.642003
1.272,0.642365
1.273,0.642715
1.274,0.643058
1.275,0.643409
1.276,0.643775
1.277,0.644124
1.278,0.644434
1.279,0.644762
1.28,0.645141
1.281,0.645524
1.282,0.645951
1.283,0.646381
1.284,0.646815
1.285,0.647242
1.286,0.647582
1.287,0.647918
1.288,0.648273
1.289,0.648623
1.29,0.648967
1.291,0.649299
1.292,0.649598
1.293,0.649908
1.294,0.65018
1.295,0.650419
1.296,0.65069
1.297,0.650941
1.298,0.651136
1.299,0.651258
1.3,0.651368
1.301,0.65144
1.302,0.651512
1.303,0.651545
1.304,0.651556
1.305,0.651475
1.306,0.651393
1.307,0.65128
1.308,0.651153
1.309,0.650971
1.31,0.650791
1.311,0.65058
1.312,0.650351
1.313,0.650064
1.314,0.649745
1.315,0.649343
1.316,0.648891
1.317,0.64842
1.318,0.647906
1.319,0.647325
1.32,0.646674
1.321,0.646011
1.322,0.645323
1.323,0.644591
1.324,0.643718
1.325,0.642828
1.326,0.641872
1.327,0.640887
1.328,0.639687
1.329,0.638464
1.33,0.637218
1.331,0.635961
1.332,0.634556
1.333,0.633131
1.334,0.631614
1.335,0.630082
1.336,0.62847
1.337,0.626826
1.338,0.625117
1.339,0.623362
1.34,0.62153
1.341,0.619662
1.342,0.617768
1.343,0.615817
1.344,0.613829
1.345,0.611745
1.346,0.609657
1.347,0.60761
1.348,0.605542
1.349,0.603387
1.35,0.601241
1.351,0.599091
1.352,0.596953
1.353,0.594839
1.354,0.592737
1.355,0.590667
1.356,0.588607
1.357,0.586517
1.358,0.584435
1.359,0.582461
1.36,0.580506
1.361,0.578555
1.362,0.576611
1.363,0.574735
1.364,0.572941
1.365,0.571143
1.366,0.569344
1.367,0.567619
1.368,0.565914
1.369,0.564206
1.37,0.56253
1.371,0.560893
1.372,0.559299
1.373,0.55769
1.374,0.55605
1.375,0.554427
1.376,0.552763
1.377,0.551064
1.378,0.549215
1.379,0.547348
1.38,0.545406
1.381,0.54343
1.382,0.541237
1.383,0.539011
1.384,0.536664
1.385,0.53428
1.386,0.531709
1.387,0.529096
1.388,0.526341
1.389,0.523579
1.39,0.52062
1.391,0.517587
1.392,0.514462
1.393,0.51124
1.394,0.50788
1.395,0.504401
1.396,0.500849
1.397,0.497224
1.398,0.493461
1.399,0.489468
1.4,0.485424
1.401,0.481186
1.402,0.476903
1.403,0.472366
1.404,0.467793
1.405,0.463161
1.406,0.458514
1.407,0.453693
1.408,0.448907
1.409,0.44418
1.41,0.439464
1.411,0.434683
1.412,0.42993
1.413,0.425319
1.414,0.420787
1.415,0.416314
1.416,0.411902
1.417,0.407735
1.418,0.403623
1.419,0.399648
1.42,0.395751
1.421,0.392071
1.422,0.38855
1.423,0.385141
1.424,0.381836
1.425,0.378727
1.426,0.375756
1.427,0.372907
1.428,0.370201
1.429,0.367624
1.43,0.365269
1.431,0.363008
1.432,0.360925
1.433,0.358952
1.434,0.357227
1.435,0.355546
1.436,0.354035
1.437,0.352594
1.438,0.351361
1.439,0.350173
1.44,0.349139
1.441,0.348154
1.442,0.347316
1.443,0.346525
1.444,0.345867
1.445,0.345238
1.446,0.344711
1.447,0.344219
1.448,0.343842
1.449,0.343492
1.45,0.343226
1.451,0.342989
1.452,0.34281
1.453,0.34266
1.454,0.342567
1.455,0.342475
1.456,0.342445
1.457,0.342467
1.458,0.342499
1.459,0.342533
1.46,0.342598
1.461,0.342697
1.462,0.342833
1.463,0.34299
1.464,0.343158
1.465,0.343344
1.466,0.343544
1.467,0.343786
1.468,0.344047
1.469,0.344334
1.47,0.344638
1.471,0.34498
1.472,0.345334
1.473,0.345737
1.474,0.346146
1.475,0.346587
1.476,0.347047
1.477,0.347544
1.478,0.348047
1.479,0.348551
1.48,0.349059
1.481,0.349601
1.482,0.350152
1.483,0.350701
1.484,0.351254
1.485,0.351829
1.486,0.352408
1.487,0.352958
1.488,0.353506
1.489,0.354074
1.49,0.354639
1.491,0.355197
1.492,0.355779
1.493,0.356387
1.494,0.356997
1.495,0.357618
1.496,0.358229
1.497,0.358855
1.498,0.359495
1.499,0.360142
1.5,0.360811
1.501,0.361476
1.502,0.362131
1.503,0.362784
1.504,0.363421
1.505,0.364045
1.506,0.364669
1.507,0.365273
1.508,0.365856
1.509,0.366446
1.51,0.367038
1.511,0.367649
1.512,0.368273
1.513,0.368897
1.514,0.369518
1.515,0.370118
1.516,0.370717
1.517,0.371318
1.518,0.371879
1.519,0.37244
1.52,0.37297
1.521,0.373483
1.522,0.373957
1.523,0.374431
1.524,0.374908
1.525,0.375382
1.526,0.375822
1.527,0.376256
1.528,0.376663
1.529,0.37706
1.53,0.377431
1.531,0.377794
1.532,0.378161
1.533,0.378541
1.534,0.378902
1.535,0.379255
1.536,0.379577
1.537,0.379882
1.538,0.380172
1.539,0.380466
1.54,0.380743
1.541,0.381023
1.542,0.38131
1.543,0.381596
1.544,0.381901
1.545,0.382206
1.546,0.382491
1.547,0.382777
1.548,0.383039
1.549,0.383309
1.55,0.383581
1.551,0.383855
1.552,0.384148
1.553,0.384424
1.554,0.384712
1.555,0.385019
1.556,0.385313
1.557,0.385603
1.558,0.385864
1.559,0.386108
1.56,0.386365
1.561,0.386609
1.562,0.386848
1.563,0.38709
1.564,0.387316
1.565,0.387535
1.566,0.387779
1.567,0.388051
1.568,0.38831
1.569,0.388558
1.57,0.388812
1.571,0.389085
1.572,0.389345
1.573,0.389583
1.574,0.389857
1.575,0.390169
1.576,0.390465
1.577,0.390742
1.578,0.391041
1.579,0.39136
1.58,0.391682
1.581,0.39203
1.582,0.392377
1.583,0.392741
1.584,0.393133
1.585,0.393533
1.586,0.393944
1.587,0.394405
1.588,0.394862
1.589,0.395337
1.59,0.395831
1.591,0.396366
1.592,0.39692
1.593,0.397485
1.594,0.398047
1.595,0.39862
1.596,0.399199
1.597,0.399783
1.598,0.400377
1.599,0.401012
1.6,0.401653
1.601,0.402273
1.602,0.40289
1.603,0.403517
1.604,0.404142
1.605,0.404795
1.606,0.405452
1.607,0.406091
1.608,0.406737
1.609,0.407331
1.61,0.407913
1.611,0.408499
1.612,0.40908
1.613,0.409609
1.614,0.410138
1.615,0.410628
1.616,0.411117
1.617,0.411602
1.618,0.412073
1.619,0.412457
1.62,0.41283
1.621,0.413196
1.622,0.413557
1.623,0.413846
1.624,0.414125
1.625,0.41436
1.626,0.414579
1.627,0.414733
1.628,0.414873
1.629,0.415014
1.63,0.415162
1.631,0.4153
1.632,0.415443
1.633,0.41561
1.634,0.415775
1.635,0.415943
1.636,0.416111
1.637,0.416312
1.638,0.416528
1.639,0.416722
1.64,0.416907
1.641,0.417034
1.642,0.41714
1.643,0.417182
1.644,0.417199
1.645,0.417076
1.646,0.41693
1.647,0.416667
1.648,0.416376
1.649,0.415974
1.65,0.415538
1.651,0.414992
1.652,0.414431
1.653,0.413811
1.654,0.413174
1.655,0.412461
1.656,0.411731
1.657,0.410991
1.658,0.410244
1.659,0.409512
1.66,0.408786
1.661,0.40802
1.662,0.407246
1.663,0.406496
1.664,0.405752
1.665,0.405049
1.666,0.404343
1.667,0.403682
1.668,0.40304
1.669,0.402455
1.67,0.401865
1.671,0.401322
1.672,0.400793
1.673,0.400281
1.674,0.399766
1.675,0.399254
1.676,0.398752
1.677,0.398337
1.678,0.39792
1.679,0.397441
1.68,0.396961
1.681,0.396427
1.682,0.395861
1.683,0.395213
1.684,0.394555
1.685,0.393793
1.686,0.393021
1.687,0.392184
1.688,0.391325
1.689,0.390472
1.69,0.389603
1.691,0.388688
1.692,0.387767
1.693,0.386793
1.694,0.385812
1.695,0.384811
1.696,0.383802
1.697,0.38274
1.698,0.381658
1.699,0.380555
1.7,0.37944
1.701,0.378277
1.702,0.37713
1.703,0.376018
1.704,0.374913
1.705,0.373845
1.706,0.372777
1.707,0.371759
1.708,0.370767
1.709,0.369869
1.71,0.36899
1.711,0.368141
1.712,0.367326
1.713,0.366588
1.714,0.365831
1.715,0.365059
1.716,0.364321
1.717,0.363642
1.718,0.362962
1.719,0.362266
1.72,0.36159
1.721,0.360957
1.722,0.36037
1.723,0.359854
1.724,0.359422
1.725,0.359111
1.726,0.358891
1.727,0.358769
1.728,0.35877
1.729,0.358893
1.73,0.359123
1.731,0.359471
1.732,0.35992
1.733,0.360451
1.734,0.361026
1.735,0.36163
1.736,0.362231
1.737,0.362821
1.738,0.363332
1.739,0.36381
1.74,0.364175
1.741,0.364478
1.742,0.364669
1.743,0.36481
1.744,0.364854
1.745,0.364843
1.746,0.364796
1.747,0.364735
1.748,0.364631
1.749,0.364517
1.75,0.364433
1.751,0.364362
1.752,0.364336
1.753,0.364308
1.754,0.364334
1.755,0.36438
1.756,0.364539
1.757,0.364727
1.758,0.365016
1.759,0.365321
1.76,0.365628
1.761,0.365928
1.762,0.366294
1.763,0.366675
1.764,0.367148
1.765,0.367643
1.766,0.36822
1.767,0.368801
1.768,0.369368
1.769,0.369939
1.77,0.370528
1.771,0.371098
1.772,0.371677
1.773,0.37227
1.774,0.372831
1.775,0.37338
1.776,0.373887
1.777,0.374369
1.778,0.374818
1.779,0.375232
1.78,0.375551
1.781,0.37585
1.782,0.376127
1.783,0.376371
1.784,0.376554
1.785,0.37677
1.786,0.377027
1.787,0.377282
1.788,0.377573
1.789,0.377899
1.79,0.37824
1.791,0.378539
1.792,0.378787
1.793,0.378995
1.794,0.379194
1.795,0.379414
1.796,0.379638
1.797,0.379875
1.798,0.380129
1.799,0.380315
1.8,0.380468
1.801,0.380666
1.802,0.380885
1.803,0.381087
1.804,0.381404
1.805,0.381724
1.806,0.382011
1.807,0.382311
1.808,0.382631
1.809,0.382952
1.81,0.383231
1.811,0.383431
1.812,0.383643
1.813,0.383896
1.814,0.384147
1.815,0.384395
1.816,0.384638
1.817,0.38487
1.818,0.3851
1.819,0.385337
1.82,0.385579
1.821,0.385803
1.822,0.386078
1.823,0.386423
1.824,0.38677
1.825,0.387078
1.826,0.387353
1.827,0.38762
1.828,0.387938
1.829,0.388317
1.83,0.388728
1.831,0.389107
1.832,0.389465
1.833,0.389869
1.834,0.390296
1.835,0.39066
1.836,0.390974
1.837,0.39135
1.838,0.391738
1.839,0.392067
1.84,0.392433
1.841,0.39285
1.842,0.393251
1.843,0.393609
1.844,0.393922
1.845,0.394246
1.846,0.394541
1.847,0.394737
1.848,0.394945
1.849,0.395205
1.85,0.395427
1.851,0.39559
1.852,0.395741
1.853,0.395848
1.854,0.395929
1.855,0.395928
1.856,0.395843
1.857,0.395761
1.858,0.395638
1.859,0.39546
1.86,0.395212
1.861,0.394933
1.862,0.394584
1.863,0.394194
1.864,0.393722
1.865,0.393143
1.866,0.392477
1.867,0.391778
1.868,0.391046
1.869,0.390113
1.87,0.389077
1.871,0.387909
1.872,0.386681
1.873,0.385277
1.874,0.383733
1.875,0.382085
1.876,0.380269
1.877,0.378348
1.878,0.37619
1.879,0.373941
1.88,0.371532
1.881,0.369061
1.882,0.366326
1.883,0.363374
1.884,0.360261
1.885,0.35699
1.886,0.353611
1.887,0.34993
1.888,0.346151
1.889,0.342204
1.89,0.338172
1.891,0.333953
1.892,0.329577
1.893,0.325043
1.894,0.320451
1.895,0.315825
1.896,0.31109
1.897,0.306352
1.898,0.301643
1.899,0.296922
1.9,0.292228
1.901,0.287514
1.902,0.282953
1.903,0.278556
1.904,0.274282
1.905,0.270207
1.906,0.266251
1.907,0.262602
1.908,0.25907
1.909,0.255787
1.91,0.252596
1.911,0.249725
1.912,0.247092
1.913,0.244624
1.914,0.242353
1.915,0.240212
1.916,0.238346
1.917,0.236592
1.918,0.235091
1.919,0.233678
1.92,0.232484
1.921,0.231418
1.922,0.230495
1.923,0.229699
1.924,0.229018
1.925,0.228518
1.926,0.228087
1.927,0.227807
1.928,0.227581
1.929,0.227533
1.93,0.227561
1.931,0.227683
1.932,0.227874
1.933,0.228109
1.934,0.228396
1.935,0.22875
1.936,0.229256
1.937,0.229814
1.938,0.2304
1.939,0.230991
1.94,0.231653
1.941,0.232351
1.942,0.233061
1.943,0.233803
1.944,0.234595
1.945,0.235424
1.946,0.236276
1.947,0.237127
1.948,0.237967
1.949,0.238867
1.95,0.239793
1.951,0.240717
1.952,0.241643
1.953,0.242578
1.954,0.243518
1.955,0.244451
1.956,0.245355
1.957,0.246248
1.958,0.247167
1.959,0.248098
1.96,0.24904
1.961,0.24998
1.962,0.250932
1.963,0.251898
1.964,0.25285
1.965,0.253771
1.966,0.254682
1.967,0.255618
1.968,0.256556
1.969,0.257449
1.97,0.258329
1.971,0.259196
1.972,0.260056
1.973,0.260934
1.974,0.261811
1.975,0.262704
1.976,0.263625
1.977,0.264511
1.978,0.265342
1.979,0.266178
1.98,0.267035
1.981,0.267909
1.982,0.26872
1.983,0.26951
1.984,0.270271
1.985,0.271016
1.986,0.271754
1.987,0.27249
1.988,0.273213
1.989,0.273905
1.99,0.274587
1.991,0.275232
1.992,0.275856
1.993,0.276398
1.994,0.276918
1.995,0.277443
1.996,0.277979
1.997,0.27847
1.998,0.278919
1.999,0.279302
2,0.279598
2.001,0.279879
2.002,0.280152
2.003,0.28042
2.004,0.280661
2.005,0.280909
2.006,0.281049
2.007,0.281139
2.008,0.281156
2.009,0.281122
2.01,0.281048
2.011,0.280934
2.012,0.280784
2.013,0.28056
2.014,0.280309
2.015,0.279981
2.016,0.279628
2.017,0.279234
2.018,0.278843
2.019,0.278321
2.02,0.277718
2.021,0.277108
2.022,0.276501
2.023,0.27587
2.024,0.275179
2.025,0.274457
2.026,0.273691
2.027,0.272909
2.028,0.27206
2.029,0.271192
2.03,0.27029
2.031,0.26937
2.032,0.268411
2.033,0.267426
2.034,0.266426
2.035,0.265411
2.036,0.264381
2.037,0.263319
2.038,0.262257
2.039,0.26127
2.04,0.260302
2.041,0.259276
2.042,0.25824
2.043,0.257205
2.044,0.256168
2.045,0.255173
2.046,0.254209
2.047,0.253239
2.048,0.252254
2.049,0.25127
2.05,0.250318
2.051,0.249377
2.052,0.248466
2.053,0.247556
2.054,0.246718
2.055,0.245889
2.056,0.245098
2.057,0.24434
2.058,0.243581
2.059,0.242823
2.06,0.242093
2.061,0.241401
2.062,0.240722
2.063,0.240059
2.064,0.239403
2.065,0.238821
2.066,0.238262
2.067,0.237702
2.068,0.23714
2.069,0.236597
2.07,0.236068
2.071,0.235534
2.072,0.234987
2.073,0.23447
2.074,0.233999
2.075,0.233537
2.076,0.23308
2.077,0.232625
2.078,0.232201
2.079,0.231786
2.08,0.231418
2.081,0.231072
2.082,0.230676
2.083,0.230248
2.084,0.229859
2.085,0.229512
2.086,0.229149
2.087,0.228745
2.088,0.228346
2.089,0.227983
2.09,0.227637
2.091,0.227348
2.092,0.227079
2.093,0.226784
2.094,0.226479
2.095,0.226209
2.096,0.225958
2.097,0.22567
2.098,0.225351
2.099,0.225067
2.1,0.224819
2.101,0.22457
2.102,0.224309
2.103,0.224041
2.104,0.22377
2.105,0.2235
2.106,0.223227
2.107,0.222942
2.108,0.22273
2.109,0.222539
2.11,0.222357
2.111,0.222198
2.112,0.22203
2.113,0.221857
2.114,0.221674
2.115,0.221462
2.116,0.221262
2.117,0.2211
2.118,0.220944
2.119,0.220787
2.12,0.220631
2.121,0.220467
2.122,0.220293
2.123,0.220178
2.124,0.220088
2.125,0.22001
2.126,0.219948
2.127,0.219879
2.128,0.219803
2.129,0.219739
2.13,0.219688
2.131,0.219653
2.132,0.219642
2.133,0.219652
2.134,0.219669
2.135,0.219692
2.136,0.219782
2.137,0.219892
2.138,0.220015
2.139,0.220156
2.14,0.22026
2.141,0.220336
2.142,0.220525
2.143,0.220785
2.144,0.221085
2.145,0.22143
2.146,0.221751
2.147,0.222026
2.148,0.222315
2.149,0.222649
2.15,0.222997
2.151,0.22335
2.152,0.223706
2.153,0.224071
2.154,0.224441
2.155,0.224878
2.156,0.225355
2.157,0.225804
2.158,0.226239
2.159,0.226688
2.16,0.227147
2.161,0.227646
2.162,0.228197
2.163,0.228761
2.164,0.229309
2.165,0.229847
2.166,0.230389
2.167,0.230943
2.168,0.23153
2.169,0.232134
2.17,0.232759
2.171,0.233396
2.172,0.233952
2.173,0.234469
2.174,0.235023
2.175,0.235601
2.176,0.236118
2.177,0.236572
2.178,0.237068
2.179,0.237634
2.18,0.238196
2.181,0.238735
2.182,0.239258
2.183,0.23976
2.184,0.240269
2.185,0.240794
2.186,0.241322
2.187,0.241865
2.188,0.242419
2.189,0.242971
2.19,0.243523
2.191,0.244041
2.192,0.244541
2.193,0.245043
2.194,0.245536
2.195,0.246046
2.196,0.246575
2.197,0.247074
2.198,0.24755
2.199,0.248019
2.2,0.248481
2.201,0.248956
2.202,0.249421
2.203,0.249867
2.204,0.250308
2.205,0.25074
2.206,0.251185
2.207,0.25165
2.208,0.252049
2.209,0.252409
2.21,0.252776
2.211,0.25313
2.212,0.253437
2.213,0.253732
2.214,0.253965
2.215,0.254145
2.216,0.254312
2.217,0.254457
2.218,0.254559
2.219,0.254589
2.22,0.254585
2.221,0.254588
2.222,0.25459
2.223,0.254512
2.224,0.254415
2.225,0.254182
2.226,0.253903
2.227,0.253615
2.228,0.253318
2.229,0.252942
2.23,0.252556
2.231,0.25206
2.232,0.251496
2.233,0.25084
2.234,0.250108
2.235,0.249336
2.236,0.248527
2.237,0.247699
2.238,0.246882
2.239,0.246032
2.24,0.2451
2.241,0.244137
2.242,0.243147
2.243,0.24214
2.244,0.241084
2.245,0.240002
2.246,0.238857
2.247,0.237676
2.248,0.236504
2.249,0.23534
2.25,0.234102
2.251,0.232818
2.252,0.231529
2.253,0.230228
2.254,0.22894
2.255,0.227661
2.256,0.226342
2.257,0.224982
2.258,0.223622
2.259,0.222276
2.26,0.220992
2.261,0.219792
2.262,0.218606
2.263,0.21739
2.264,0.216172
2.265,0.215018
2.266,0.213888
2.267,0.21277
2.268,0.211657
2.269,0.210745
2.27,0.209891
2.271,0.209096
2.272,0.208319
2.273,0.207628
2.274,0.206975
2.275,0.206425
2.276,0.205898
2.277,0.205499
2.278,0.205177
2.279,0.204856
2.28,0.204545
2.281,0.204259
2.282,0.204012
2.283,0.203714
2.284,0.203323
2.285,0.202899
2.286,0.202439
2.287,0.201962
2.288,0.201527
2.289,0.20106
2.29,0.200453
2.291,0.199806
2.292,0.199098
2.293,0.198351
2.294,0.197465
2.295,0.19651
2.296,0.195634
2.297,0.194777
2.298,0.193906
2.299,0.193025
2.3,0.192203
2.301,0.191389
2.302,0.190621
2.303,0.189871
2.304,0.189214
2.305,0.1886
2.306,0.188101
2.307,0.187652
2.308,0.187336
2.309,0.187137
2.31,0.187114
2.311,0.187222
2.312,0.187457
2.313,0.18786
2.314,0.188382
2.315,0.189037
2.316,0.189759
2.317,0.190485
2.318,0.191229
2.319,0.192024
2.32,0.192796
2.321,0.193364
2.322,0.193862
2.323,0.194211
2.324,0.194495
2.325,0.194662
2.326,0.194797
2.327,0.194814
2.328,0.194775
2.329,0.194634
2.33,0.194433
2.331,0.194169
2.332,0.193889
2.333,0.193524
2.334,0.193117
2.335,0.192728
2.336,0.192319
2.337,0.191892
2.338,0.191465
2.339,0.190941
2.34,0.190364
2.341,0.189846
2.342,0.189342
2.343,0.188901
2.344,0.188546
2.345,0.18816
2.346,0.187739
2.347,0.187418
2.348,0.18723
2.349,0.187103
2.35,0.187002
2.351,0.186971
2.352,0.187071
2.353,0.187219
2.354,0.18741
2.355,0.187625
2.356,0.187881
2.357,0.188154
2.358,0.188477
2.359,0.188863
2.36,0.189167
2.361,0.189402
2.362,0.189504
2.363,0.18956
2.364,0.189605
2.365,0.189649
2.366,0.189579
2.367,0.18946
2.368,0.189432
2.369,0.189419
2.37,0.189353
2.371,0.189303
2.372,0.189222
2.373,0.189112
2.374,0.189032
2.375,0.188953
2.376,0.188926
2.377,0.188919
2.378,0.188817
2.379,0.188718
2.38,0.188602
2.381,0.188428
2.382,0.18834
2.383,0.188313
2.384,0.188308
2.385,0.188298
2.386,0.188296
2.387,0.188327
2.388,0.188392
2.389,0.18851
2.39,0.188551
2.391,0.188477
2.392,0.188416
2.393,0.188337
2.394,0.188247
2.395,0.188233
2.396,0.188228
2.397,0.188199
2.398,0.188172
2.399,0.188134
2.4,0.188096
2.401,0.188034
2.402,0.187923
2.403,0.187815
2.404,0.187688
2.405,0.18752
2.406,0.18738
2.407,0.187232
2.408,0.187086
2.409,0.186869
2.41,0.186608
2.411,0.186324
2.412,0.185989
2.413,0.185661
2.414,0.185357
2.415,0.18507
2.416,0.184788
2.417,0.184434
2.418,0.184041
2.419,0.18361
2.42,0.183151
2.421,0.18264
2.422,0.182115
2.423,0.181656
2.424,0.181213
2.425,0.180814
2.426,0.180428
2.427,0.179895
2.428,0.179308
2.429,0.178769
2.43,0.178197
2.431,0.17772
2.432,0.177331
2.433,0.176948
2.434,0.176497
2.435,0.175982
2.436,0.175513
2.437,0.174923
2.438,0.174228
2.439,0.17375
2.44,0.173383
2.441,0.172836
2.442,0.172066
2.443,0.17145
2.444,0.170985
2.445,0.170581
2.446,0.170259
2.447,0.169812
2.448,0.169187
2.449,0.168473
2.45,0.167661
2.451,0.167171
2.452,0.166966
2.453,0.16641
2.454,0.165686
2.455,0.165131
2.456,0.164442
2.457,0.163684
2.458,0.163021
2.459,0.162465
2.46,0.161882
2.461,0.161343
2.462,0.160885
2.463,0.160422
2.464,0.159776
2.465,0.159146
2.466,0.1584
2.467,0.157618
2.468,0.157124
2.469,0.15685
2.47,0.156702
2.471,0.156216
2.472,0.155283
2.473,0.15481
2.474,0.15467
2.475,0.154267
2.476,0.153734
2.477,0.153514
2.478,0.153791
2.479,0.154165
2.48,0.153952
2.481,0.153403
2.482,0.152727
2.483,0.151978
2.484,0.151718
2.485,0.151712
2.486,0.151962
2.487,0.151791
2.488,0.150635
2.489,0.150925
2.49,0.152149
2.491,0.151842
2.492,0.150973
2.493,0.15053
2.494,0.150662
2.495,0.150752
2.496,0.150487
2.497,0.150494
2.498,0.150415
2.499,0.150769
2.5,0.1516
