# Spectral reflectance of grass dry, 0.35-2.5 um.
#
# source: MEASURED. USGS Spectral Library Version 7 (Kokaly et al. 2017, U.S. Geological Survey Data Series 1035, doi:10.3133/ds1035; data doi:10.5066/F7RR1WDJ), splib07a, public domain.
#   Record: splib07a Record=21213: Grass_Golden_Dry GDS480 ASDFRa AREF (splib07a_Grass_Golden_Dry_GDS480_ASDFRa_AREF.txt); deleted channels dropped, otherwise unmodified.
#   Copied by scripts/import_paired_spectra.py. Directional reflectance of the sample as
#   measured; for an opaque surface the emissivity is 1 - reflectance (Kirchhoff).
# Columns: wavelength in MICROMETRES, reflectance.
0.35,0.0252403
0.351,0.0252418
0.352,0.0252436
0.353,0.0252453
0.354,0.0252471
0.355,0.0252037
0.356,0.0251731
0.357,0.0251679
0.358,0.0251952
0.359,0.0252408
0.36,0.0252847
0.361,0.0253167
0.362,0.0253647
0.363,0.0254661
0.364,0.0256447
0.365,0.0258697
0.366,0.0260968
0.367,0.0262937
0.368,0.0264779
0.369,0.0266787
0.37,0.0269172
0.371,0.0271807
0.372,0.0274478
0.373,0.0277051
0.374,0.0279717
0.375,0.0282745
0.376,0.0286299
0.377,0.0290121
0.378,0.0293847
0.379,0.0297255
0.38,0.0300696
0.381,0.0304662
0.382,0.0309479
0.383,0.0314792
0.384,0.032008
0.385,0.0324968
0.386,0.0329683
0.387,0.0334597
0.388,0.0339992
0.389,0.0345782
0.39,0.0351786
0.391,0.0357895
0.392,0.0364296
0.393,0.0371242
0.394,0.0378878
0.395,0.038689
0.396,0.0394854
0.397,0.0402467
0.398,0.0409916
0.399,0.0417509
0.4,0.0425477
0.401,0.0433741
0.402,0.044214
0.403,0.045056
0.404,0.045907
0.405,0.046778
0.406,0.047676
0.407,0.0485894
0.408,0.0495022
0.409,0.050403
0.41,0.0512983
0.411,0.0521992
0.412,0.0531158
0.413,0.054053
0.414,0.0550148
0.415,0.0560013
0.416,0.0569993
0.417,0.0579915
0.418,0.0589662
0.419,0.0599316
0.42,0.0609011
0.421,0.0618841
0.422,0.062875
0.423,0.0638639
0.424,0.0648438
0.425,0.0658171
0.426,0.0667888
0.427,0.0677636
0.428,0.0687461
0.429,0.0697404
0.43,0.070749
0.431,0.0717665
0.432,0.0727858
0.433,0.0737988
0.434,0.074794
0.435,0.0757591
0.436,0.0766865
0.437,0.0775876
0.438,0.0784784
0.439,0.0793712
0.44,0.0802621
0.441,0.0811436
0.442,0.0820112
0.443,0.0828716
0.444,0.083735
0.445,0.084608
0.446,0.0854859
0.447,0.086361
0.448,0.0872279
0.449,0.0880911
0.45,0.0889576
0.451,0.0898313
0.452,0.090705
0.453,0.0915681
0.454,0.0924139
0.455,0.0932481
0.456,0.0940799
0.457,0.0949156
0.458,0.0957511
0.459,0.0965796
0.46,0.0973965
0.461,0.098204
0.462,0.0990069
0.463,0.0998086
0.464,0.100609
0.465,0.101407
0.466,0.102202
0.467,0.102994
0.468,0.103784
0.469,0.104571
0.47,0.105354
0.471,0.106128
0.472,0.106891
0.473,0.107649
0.474,0.108408
0.475,0.109173
0.476,0.10994
0.477,0.110702
0.478,0.111457
0.479,0.112204
0.48,0.112949
0.481,0.113694
0.482,0.114439
0.483,0.115187
0.484,0.115936
0.485,0.116682
0.486,0.117422
0.487,0.118152
0.488,0.118878
0.489,0.119605
0.49,0.120339
0.491,0.121074
0.492,0.121806
0.493,0.122527
0.494,0.123243
0.495,0.123958
0.496,0.124675
0.497,0.125393
0.498,0.126109
0.499,0.12682
0.5,0.127529
0.501,0.128236
0.502,0.128945
0.503,0.129653
0.504,0.13036
0.505,0.131063
0.506,0.131766
0.507,0.132471
0.508,0.133178
0.509,0.133887
0.51,0.134593
0.511,0.135295
0.512,0.135994
0.513,0.136692
0.514,0.13739
0.515,0.138089
0.516,0.138788
0.517,0.139486
0.518,0.140184
0.519,0.140882
0.52,0.141579
0.521,0.142276
0.522,0.142972
0.523,0.143667
0.524,0.144361
0.525,0.145054
0.526,0.145746
0.527,0.146439
0.528,0.147132
0.529,0.147824
0.53,0.148516
0.531,0.149207
0.532,0.149897
0.533,0.150587
0.534,0.151275
0.535,0.151964
0.536,0.152653
0.537,0.153345
0.538,0.154039
0.539,0.154737
0.54,0.155442
0.541,0.156155
0.542,0.156885
0.543,0.15764
0.544,0.15842
0.545,0.159196
0.546,0.159932
0.547,0.160603
0.548,0.161229
0.549,0.161843
0.55,0.162471
0.551,0.163121
0.552,0.16379
0.553,0.16448
0.554,0.165181
0.555,0.165886
0.556,0.166588
0.557,0.167289
0.558,0.167991
0.559,0.168696
0.56,0.169403
0.561,0.170109
0.562,0.170811
0.563,0.171511
0.564,0.172207
0.565,0.172901
0.566,0.173593
0.567,0.174283
0.568,0.174973
0.569,0.175664
0.57,0.176354
0.571,0.177046
0.572,0.177739
0.573,0.178435
0.574,0.179133
0.575,0.179833
0.576,0.180532
0.577,0.181229
0.578,0.181917
0.579,0.18259
0.58,0.183246
0.581,0.183889
0.582,0.184529
0.583,0.185171
0.584,0.185816
0.585,0.186463
0.586,0.18711
0.587,0.18776
0.588,0.188411
0.589,0.189064
0.59,0.189718
0.591,0.190369
0.592,0.191018
0.593,0.191665
0.594,0.192316
0.595,0.192972
0.596,0.193633
0.597,0.194297
0.598,0.194962
0.599,0.195628
0.6,0.196295
0.601,0.196961
0.602,0.197624
0.603,0.198283
0.604,0.198937
0.605,0.199583
0.606,0.200221
0.607,0.200852
0.608,0.201477
0.609,0.202102
0.61,0.202728
0.611,0.203353
0.612,0.203973
0.613,0.204584
0.614,0.205187
0.615,0.205783
0.616,0.206374
0.617,0.206963
0.618,0.207551
0.619,0.208141
0.62,0.208735
0.621,0.209331
0.622,0.209931
0.623,0.210536
0.624,0.211145
0.625,0.211757
0.626,0.212372
0.627,0.212984
0.628,0.213591
0.629,0.214191
0.63,0.214783
0.631,0.215366
0.632,0.215942
0.633,0.216513
0.634,0.21708
0.635,0.217641
0.636,0.218195
0.637,0.21874
0.638,0.219277
0.639,0.21981
0.64,0.22034
0.641,0.220867
0.642,0.221391
0.643,0.221912
0.644,0.222429
0.645,0.222945
0.646,0.22346
0.647,0.223976
0.648,0.224492
0.649,0.22501
0.65,0.225529
0.651,0.226049
0.652,0.226569
0.653,0.227089
0.654,0.227607
0.655,0.228121
0.656,0.228631
0.657,0.229138
0.658,0.229641
0.659,0.230139
0.66,0.230633
0.661,0.231121
0.662,0.231604
0.663,0.232084
0.664,0.232561
0.665,0.233037
0.666,0.233513
0.667,0.23399
0.668,0.234469
0.669,0.234952
0.67,0.235439
0.671,0.235931
0.672,0.236428
0.673,0.23693
0.674,0.237438
0.675,0.237952
0.676,0.23847
0.677,0.238996
0.678,0.23953
0.679,0.240074
0.68,0.240629
0.681,0.2412
0.682,0.241787
0.683,0.242392
0.684,0.243016
0.685,0.24366
0.686,0.244323
0.687,0.245003
0.688,0.245698
0.689,0.246404
0.69,0.247117
0.691,0.247833
0.692,0.248548
0.693,0.249261
0.694,0.249969
0.695,0.250672
0.696,0.251369
0.697,0.25206
0.698,0.252745
0.699,0.253425
0.7,0.254097
0.701,0.254763
0.702,0.255422
0.703,0.256072
0.704,0.256714
0.705,0.257348
0.706,0.257975
0.707,0.258594
0.708,0.259206
0.709,0.259811
0.71,0.260408
0.711,0.260997
0.712,0.261577
0.713,0.262149
0.714,0.262716
0.715,0.263278
0.716,0.263835
0.717,0.264387
0.718,0.264931
0.719,0.265468
0.72,0.265999
0.721,0.266525
0.722,0.267046
0.723,0.267561
0.724,0.268072
0.725,0.268577
0.726,0.269079
0.727,0.269577
0.728,0.270072
0.729,0.270563
0.73,0.271049
0.731,0.27153
0.732,0.272008
0.733,0.272481
0.734,0.27295
0.735,0.273415
0.736,0.273877
0.737,0.274334
0.738,0.274787
0.739,0.275236
0.74,0.275681
0.741,0.276122
0.742,0.276559
0.743,0.276993
0.744,0.277425
0.745,0.277856
0.746,0.278287
0.747,0.278715
0.748,0.279142
0.749,0.279565
0.75,0.279983
0.751,0.280395
0.752,0.280801
0.753,0.281203
0.754,0.281602
0.755,0.281998
0.756,0.282395
0.757,0.282793
0.758,0.283192
0.759,0.283591
0.76,0.283989
0.761,0.284385
0.762,0.284779
0.763,0.28517
0.764,0.285557
0.765,0.285941
0.766,0.286322
0.767,0.286701
0.768,0.287077
0.769,0.287454
0.77,0.287828
0.771,0.288197
0.772,0.288561
0.773,0.28892
0.774,0.289277
0.775,0.289632
0.776,0.289986
0.777,0.290341
0.778,0.290696
0.779,0.29105
0.78,0.291403
0.781,0.291756
0.782,0.292108
0.783,0.292458
0.784,0.292807
0.785,0.293153
0.786,0.293496
0.787,0.293835
0.788,0.29417
0.789,0.294504
0.79,0.294835
0.791,0.295166
0.792,0.295495
0.793,0.295823
0.794,0.29615
0.795,0.296474
0.796,0.296797
0.797,0.297118
0.798,0.29744
0.799,0.297762
0.8,0.298084
0.801,0.298401
0.802,0.298714
0.803,0.299023
0.804,0.299328
0.805,0.299632
0.806,0.299934
0.807,0.300235
0.808,0.300534
0.809,0.300833
0.81,0.301132
0.811,0.30143
0.812,0.301727
0.813,0.302023
0.814,0.302315
0.815,0.302606
0.816,0.302894
0.817,0.303181
0.818,0.303467
0.819,0.303752
0.82,0.304038
0.821,0.304322
0.822,0.304605
0.823,0.304887
0.824,0.305167
0.825,0.305445
0.826,0.305722
0.827,0.305997
0.828,0.306269
0.829,0.306539
0.83,0.306807
0.831,0.307074
0.832,0.307339
0.833,0.307604
0.834,0.307868
0.835,0.308131
0.836,0.308393
0.837,0.308655
0.838,0.308917
0.839,0.309178
0.84,0.309436
0.841,0.309691
0.842,0.309943
0.843,0.310193
0.844,0.310439
0.845,0.310684
0.846,0.310926
0.847,0.311167
0.848,0.311405
0.849,0.311642
0.85,0.311878
0.851,0.312114
0.852,0.312351
0.853,0.312589
0.854,0.312828
0.855,0.313064
0.856,0.313298
0.857,0.313529
0.858,0.313756
0.859,0.31398
0.86,0.314202
0.861,0.314422
0.862,0.314641
0.863,0.314858
0.864,0.315074
0.865,0.315289
0.866,0.315504
0.867,0.315719
0.868,0.315936
0.869,0.316153
0.87,0.316369
0.871,0.316583
0.872,0.316794
0.873,0.317001
0.874,0.317205
0.875,0.317407
0.876,0.317605
0.877,0.317803
0.878,0.317998
0.879,0.318192
0.88,0.318383
0.881,0.318573
0.882,0.318764
0.883,0.318956
0.884,0.319148
0.885,0.319339
0.886,0.319528
0.887,0.319713
0.888,0.319895
0.889,0.320075
0.89,0.320253
0.891,0.320431
0.892,0.320611
0.893,0.320791
0.894,0.32097
0.895,0.321147
0.896,0.321323
0.897,0.321498
0.898,0.321673
0.899,0.321848
0.9,0.322023
0.901,0.322196
0.902,0.322368
0.903,0.32254
0.904,0.32271
0.905,0.32288
0.906,0.32305
0.907,0.323219
0.908,0.323388
0.909,0.323558
0.91,0.323729
0.911,0.3239
0.912,0.324072
0.913,0.324244
0.914,0.324415
0.915,0.324584
0.916,0.324751
0.917,0.324916
0.918,0.325083
0.919,0.325253
0.92,0.325425
0.921,0.3256
0.922,0.325777
0.923,0.325955
0.924,0.326135
0.925,0.326315
0.926,0.326495
0.927,0.326676
0.928,0.326857
0.929,0.327037
0.93,0.327216
0.931,0.327392
0.932,0.327567
0.933,0.327743
0.934,0.327921
0.935,0.328101
0.936,0.328282
0.937,0.328463
0.938,0.328643
0.939,0.32882
0.94,0.328991
0.941,0.32916
0.942,0.329328
0.943,0.329497
0.944,0.329665
0.945,0.329833
0.946,0.329999
0.947,0.330162
0.948,0.330324
0.949,0.330483
0.95,0.330639
0.951,0.330791
0.952,0.330937
0.953,0.331079
0.954,0.331219
0.955,0.331359
0.956,0.331496
0.957,0.331632
0.958,0.331766
0.959,0.331896
0.96,0.332024
0.961,0.332149
0.962,0.332269
0.963,0.332383
0.964,0.332488
0.965,0.332588
0.966,0.332682
0.967,0.332774
0.968,0.332862
0.969,0.332947
0.97,0.333029
0.971,0.333111
0.972,0.333193
0.973,0.333279
0.974,0.333367
0.975,0.333457
0.976,0.333547
0.977,0.333639
0.978,0.333732
0.979,0.333828
0.98,0.333928
0.981,0.334033
0.982,0.334145
0.983,0.334263
0.984,0.334384
0.985,0.334507
0.986,0.334632
0.987,0.334762
0.988,0.334895
0.989,0.335031
0.99,0.335164
0.991,0.335292
0.992,0.335419
0.993,0.335547
0.994,0.33568
0.995,0.335819
0.996,0.335966
0.997,0.336115
0.998,0.336227
0.999,0.336256
1,0.336175
1.001,0.336031
1.002,0.335892
1.003,0.335815
1.004,0.335814
1.005,0.335892
1.006,0.336046
1.007,0.33624
1.008,0.336428
1.009,0.33658
1.01,0.336717
1.011,0.336871
1.012,0.337064
1.013,0.337285
1.014,0.33751
1.015,0.337715
1.016,0.337888
1.017,0.338041
1.018,0.338189
1.019,0.338342
1.02,0.338498
1.021,0.338651
1.022,0.3388
1.023,0.338947
1.024,0.339095
1.025,0.339247
1.026,0.339402
1.027,0.339558
1.028,0.339716
1.029,0.339873
1.03,0.340032
1.031,0.340192
1.032,0.340353
1.033,0.340514
1.034,0.340675
1.035,0.340837
1.036,0.341
1.037,0.341163
1.038,0.341328
1.039,0.341493
1.04,0.341658
1.041,0.341824
1.042,0.341988
1.043,0.342153
1.044,0.342316
1.045,0.342478
1.046,0.342638
1.047,0.342795
1.048,0.342947
1.049,0.343095
1.05,0.343238
1.051,0.343378
1.052,0.343515
1.053,0.34365
1.054,0.343785
1.055,0.343921
1.056,0.344058
1.057,0.344197
1.058,0.344337
1.059,0.344481
1.06,0.344628
1.061,0.344779
1.062,0.344933
1.063,0.34509
1.064,0.34525
1.065,0.34541
1.066,0.345571
1.067,0.34573
1.068,0.345888
1.069,0.346046
1.07,0.346204
1.071,0.346361
1.072,0.346519
1.073,0.346678
1.074,0.346837
1.075,0.346996
1.076,0.347156
1.077,0.347317
1.078,0.34748
1.079,0.347643
1.08,0.347808
1.081,0.347973
1.082,0.348137
1.083,0.348299
1.084,0.34846
1.085,0.348617
1.086,0.348772
1.087,0.348926
1.088,0.349079
1.089,0.349232
1.09,0.349385
1.091,0.349539
1.092,0.349691
1.093,0.349843
1.094,0.349994
1.095,0.350145
1.096,0.350294
1.097,0.350443
1.098,0.350592
1.099,0.350739
1.1,0.350885
1.101,0.351029
1.102,0.351171
1.103,0.35131
1.104,0.351447
1.105,0.351581
1.106,0.351712
1.107,0.35184
1.108,0.351965
1.109,0.352087
1.11,0.352204
1.111,0.352319
1.112,0.352428
1.113,0.352536
1.114,0.35264
1.115,0.352742
1.116,0.352841
1.117,0.352938
1.118,0.353032
1.119,0.353123
1.12,0.353209
1.121,0.353291
1.122,0.353368
1.123,0.353438
1.124,0.353503
1.125,0.353561
1.126,0.353612
1.127,0.353654
1.128,0.353689
1.129,0.353717
1.13,0.353738
1.131,0.353752
1.132,0.353762
1.133,0.353766
1.134,0.353766
1.135,0.353759
1.136,0.353746
1.137,0.353727
1.138,0.353702
1.139,0.353671
1.14,0.353635
1.141,0.353595
1.142,0.353549
1.143,0.353499
1.144,0.353443
1.145,0.353382
1.146,0.353314
1.147,0.353239
1.148,0.353158
1.149,0.35307
1.15,0.352976
1.151,0.352877
1.152,0.352775
1.153,0.35267
1.154,0.352565
1.155,0.352461
1.156,0.352359
1.157,0.35226
1.158,0.352163
1.159,0.35207
1.16,0.35198
1.161,0.351892
1.162,0.351809
1.163,0.351729
1.164,0.351652
1.165,0.35158
1.166,0.351513
1.167,0.35145
1.168,0.351392
1.169,0.351338
1.17,0.351287
1.171,0.35124
1.172,0.351195
1.173,0.351153
1.174,0.351112
1.175,0.351073
1.176,0.351034
1.177,0.350995
1.178,0.350956
1.179,0.350917
1.18,0.350878
1.181,0.350841
1.182,0.350807
1.183,0.350777
1.184,0.350751
1.185,0.350731
1.186,0.350715
1.187,0.350705
1.188,0.350701
1.189,0.350701
1.19,0.350706
1.191,0.350717
1.192,0.350732
1.193,0.350753
1.194,0.350778
1.195,0.350807
1.196,0.35084
1.197,0.350877
1.198,0.350918
1.199,0.350962
1.2,0.35101
1.201,0.351062
1.202,0.351119
1.203,0.351182
1.204,0.351251
1.205,0.351327
1.206,0.351411
1.207,0.351503
1.208,0.351604
1.209,0.351714
1.21,0.351834
1.211,0.351966
1.212,0.352109
1.213,0.352263
1.214,0.35243
1.215,0.35261
1.216,0.352801
1.217,0.353003
1.218,0.353216
1.219,0.353439
1.22,0.35367
1.221,0.35391
1.222,0.354156
1.223,0.354409
1.224,0.354668
1.225,0.354933
1.226,0.355202
1.227,0.355475
1.228,0.355752
1.229,0.356031
1.23,0.356312
1.231,0.356593
1.232,0.356874
1.233,0.357155
1.234,0.357434
1.235,0.357711
1.236,0.357984
1.237,0.358255
1.238,0.358522
1.239,0.358784
1.24,0.359043
1.241,0.359297
1.242,0.359546
1.243,0.359791
1.244,0.360032
1.245,0.360269
1.246,0.360503
1.247,0.360733
1.248,0.36096
1.249,0.361183
1.25,0.361403
1.251,0.361618
1.252,0.36183
1.253,0.362037
1.254,0.36224
1.255,0.362439
1.256,0.362633
1.257,0.362823
1.258,0.363009
1.259,0.363191
1.26,0.363369
1.261,0.363544
1.262,0.363716
1.263,0.363884
1.264,0.36405
1.265,0.364213
1.266,0.364375
1.267,0.364536
1.268,0.364696
1.269,0.364857
1.27,0.365018
1.271,0.365181
1.272,0.365345
1.273,0.365512
1.274,0.365681
1.275,0.365852
1.276,0.366025
1.277,0.366199
1.278,0.366375
1.279,0.366552
1.28,0.366729
1.281,0.366906
1.282,0.367083
1.283,0.367257
1.284,0.36743
1.285,0.3676
1.286,0.367767
1.287,0.367932
1.288,0.368092
1.289,0.368249
1.29,0.368403
1.291,0.368553
1.292,0.368699
1.293,0.368842
1.294,0.368982
1.295,0.369119
1.296,0.369253
1.297,0.369384
1.298,0.369512
1.299,0.369637
1.3,0.369759
1.301,0.369876
1.302,0.36999
1.303,0.370098
1.304,0.370201
1.305,0.370299
1.306,0.37039
1.307,0.370476
1.308,0.370555
1.309,0.370628
1.31,0.370693
1.311,0.370752
1.312,0.370804
1.313,0.370848
1.314,0.370884
1.315,0.370913
1.316,0.370934
1.317,0.370946
1.318,0.37095
1.319,0.370946
1.32,0.370933
1.321,0.37091
1.322,0.370876
1.323,0.370831
1.324,0.370774
1.325,0.370704
1.326,0.370621
1.327,0.370523
1.328,0.370411
1.329,0.370283
1.33,0.37014
1.331,0.369981
1.332,0.369807
1.333,0.369617
1.334,0.369412
1.335,0.369193
1.336,0.368961
1.337,0.368715
1.338,0.368457
1.339,0.368185
1.34,0.3679
1.341,0.367602
1.342,0.367292
1.343,0.366969
1.344,0.366635
1.345,0.36629
1.346,0.365935
1.347,0.365572
1.348,0.365202
1.349,0.364827
1.35,0.364448
1.351,0.364066
1.352,0.363683
1.353,0.363299
1.354,0.362915
1.355,0.362533
1.356,0.362153
1.357,0.361776
1.358,0.361404
1.359,0.361036
1.36,0.360674
1.361,0.360318
1.362,0.359969
1.363,0.359628
1.364,0.359296
1.365,0.358973
1.366,0.358659
1.367,0.358356
1.368,0.358063
1.369,0.357778
1.37,0.357503
1.371,0.357233
1.372,0.356968
1.373,0.356704
1.374,0.356438
1.375,0.356166
1.376,0.355884
1.377,0.355588
1.378,0.355272
1.379,0.354935
1.38,0.354572
1.381,0.354178
1.382,0.353753
1.383,0.353294
1.384,0.352797
1.385,0.352263
1.386,0.351689
1.387,0.351074
1.388,0.350417
1.389,0.349718
1.39,0.348975
1.391,0.348188
1.392,0.347355
1.393,0.346476
1.394,0.345549
1.395,0.344575
1.396,0.343552
1.397,0.342479
1.398,0.341356
1.399,0.340183
1.4,0.338961
1.401,0.337691
1.402,0.336374
1.403,0.335012
1.404,0.333608
1.405,0.332164
1.406,0.330682
1.407,0.329168
1.408,0.327625
1.409,0.326057
1.41,0.324469
1.411,0.322866
1.412,0.321253
1.413,0.319635
1.414,0.318019
1.415,0.316411
1.416,0.314815
1.417,0.31324
1.418,0.311689
1.419,0.31017
1.42,0.308687
1.421,0.307247
1.422,0.305852
1.423,0.304509
1.424,0.30322
1.425,0.301988
1.426,0.300816
1.427,0.299706
1.428,0.298658
1.429,0.297675
1.43,0.296757
1.431,0.295902
1.432,0.295112
1.433,0.294384
1.434,0.293718
1.435,0.293111
1.436,0.292561
1.437,0.292065
1.438,0.291621
1.439,0.291223
1.44,0.290869
1.441,0.290556
1.442,0.29028
1.443,0.290038
1.444,0.289827
1.445,0.289646
1.446,0.28949
1.447,0.289358
1.448,0.289247
1.449,0.289156
1.45,0.289082
1.451,0.289023
1.452,0.28898
1.453,0.288949
1.454,0.288931
1.455,0.288923
1.456,0.288926
1.457,0.28894
1.458,0.288963
1.459,0.288995
1.46,0.289038
1.461,0.28909
1.462,0.289153
1.463,0.289227
1.464,0.289313
1.465,0.289411
1.466,0.289521
1.467,0.289645
1.468,0.289782
1.469,0.289933
1.47,0.290096
1.471,0.290272
1.472,0.290459
1.473,0.290657
1.474,0.290866
1.475,0.291083
1.476,0.29131
1.477,0.291545
1.478,0.291787
1.479,0.292037
1.48,0.292295
1.481,0.292558
1.482,0.292829
1.483,0.293105
1.484,0.293388
1.485,0.293676
1.486,0.293971
1.487,0.294271
1.488,0.294579
1.489,0.294892
1.49,0.295213
1.491,0.295541
1.492,0.295876
1.493,0.296218
1.494,0.296566
1.495,0.296922
1.496,0.297284
1.497,0.297652
1.498,0.298026
1.499,0.298405
1.5,0.298789
1.501,0.299179
1.502,0.299574
1.503,0.299973
1.504,0.300376
1.505,0.300783
1.506,0.301194
1.507,0.301608
1.508,0.302024
1.509,0.302443
1.51,0.302862
1.511,0.303283
1.512,0.303704
1.513,0.304124
1.514,0.304542
1.515,0.304958
1.516,0.305371
1.517,0.30578
1.518,0.306183
1.519,0.306581
1.52,0.306971
1.521,0.307354
1.522,0.307729
1.523,0.308094
1.524,0.30845
1.525,0.308795
1.526,0.309129
1.527,0.309451
1.528,0.309762
1.529,0.310062
1.53,0.310349
1.531,0.310625
1.532,0.31089
1.533,0.311145
1.534,0.311391
1.535,0.311628
1.536,0.311859
1.537,0.312085
1.538,0.312305
1.539,0.312522
1.54,0.312735
1.541,0.312945
1.542,0.313152
1.543,0.313356
1.544,0.313558
1.545,0.313756
1.546,0.313952
1.547,0.314145
1.548,0.314335
1.549,0.314523
1.55,0.314709
1.551,0.314894
1.552,0.315077
1.553,0.315259
1.554,0.315439
1.555,0.315619
1.556,0.315796
1.557,0.315973
1.558,0.316148
1.559,0.316321
1.56,0.316493
1.561,0.316663
1.562,0.316831
1.563,0.316998
1.564,0.317164
1.565,0.317329
1.566,0.317495
1.567,0.317662
1.568,0.317831
1.569,0.318003
1.57,0.318178
1.571,0.318355
1.572,0.318538
1.573,0.318724
1.574,0.318915
1.575,0.319111
1.576,0.319312
1.577,0.319518
1.578,0.319731
1.579,0.319951
1.58,0.320178
1.581,0.320413
1.582,0.320657
1.583,0.320911
1.584,0.321175
1.585,0.321449
1.586,0.321734
1.587,0.322029
1.588,0.322335
1.589,0.322651
1.59,0.322978
1.591,0.323314
1.592,0.323659
1.593,0.324012
1.594,0.324374
1.595,0.324742
1.596,0.325118
1.597,0.325499
1.598,0.325885
1.599,0.326275
1.6,0.326668
1.601,0.327065
1.602,0.327464
1.603,0.327864
1.604,0.328265
1.605,0.328666
1.606,0.329067
1.607,0.329467
1.608,0.329864
1.609,0.330259
1.61,0.33065
1.611,0.331037
1.612,0.331418
1.613,0.331794
1.614,0.332164
1.615,0.332528
1.616,0.332886
1.617,0.333237
1.618,0.333582
1.619,0.333921
1.62,0.334253
1.621,0.334578
1.622,0.334897
1.623,0.335208
1.624,0.335513
1.625,0.33581
1.626,0.336101
1.627,0.336385
1.628,0.336662
1.629,0.336933
1.63,0.337197
1.631,0.337456
1.632,0.337707
1.633,0.337952
1.634,0.338189
1.635,0.338419
1.636,0.338641
1.637,0.338854
1.638,0.339058
1.639,0.339252
1.64,0.339437
1.641,0.339611
1.642,0.339773
1.643,0.339924
1.644,0.340062
1.645,0.340188
1.646,0.340299
1.647,0.340395
1.648,0.340475
1.649,0.340538
1.65,0.340584
1.651,0.340612
1.652,0.34062
1.653,0.340609
1.654,0.340578
1.655,0.340527
1.656,0.340455
1.657,0.340364
1.658,0.340252
1.659,0.340122
1.66,0.339974
1.661,0.339806
1.662,0.339622
1.663,0.33942
1.664,0.339201
1.665,0.338966
1.666,0.338714
1.667,0.338445
1.668,0.338159
1.669,0.337857
1.67,0.337537
1.671,0.337201
1.672,0.336849
1.673,0.336481
1.674,0.336097
1.675,0.335699
1.676,0.335287
1.677,0.334864
1.678,0.33443
1.679,0.333986
1.68,0.333535
1.681,0.333078
1.682,0.332617
1.683,0.332154
1.684,0.33169
1.685,0.331227
1.686,0.330767
1.687,0.330311
1.688,0.32986
1.689,0.329417
1.69,0.328982
1.691,0.328556
1.692,0.32814
1.693,0.327735
1.694,0.327342
1.695,0.326959
1.696,0.326588
1.697,0.326227
1.698,0.325877
1.699,0.325535
1.7,0.325202
1.701,0.324877
1.702,0.324557
1.703,0.324241
1.704,0.323927
1.705,0.323613
1.706,0.323297
1.707,0.322976
1.708,0.32265
1.709,0.322316
1.71,0.321974
1.711,0.321625
1.712,0.321269
1.713,0.320907
1.714,0.320544
1.715,0.32018
1.716,0.319822
1.717,0.319473
1.718,0.319137
1.719,0.318819
1.72,0.318522
1.721,0.318252
1.722,0.318011
1.723,0.317803
1.724,0.317631
1.725,0.317496
1.726,0.317401
1.727,0.317347
1.728,0.317333
1.729,0.31736
1.73,0.317428
1.731,0.317533
1.732,0.317672
1.733,0.317841
1.734,0.318036
1.735,0.31825
1.736,0.318478
1.737,0.318712
1.738,0.318947
1.739,0.319177
1.74,0.319398
1.741,0.319604
1.742,0.319793
1.743,0.319964
1.744,0.320114
1.745,0.320243
1.746,0.320351
1.747,0.32044
1.748,0.32051
1.749,0.320563
1.75,0.3206
1.751,0.320623
1.752,0.320635
1.753,0.320635
1.754,0.320628
1.755,0.320614
1.756,0.320596
1.757,0.320577
1.758,0.32056
1.759,0.320546
1.76,0.32054
1.761,0.320542
1.762,0.320556
1.763,0.320583
1.764,0.320626
1.765,0.320683
1.766,0.320757
1.767,0.320846
1.768,0.320949
1.769,0.321065
1.77,0.321193
1.771,0.32133
1.772,0.321474
1.773,0.321623
1.774,0.321773
1.775,0.321924
1.776,0.322073
1.777,0.322219
1.778,0.322362
1.779,0.3225
1.78,0.322633
1.781,0.322762
1.782,0.322886
1.783,0.323007
1.784,0.323125
1.785,0.323239
1.786,0.32335
1.787,0.323457
1.788,0.323566
1.789,0.323678
1.79,0.323799
1.791,0.323924
1.792,0.324054
1.793,0.324186
1.794,0.32432
1.795,0.324457
1.796,0.324592
1.797,0.324713
1.798,0.324802
1.799,0.324847
1.8,0.324854
1.801,0.32483
1.802,0.324784
1.803,0.324733
1.804,0.324694
1.805,0.324683
1.806,0.324705
1.807,0.324764
1.808,0.32486
1.809,0.324984
1.81,0.325123
1.811,0.325268
1.812,0.325413
1.813,0.325558
1.814,0.325701
1.815,0.325843
1.816,0.325984
1.817,0.326126
1.818,0.32627
1.819,0.326417
1.82,0.326571
1.821,0.326732
1.822,0.326902
1.823,0.327082
1.824,0.327272
1.825,0.327472
1.826,0.327683
1.827,0.327902
1.828,0.328127
1.829,0.328355
1.83,0.328588
1.831,0.328824
1.832,0.329064
1.833,0.329306
1.834,0.329551
1.835,0.329794
1.836,0.330036
1.837,0.330276
1.838,0.330512
1.839,0.330745
1.84,0.330973
1.841,0.331197
1.842,0.331413
1.843,0.331621
1.844,0.331818
1.845,0.332002
1.846,0.33217
1.847,0.332323
1.848,0.332457
1.849,0.332571
1.85,0.332661
1.851,0.332727
1.852,0.33277
1.853,0.332789
1.854,0.332784
1.855,0.332754
1.856,0.332699
1.857,0.332619
1.858,0.332513
1.859,0.332378
1.86,0.332216
1.861,0.332026
1.862,0.331809
1.863,0.331563
1.864,0.331286
1.865,0.330974
1.866,0.330623
1.867,0.330223
1.868,0.329766
1.869,0.329248
1.87,0.328663
1.871,0.328007
1.872,0.327277
1.873,0.326471
1.874,0.325588
1.875,0.324622
1.876,0.323569
1.877,0.32242
1.878,0.321171
1.879,0.319819
1.88,0.318359
1.881,0.316788
1.882,0.315102
1.883,0.313297
1.884,0.311367
1.885,0.309307
1.886,0.307111
1.887,0.304777
1.888,0.30231
1.889,0.299716
1.89,0.297004
1.891,0.294193
1.892,0.291301
1.893,0.288343
1.894,0.285332
1.895,0.282279
1.896,0.279198
1.897,0.276107
1.898,0.273026
1.899,0.269975
1.9,0.266973
1.901,0.264041
1.902,0.261197
1.903,0.258449
1.904,0.255804
1.905,0.25327
1.906,0.250855
1.907,0.248569
1.908,0.246419
1.909,0.244409
1.91,0.242542
1.911,0.240819
1.912,0.239237
1.913,0.237788
1.914,0.23647
1.915,0.23528
1.916,0.234214
1.917,0.233272
1.918,0.23245
1.919,0.231744
1.92,0.231149
1.921,0.230662
1.922,0.230279
1.923,0.229995
1.924,0.229805
1.925,0.229707
1.926,0.229694
1.927,0.229762
1.928,0.229903
1.929,0.230111
1.93,0.230385
1.931,0.230721
1.932,0.231117
1.933,0.231573
1.934,0.232085
1.935,0.232651
1.936,0.233266
1.937,0.233923
1.938,0.234617
1.939,0.235343
1.94,0.236096
1.941,0.23687
1.942,0.237663
1.943,0.238472
1.944,0.239293
1.945,0.240124
1.946,0.240963
1.947,0.241805
1.948,0.242652
1.949,0.243504
1.95,0.244363
1.951,0.245224
1.952,0.246084
1.953,0.246938
1.954,0.247784
1.955,0.248619
1.956,0.249441
1.957,0.25025
1.958,0.251049
1.959,0.251838
1.96,0.252619
1.961,0.253395
1.962,0.254167
1.963,0.254936
1.964,0.255701
1.965,0.256461
1.966,0.257216
1.967,0.257964
1.968,0.258704
1.969,0.259434
1.97,0.260156
1.971,0.260868
1.972,0.261571
1.973,0.262265
1.974,0.26295
1.975,0.263629
1.976,0.2643
1.977,0.264966
1.978,0.265628
1.979,0.266289
1.98,0.266953
1.981,0.267616
1.982,0.268271
1.983,0.268913
1.984,0.269538
1.985,0.270148
1.986,0.270744
1.987,0.271324
1.988,0.271886
1.989,0.272425
1.99,0.27294
1.991,0.273429
1.992,0.27389
1.993,0.274324
1.994,0.27473
1.995,0.27511
1.996,0.275463
1.997,0.275787
1.998,0.276079
1.999,0.276341
2,0.276576
2.001,0.276786
2.002,0.276967
2.003,0.277115
2.004,0.277223
2.005,0.277287
2.006,0.277302
2.007,0.277264
2.008,0.277176
2.009,0.277044
2.01,0.27687
2.011,0.276658
2.012,0.276406
2.013,0.276113
2.014,0.275777
2.015,0.275394
2.016,0.274963
2.017,0.274483
2.018,0.273958
2.019,0.273392
2.02,0.272788
2.021,0.272146
2.022,0.271469
2.023,0.270758
2.024,0.270012
2.025,0.26923
2.026,0.268413
2.027,0.26756
2.028,0.266671
2.029,0.265751
2.03,0.264807
2.031,0.263844
2.032,0.262867
2.033,0.261878
2.034,0.260878
2.035,0.259869
2.036,0.258855
2.037,0.257838
2.038,0.256818
2.039,0.255793
2.04,0.25476
2.041,0.253727
2.042,0.252699
2.043,0.251685
2.044,0.250687
2.045,0.249702
2.046,0.248729
2.047,0.247766
2.048,0.246814
2.049,0.245872
2.05,0.244944
2.051,0.244039
2.052,0.243162
2.053,0.242315
2.054,0.241493
2.055,0.240693
2.056,0.239917
2.057,0.239164
2.058,0.238438
2.059,0.237739
2.06,0.237066
2.061,0.236419
2.062,0.235797
2.063,0.235201
2.064,0.234629
2.065,0.234078
2.066,0.233542
2.067,0.233018
2.068,0.232504
2.069,0.232006
2.07,0.231527
2.071,0.23107
2.072,0.230639
2.073,0.230237
2.074,0.229862
2.075,0.229509
2.076,0.229173
2.077,0.228853
2.078,0.228552
2.079,0.22827
2.08,0.228008
2.081,0.227764
2.082,0.227534
2.083,0.22732
2.084,0.227123
2.085,0.226943
2.086,0.22678
2.087,0.226632
2.088,0.226497
2.089,0.226372
2.09,0.226257
2.091,0.226149
2.092,0.226051
2.093,0.225969
2.094,0.225906
2.095,0.225859
2.096,0.22582
2.097,0.225784
2.098,0.22575
2.099,0.225727
2.1,0.225719
2.101,0.225728
2.102,0.22575
2.103,0.225784
2.104,0.225828
2.105,0.225887
2.106,0.225962
2.107,0.226053
2.108,0.226157
2.109,0.22627
2.11,0.226394
2.111,0.226527
2.112,0.226672
2.113,0.226828
2.114,0.226995
2.115,0.227174
2.116,0.227366
2.117,0.227573
2.118,0.227796
2.119,0.228033
2.12,0.228275
2.121,0.228516
2.122,0.228755
2.123,0.228998
2.124,0.229246
2.125,0.229504
2.126,0.229771
2.127,0.230049
2.128,0.230333
2.129,0.230616
2.13,0.230893
2.131,0.231164
2.132,0.231435
2.133,0.231714
2.134,0.232001
2.135,0.232294
2.136,0.232593
2.137,0.232898
2.138,0.233208
2.139,0.233523
2.14,0.233841
2.141,0.23416
2.142,0.234476
2.143,0.234791
2.144,0.23511
2.145,0.235437
2.146,0.23577
2.147,0.236104
2.148,0.236435
2.149,0.236758
2.15,0.23707
2.151,0.237366
2.152,0.237649
2.153,0.237922
2.154,0.238192
2.155,0.23846
2.156,0.238727
2.157,0.238995
2.158,0.239263
2.159,0.239529
2.16,0.23979
2.161,0.24005
2.162,0.240313
2.163,0.240583
2.164,0.24086
2.165,0.241143
2.166,0.241432
2.167,0.241725
2.168,0.242018
2.169,0.24231
2.17,0.242598
2.171,0.242881
2.172,0.243158
2.173,0.243428
2.174,0.243692
2.175,0.243952
2.176,0.244214
2.177,0.244486
2.178,0.244777
2.179,0.245078
2.18,0.245376
2.181,0.245656
2.182,0.245919
2.183,0.246172
2.184,0.246424
2.185,0.24668
2.186,0.246942
2.187,0.247214
2.188,0.24749
2.189,0.247763
2.19,0.248025
2.191,0.248275
2.192,0.248518
2.193,0.248755
2.194,0.248986
2.195,0.24921
2.196,0.249424
2.197,0.249632
2.198,0.249839
2.199,0.250048
2.2,0.250259
2.201,0.250463
2.202,0.250658
2.203,0.250843
2.204,0.251019
2.205,0.25119
2.206,0.251351
2.207,0.251496
2.208,0.251618
2.209,0.251715
2.21,0.251785
2.211,0.251826
2.212,0.251841
2.213,0.251832
2.214,0.251801
2.215,0.251747
2.216,0.251669
2.217,0.251564
2.218,0.251433
2.219,0.251275
2.22,0.251089
2.221,0.250869
2.222,0.250609
2.223,0.250303
2.224,0.249952
2.225,0.249561
2.226,0.249133
2.227,0.248663
2.228,0.248147
2.229,0.247582
2.23,0.246965
2.231,0.246296
2.232,0.245574
2.233,0.244799
2.234,0.243974
2.235,0.243099
2.236,0.242177
2.237,0.241211
2.238,0.240204
2.239,0.23916
2.24,0.238081
2.241,0.236971
2.242,0.235836
2.243,0.234683
2.244,0.233517
2.245,0.232342
2.246,0.231161
2.247,0.22998
2.248,0.228804
2.249,0.227641
2.25,0.226498
2.251,0.225379
2.252,0.22429
2.253,0.223235
2.254,0.22221
2.255,0.221215
2.256,0.220249
2.257,0.219312
2.258,0.218404
2.259,0.217523
2.26,0.216668
2.261,0.215835
2.262,0.215023
2.263,0.214234
2.264,0.213474
2.265,0.212743
2.266,0.212042
2.267,0.211375
2.268,0.210741
2.269,0.210142
2.27,0.209581
2.271,0.209059
2.272,0.20858
2.273,0.208149
2.274,0.207767
2.275,0.207429
2.276,0.207133
2.277,0.206875
2.278,0.206648
2.279,0.206448
2.28,0.20627
2.281,0.20611
2.282,0.205965
2.283,0.205827
2.284,0.205685
2.285,0.205526
2.286,0.205346
2.287,0.205142
2.288,0.204913
2.289,0.204657
2.29,0.204377
2.291,0.204073
2.292,0.203744
2.293,0.203384
2.294,0.202992
2.295,0.202569
2.296,0.202122
2.297,0.201655
2.298,0.201173
2.299,0.200679
2.3,0.200173
2.301,0.199659
2.302,0.199137
2.303,0.198609
2.304,0.198083
2.305,0.197565
2.306,0.197067
2.307,0.196597
2.308,0.196161
2.309,0.195768
2.31,0.195426
2.311,0.195142
2.312,0.194924
2.313,0.194775
2.314,0.194693
2.315,0.194677
2.316,0.194718
2.317,0.194803
2.318,0.194918
2.319,0.195047
2.32,0.195178
2.321,0.195296
2.322,0.195392
2.323,0.195461
2.324,0.195497
2.325,0.1955
2.326,0.195472
2.327,0.195416
2.328,0.195339
2.329,0.195252
2.33,0.19516
2.331,0.19507
2.332,0.194985
2.333,0.194906
2.334,0.194829
2.335,0.194748
2.336,0.19466
2.337,0.194564
2.338,0.194461
2.339,0.194355
2.34,0.194249
2.341,0.194146
2.342,0.194051
2.343,0.193965
2.344,0.193888
2.345,0.193823
2.346,0.193771
2.347,0.193734
2.348,0.193716
2.349,0.193723
2.35,0.19376
2.351,0.193833
2.352,0.193944
2.353,0.194094
2.354,0.194281
2.355,0.194497
2.356,0.194731
2.357,0.194972
2.358,0.195219
2.359,0.195468
2.36,0.195718
2.361,0.195964
2.362,0.1962
2.363,0.196419
2.364,0.196616
2.365,0.196786
2.366,0.196923
2.367,0.197034
2.368,0.197126
2.369,0.197208
2.37,0.197282
2.371,0.197351
2.372,0.197417
2.373,0.197479
2.374,0.197534
2.375,0.19758
2.376,0.197615
2.377,0.197636
2.378,0.197643
2.379,0.197644
2.38,0.197649
2.381,0.197665
2.382,0.197687
2.383,0.197707
2.384,0.19772
2.385,0.197719
2.386,0.197702
2.387,0.197664
2.388,0.197615
2.389,0.197566
2.39,0.197525
2.391,0.197494
2.392,0.197473
2.393,0.197462
2.394,0.197455
2.395,0.197445
2.396,0.197427
2.397,0.197393
2.398,0.197339
2.399,0.197259
2.4,0.197153
2.401,0.197019
2.402,0.196857
2.403,0.196669
2.404,0.196457
2.405,0.196225
2.406,0.195979
2.407,0.19573
2.408,0.195482
2.409,0.195229
2.41,0.194962
2.411,0.194672
2.412,0.194357
2.413,0.194019
2.414,0.193658
2.415,0.193282
2.416,0.192903
2.417,0.192525
2.418,0.192142
2.419,0.191745
2.42,0.191325
2.421,0.190879
2.422,0.190406
2.423,0.189905
2.424,0.189376
2.425,0.188823
2.426,0.188248
2.427,0.187647
2.428,0.187021
2.429,0.186368
2.43,0.185697
2.431,0.185016
2.432,0.184332
2.433,0.183644
2.434,0.18295
2.435,0.182248
2.436,0.181546
2.437,0.180854
2.438,0.180178
2.439,0.179512
2.44,0.178846
2.441,0.178173
2.442,0.177485
2.443,0.176777
2.444,0.176045
2.445,0.175299
2.446,0.174551
2.447,0.173811
2.448,0.173079
2.449,0.172354
2.45,0.171633
2.451,0.170907
2.452,0.170165
2.453,0.1694
2.454,0.168622
2.455,0.167842
2.456,0.167076
2.457,0.16634
2.458,0.16565
2.459,0.165016
2.46,0.164411
2.461,0.1638
2.462,0.163157
2.463,0.162486
2.464,0.161796
2.465,0.1611
2.466,0.160415
2.467,0.15976
2.468,0.159146
2.469,0.158566
2.47,0.158004
2.471,0.157449
2.472,0.156897
2.473,0.156349
2.474,0.155804
2.475,0.15527
2.476,0.154753
2.477,0.15426
2.478,0.153783
2.479,0.153313
2.48,0.152842
2.481,0.152367
2.482,0.151885
2.483,0.1514
2.484,0.150937
2.485,0.150523
2.486,0.150184
2.487,0.149922
2.488,0.149735
2.489,0.149617
2.49,0.149554
2.491,0.149527
2.492,0.149525
2.493,0.149558
2.494,0.149647
2.495,0.149798
2.496,0.14998
2.497,0.150148
2.498,0.150271
2.499,0.150356
2.5,0.150423
