# Spectral emissivity of painted composite, 5.024-14.01 um.
#
# source: MODELLED, MEASURED SHAPE. eps = 1 - s R(lambda), R the measured reflectance of ECOSTRESS sample 1247 'Gloss Black Paint' (manmade.generalconstructionmaterial.paint.solid.tir.1247.jpl.nicolet.spectrum.txt), Hemispherical reflectance.
#   s = 1.192173 holds the LWIR nominal-band average at the authored 0.92 (configs/materials/painted_composite.yaml): the SHAPE is the sample's, the LEVEL the library's.
#   Reproduced from the ECOSTRESS Spectral Library through the courtesy of the Jet Propulsion Laboratory, California Institute of Technology, Pasadena, California. Copyright (c) 2017, California Institute of Technology. ALL RIGHTS RESERVED.
#   Cite: Meerdink, S. K., Hook, S. J., Roberts, D. A., & Abbott, E. A. (2019), The ECOSTRESS spectral library version 1.0, Remote Sensing of Environment 230, 111196; Baldridge, A. M., Hook, S. J., Grove, C. I., & Rivera, G. (2009), The ASTER spectral library version 2.0, Remote Sensing of Environment 113, 711-715.
#   Sample: Glossy black spray enamel paintCollected by JPL Original ASTER Spectral Library name was jpl.nicolet.manmade.construction.paint.solid.1247.spectrum.txt
#   Used here as: CLASS PROXY: gloss spray enamel for a painted fairing.
#   Written by scripts/import_ecostress.py (roadmap XD.14, ADR 0179); edit the script.
# Columns: wavelength in MICROMETRES, emissivity.
5.0241,0.940197026
5.0289,0.939816723
5.0338,0.939958591
5.0387,0.939379195
5.0436,0.939560406
5.0485,0.940263788
5.0534,0.939881100
5.0584,0.938992931
5.0633,0.938606667
5.0683,0.939190832
5.0732,0.939375619
5.0782,0.940042044
5.0832,0.940076617
5.0882,0.938584016
5.0932,0.938115492
5.0982,0.938828411
5.1032,0.939382772
5.1082,0.940431884
5.1132,0.941291441
5.1183,0.940349624
5.1234,0.938784301
5.1284,0.938595938
5.1335,0.938210866
5.1386,0.937672004
5.1437,0.937583783
5.1488,0.937834139
5.1539,0.938079727
5.159,0.937961702
5.1642,0.937720883
5.1693,0.937692271
5.1745,0.937836523
5.1796,0.937935474
5.1848,0.938184638
5.19,0.937258320
5.1952,0.936891130
5.2004,0.937165330
5.2057,0.937921168
5.2109,0.938126222
5.2161,0.936562091
5.2214,0.936008922
5.2267,0.936230666
5.2319,0.935961235
5.2372,0.935698957
5.2425,0.935383031
5.2478,0.936543016
5.2531,0.937309583
5.2584,0.937941435
5.2638,0.937724459
5.2691,0.936553745
5.2745,0.935646502
5.2799,0.935597623
5.2852,0.935847979
5.2907,0.936744493
5.2961,0.936985312
5.3015,0.935900435
5.3069,0.935585701
5.3123,0.936774297
5.3178,0.937835331
5.3232,0.938249015
5.3287,0.937776915
5.3342,0.936743301
5.3397,0.937147447
5.3452,0.937600473
5.3507,0.937182021
5.3562,0.937252359
5.3618,0.937877057
5.3673,0.938448108
5.3729,0.938436187
5.3785,0.938327699
5.384,0.938216827
5.3896,0.939022736
5.3952,0.939600940
5.4009,0.939314818
5.4065,0.938758073
5.4121,0.938882059
5.4178,0.938932130
5.4235,0.938618589
5.4291,0.938779532
5.4348,0.939320779
5.4405,0.939984819
5.4463,0.939485299
5.452,0.938733038
5.4577,0.939248056
5.4635,0.939200369
5.4692,0.939118109
5.475,0.939748769
5.4808,0.940069464
5.4866,0.939714196
5.4924,0.939083536
5.4982,0.939352968
5.5041,0.938550635
5.5099,0.938090456
5.5158,0.938358695
5.5217,0.939013198
5.5275,0.939602132
5.5334,0.938965511
5.5393,0.938240670
5.5453,0.938303855
5.5512,0.938340813
5.5572,0.938337236
5.5631,0.938491026
5.5691,0.938548251
5.5751,0.938972664
5.5811,0.938761650
5.5871,0.937650545
5.5931,0.937586167
5.5992,0.938822451
5.6052,0.939109764
5.6113,0.939021543
5.6174,0.939069230
5.6235,0.939255209
5.6296,0.940022969
5.6357,0.940150531
5.6418,0.941353434
5.648,0.942557529
5.6541,0.943775929
5.6603,0.944550842
5.6665,0.945062284
5.6727,0.946699138
5.6789,0.948933270
5.6851,0.949946617
5.6914,0.951354573
5.6976,0.953188135
5.7039,0.954011927
5.7102,0.955392463
5.7165,0.955164758
5.7228,0.954786839
5.7291,0.955057462
5.7354,0.953876019
5.7418,0.951676460
5.7481,0.949592541
5.7545,0.947567039
5.7609,0.945368672
5.7673,0.942791194
5.7738,0.940881333
5.7802,0.939708235
5.7866,0.939170565
5.7931,0.938923785
5.7996,0.938032040
5.8061,0.936945970
5.8126,0.936950739
5.8191,0.936335578
5.8257,0.937032999
5.8322,0.936681308
5.8388,0.936301005
5.8454,0.937005579
5.852,0.937028230
5.8586,0.936489368
5.8652,0.936236627
5.8718,0.936157944
5.8785,0.935527284
5.8852,0.935982694
5.8919,0.935966004
5.8986,0.935781217
5.9053,0.935787178
5.912,0.935113600
5.9188,0.934643884
5.9255,0.933902353
5.9323,0.933994150
5.9391,0.934118136
5.9459,0.933700875
5.9527,0.934035876
5.9596,0.935640541
5.9664,0.935508210
5.9733,0.935650078
5.9802,0.936100720
5.9871,0.934926429
5.994,0.934815557
6.001,0.934864436
6.0079,0.935014650
6.0149,0.935629811
6.0219,0.935657231
6.0289,0.935219704
6.0359,0.935449793
6.0429,0.935884936
6.05,0.936707536
6.0571,0.936461948
6.0641,0.935352035
6.0712,0.934569969
6.0784,0.935088565
6.0855,0.935504633
6.0926,0.935411644
6.0998,0.935392569
6.107,0.936210400
6.1142,0.936303389
6.1214,0.935492711
6.1286,0.935287658
6.1359,0.935948121
6.1432,0.936452411
6.1505,0.936395186
6.1578,0.934374453
6.1651,0.933481516
6.1724,0.934432870
6.1798,0.934412603
6.1871,0.933708028
6.1945,0.934397104
6.202,0.934804828
6.2094,0.935870630
6.2168,0.938836757
6.2243,0.940559447
6.2318,0.940033698
6.2393,0.939022736
6.2468,0.937636238
6.2543,0.937013924
6.2619,0.936198478
6.2694,0.934761909
6.277,0.933530395
6.2847,0.933697299
6.2923,0.934463866
6.2999,0.935217319
6.3076,0.935914741
6.3153,0.935775256
6.323,0.935384224
6.3307,0.934925237
6.3384,0.933890431
6.3462,0.932892582
6.354,0.931752865
6.3618,0.930332987
6.3696,0.929471046
6.3774,0.929915726
6.3853,0.931161547
6.3931,0.930827738
6.401,0.930417631
6.4089,0.930726404
6.4169,0.931161547
6.4248,0.930645336
6.4328,0.930219730
6.4408,0.930642952
6.4488,0.931385675
6.4568,0.932819860
6.4649,0.932729254
6.4729,0.932858009
6.481,0.934244506
6.4892,0.933892815
6.4973,0.934209933
6.5054,0.935923086
6.5136,0.935961235
6.5218,0.935185131
6.53,0.935892089
6.5382,0.937406149
6.5465,0.937078301
6.5548,0.936589511
6.5631,0.937625509
6.5714,0.938952397
6.5797,0.940473610
6.5881,0.942536069
6.5965,0.944574685
6.6049,0.945008636
6.6133,0.943791428
6.6217,0.941935214
6.6302,0.940082577
6.6387,0.939299320
6.6472,0.939147914
6.6558,0.938673429
6.6643,0.938957166
6.6729,0.939158643
6.6815,0.939682007
6.6901,0.940858682
6.6988,0.942483614
6.7074,0.943488616
6.7161,0.943561338
6.7248,0.942639788
6.7336,0.940934981
6.7423,0.940383005
6.7511,0.940940942
6.7599,0.941970979
6.7687,0.942772120
6.7776,0.942801924
6.7864,0.942199877
6.7953,0.943761623
6.8042,0.945957606
6.8132,0.945392516
6.8221,0.944754703
6.8311,0.944330290
6.8402,0.943438544
6.8492,0.941876798
6.8582,0.940625016
6.8673,0.940058734
6.8764,0.941267597
6.8856,0.941824342
6.8947,0.941756388
6.9039,0.942034165
6.9131,0.941589484
6.9223,0.940983860
6.9316,0.939879908
6.9409,0.939166989
6.9502,0.938789070
6.9595,0.937451452
6.9689,0.936417838
6.9782,0.936007730
6.9877,0.935263814
6.9971,0.935183939
7.0065,0.935114793
7.016,0.934637923
7.0255,0.934553279
7.0351,0.935006305
7.0446,0.935692996
7.0542,0.935801484
7.0638,0.936002961
7.0734,0.936429759
7.0831,0.936422606
7.0928,0.936793372
7.1025,0.936991273
7.1123,0.937357270
7.122,0.938200136
7.1318,0.938525599
7.1416,0.938330083
7.1515,0.939176526
7.1614,0.940093307
7.1713,0.941019625
7.1812,0.941632402
7.1912,0.941833880
7.2012,0.942584949
7.2112,0.943305021
7.2212,0.943401587
7.2313,0.943359861
7.2414,0.943512459
7.2515,0.943370591
7.2617,0.942608792
7.2718,0.941769502
7.2821,0.941569217
7.2923,0.941899449
7.3026,0.941832687
7.3129,0.941717047
7.3232,0.941731353
7.3336,0.941764734
7.344,0.942295250
7.3544,0.943623331
7.3648,0.943823616
7.3753,0.943438544
7.3858,0.943887994
7.3963,0.943489808
7.4069,0.942735162
7.4175,0.942850803
7.4281,0.943008170
7.4388,0.943053473
7.4495,0.942958099
7.4602,0.942398970
7.4709,0.941944752
7.4817,0.941924485
7.4925,0.941316476
7.5034,0.941506032
7.5142,0.942152190
7.5252,0.942242795
7.5361,0.941757580
7.5471,0.941820766
7.5581,0.943154807
7.5691,0.943679363
7.5802,0.944497194
7.5913,0.945013405
7.6024,0.945444972
7.6136,0.945471199
7.6248,0.946008869
7.636,0.947586114
7.6472,0.948008143
7.6585,0.947569424
7.6699,0.946777821
7.6812,0.946631184
7.6926,0.947356025
7.7041,0.948237041
7.7155,0.947590883
7.727,0.946387980
7.7386,0.945467623
7.7501,0.943979791
7.7617,0.943201302
7.7734,0.942879415
7.785,0.942549183
7.7967,0.942265446
7.8085,0.940967170
7.8203,0.939672470
7.8321,0.939429267
7.8439,0.939403039
7.8558,0.939258786
7.8677,0.937623125
7.8797,0.936134100
7.8917,0.935713263
7.9037,0.934615272
7.9158,0.934193243
7.9279,0.934896625
7.94,0.934732105
7.9522,0.933041604
7.9644,0.932145090
7.9767,0.932066406
7.989,0.932233310
8.0013,0.932159396
8.0137,0.932377563
8.0261,0.931677758
8.0385,0.932432403
8.051,0.932717333
8.0635,0.930840852
8.0761,0.929113394
8.0887,0.930298414
8.1013,0.932444325
8.114,0.932893774
8.1267,0.930951724
8.1395,0.929319640
8.1523,0.928704478
8.1651,0.928978678
8.178,0.928550688
8.1909,0.928579300
8.2038,0.929697558
8.2169,0.930359214
8.2299,0.930439090
8.243,0.931935267
8.2561,0.934492478
8.2693,0.934248083
8.2825,0.933454096
8.2957,0.934201588
8.309,0.934320805
8.3224,0.935423565
8.3357,0.937450259
8.3492,0.938345581
8.3626,0.937739957
8.3761,0.938280012
8.3897,0.939344622
8.4033,0.938055883
8.4169,0.937437146
8.4306,0.937871097
8.4444,0.938530368
8.4581,0.938886828
8.4719,0.938033232
8.4858,0.937959317
8.4997,0.939064462
8.5137,0.939279053
8.5277,0.939363697
8.5417,0.939059693
8.5558,0.936992465
8.57,0.936653888
8.5842,0.939183679
8.5984,0.940429500
8.6127,0.938685351
8.627,0.937104529
8.6414,0.936560898
8.6558,0.936655080
8.6703,0.938057075
8.6848,0.939841758
8.6994,0.941129305
8.714,0.940884910
8.7287,0.939058501
8.7434,0.939609285
8.7582,0.938787878
8.773,0.937778107
8.7879,0.936585934
8.8028,0.935383031
8.8177,0.936374919
8.8328,0.937881826
8.8478,0.937552786
8.863,0.937002002
8.8781,0.936157944
8.8934,0.934052566
8.9086,0.933944079
8.924,0.933516089
8.9394,0.933718758
8.9548,0.934053759
8.9703,0.932581425
8.9858,0.929857310
9.0015,0.928417165
9.0171,0.928437432
9.0328,0.927946256
9.0486,0.927157038
9.0644,0.927325134
9.0803,0.927221415
9.0962,0.927701861
9.1122,0.927697092
9.1282,0.926148459
9.1443,0.925094579
9.1605,0.926559759
9.1767,0.927520651
9.193,0.928375439
9.2093,0.930058787
9.2257,0.932022296
9.2421,0.934081179
9.2586,0.933539932
9.2752,0.933060678
9.2918,0.932373987
9.3085,0.931476281
9.3252,0.932058061
9.342,0.931367793
9.3589,0.930714482
9.3758,0.929310102
9.3928,0.927124849
9.4099,0.926249794
9.427,0.926053086
9.4441,0.925442693
9.4614,0.925577409
9.4787,0.924417424
9.496,0.925001589
9.5135,0.926187801
9.5309,0.925296056
9.5485,0.927004440
9.5661,0.929187308
9.5838,0.929308910
9.6015,0.929072860
9.6194,0.928617450
9.6372,0.927261949
9.6552,0.924589097
9.6732,0.924803688
9.6913,0.924998012
9.7094,0.924014470
9.7276,0.923535216
9.7459,0.925071927
9.7643,0.926017320
9.7827,0.926984173
9.8012,0.927693516
9.8198,0.927717359
9.8384,0.925881413
9.8571,0.924722621
9.8759,0.925950559
9.8947,0.928023748
9.9136,0.928603144
9.9326,0.927872342
9.9517,0.929255262
9.9708,0.930875425
9.9901,0.930690639
10.0093,0.930398556
10.0287,0.930541617
10.0481,0.930496314
10.0676,0.930147008
10.0872,0.929090742
10.1069,0.928168000
10.1266,0.929323216
10.1464,0.928691364
10.1663,0.928609105
10.1863,0.929035902
10.2064,0.929635565
10.2265,0.929732131
10.2467,0.929214728
10.267,0.928829657
10.2874,0.928077395
10.3078,0.927496807
10.3284,0.927849690
10.349,0.926516841
10.3697,0.924540218
10.3904,0.923932210
10.4113,0.922147527
10.4323,0.919624889
10.4533,0.918257466
10.4744,0.917719796
10.4956,0.915535735
10.5169,0.913313525
10.5383,0.910913681
10.5597,0.908551986
10.5813,0.907479030
10.6029,0.905780184
10.6247,0.904304274
10.6465,0.902461174
10.6684,0.900918502
10.6904,0.899918269
10.7125,0.898968107
10.7346,0.898165775
10.7569,0.897649564
10.7793,0.896799545
10.8017,0.896880612
10.8243,0.896959296
10.8469,0.895280716
10.8697,0.895393973
10.8925,0.896214188
10.9154,0.895976945
10.9385,0.895831500
10.9616,0.896445469
10.9848,0.897728247
11.0081,0.898649797
11.0316,0.898716559
11.0551,0.898563961
11.0787,0.899396097
11.1024,0.902625694
11.1263,0.904456872
11.1502,0.903367226
11.1742,0.904058686
11.1983,0.906339313
11.2226,0.907029581
11.2469,0.905974508
11.2714,0.906692196
11.2959,0.908610402
11.3206,0.910323555
11.3454,0.910249640
11.3702,0.911178343
11.3952,0.909294710
11.4203,0.905653813
11.4455,0.905002887
11.4709,0.904481907
11.4963,0.904779951
11.5219,0.906341697
11.5475,0.907704351
11.5733,0.908851221
11.5992,0.907821184
11.6252,0.907492144
11.6513,0.906921093
11.6776,0.906469260
11.7039,0.906925862
11.7304,0.908004779
11.757,0.908714122
11.7837,0.908634246
11.8106,0.907219137
11.8375,0.906004312
11.8646,0.905746803
11.8918,0.904669079
11.9192,0.904276854
11.9466,0.904753723
11.9742,0.903128791
12.0019,0.901365567
12.0298,0.902173860
12.0578,0.904233935
12.0859,0.907309742
12.1141,0.911128272
12.1425,0.915880273
12.171,0.920874286
12.1996,0.923960822
12.2284,0.926463193
12.2573,0.929009675
12.2863,0.926634866
12.3155,0.921222401
12.3448,0.916990186
12.3743,0.911490692
12.4039,0.906381039
12.4337,0.905421340
12.4635,0.906022195
12.4936,0.904189825
12.5238,0.902657883
12.5541,0.904776374
12.5845,0.908736773
12.6152,0.912725784
12.6459,0.918489940
12.6769,0.922645855
12.7079,0.925331821
12.7391,0.926688514
12.7705,0.927162999
12.8021,0.926079313
12.8337,0.920828984
12.8656,0.915137550
12.8976,0.906507409
12.9298,0.900601384
12.9621,0.899527236
12.9946,0.896389437
13.0272,0.892677010
13.06,0.890475067
13.093,0.889584514
13.1262,0.891259517
13.1595,0.892888025
13.193,0.893419734
13.2266,0.894811000
13.2604,0.899317414
13.2944,0.906252284
13.3286,0.912771086
13.363,0.916595577
13.3975,0.919156365
13.4322,0.918110829
13.4671,0.915144703
13.5022,0.916025719
13.5374,0.913574611
13.5729,0.907992857
13.6085,0.904058686
13.6443,0.900930424
13.6803,0.898031059
13.7165,0.897612607
13.7529,0.899757326
13.7895,0.899015794
13.8262,0.896658868
13.8632,0.894350821
13.9004,0.892725890
13.9377,0.894257832
13.9753,0.899405635
14.0131,0.907334777
